2026-04-25 19:27:11.612.612 - INFO - hitokoto_local - 成功加载 4490 条一言数据，文件数: 7
2026-04-25 19:27:11.760.760 - INFO - __main__ - 🔧 服务器启动中... 监听端口: 8080 | 群组: ['733890551', '967883781']|环境：production
INFO:     Started server process [13338]
INFO:     Waiting for application startup.
2026-04-25 19:27:11.817.817 - INFO - database - 🔧 开始初始化数据库...
2026-04-25 19:27:11.827.827 - INFO - database - ✅ 数据库初始化完成
2026-04-25 19:27:11.827.827 - INFO - __main__ - 🚀 应用启动完成
2026-04-25 19:27:11.827.827 - INFO - server_monitor - 🚀 后台监控任务已启动 (间隔：10秒)
2026-04-25 19:27:11.890.890 - INFO - server_monitor - 📦 已加载 67 个头像到内存缓存
2026-04-25 19:27:11.890.890 - INFO - server_monitor - 🔧 ServerMonitor 已初始化 | TTL: 10s | 头像校验: 120s | IP: 172.17.0.1
INFO:     Application startup complete.
INFO:     Uvicorn running on http://0.0.0.0:8080 (Press CTRL+C to quit)
2026-04-25 19:27:16.241.241 - INFO - server_monitor - 🔄 准备预下载 2 个玩家头像
2026-04-25 19:27:16.242.242 - INFO - server_monitor - 🔄 开始预下载 2 个玩家头像: ['SumiUsuba_kojin', 'wsywsy1st']
2026-04-25 19:27:16.243.243 - INFO - server_monitor - ✅ 头像预下载完成 | 总数: 2
2026-04-25 19:27:30.193.193 - INFO - server_monitor - 🔄 准备预下载 2 个玩家头像
2026-04-25 19:27:30.195.195 - INFO - server_monitor - 🔄 开始预下载 2 个玩家头像: ['SumiUsuba_kojin', 'wsywsy1st']
2026-04-25 19:27:30.195.195 - INFO - server_monitor - ✅ 头像预下载完成 | 总数: 2
2026-04-25 19:27:44.767.767 - INFO - server_monitor - 🔄 准备预下载 2 个玩家头像
2026-04-25 19:27:44.770.770 - INFO - server_monitor - 🔄 开始预下载 2 个玩家头像: ['SumiUsuba_kojin', 'wsywsy1st']
2026-04-25 19:27:44.770.770 - INFO - server_monitor - ✅ 头像预下载完成 | 总数: 2
2026-04-25 19:27:47.871.871 - INFO - message_handler - 📩 收到群消息 | group_id: 733890551 | user_id: 2079390238 | 内容：/chart 30m
2026-04-25 19:27:47.873.873 - INFO - message_handler - 🔍 收到统计图命令 | group_id: 733890551 | 内容：/chart 30m
2026-04-25 19:27:47.873.873 - INFO - message_handler - 🚀 开始任务：/chart 命令处理 (最近 30 分钟)
2026-04-25 19:27:47.873.873 - INFO - message_handler - ⏱️ [1/3] 准备数据 | 耗时：0.09ms
2026-04-25 19:27:47.880.880 - INFO - message_handler - ⏱️ [2/3] 生成图表图片 | 耗时：6.38ms
2026-04-25 19:27:48.185.185 - INFO - message_handler - ⏱️ [3/3] 发送图片到群聊 | 耗时：305.79ms
2026-04-25 19:27:48.186.186 - INFO - message_sender - 📤 准备发送群图片 | group: 733890551 | 图片大小：45937 bytes | caption: 无
2026-04-25 19:27:48.186.186 - INFO - message_sender - ✅ HTTP 连接池已初始化
2026-04-25 19:27:49.989.989 - INFO - message_sender - ✅ 群图片发送完成 | group: 733890551 | status_code: 200 | 耗时：1803.12ms
2026-04-25 19:27:49.990.990 - INFO - message_handler - 📊 任务完成：/chart 命令处理 (最近 30 分钟) | 范围：最近 30 分钟 | 数据点：127 | 总耗时：2116.72ms
2026-04-25 19:27:49.990.990 - INFO - message_handler - 📊 任务完成：/chart 命令处理 (最近 30 分钟) | 总耗时：2116.84ms
INFO:     43.163.64.47:58542 - "POST / HTTP/1.1" 200 OK
INFO:     43.163.64.47:58558 - "POST / HTTP/1.1" 200 OK
2026-04-25 19:27:56.933.933 - INFO - message_handler - 📩 收到群消息 | group_id: 733890551 | user_id: 2079390238 | 内容：[CQ:reply,id=-1373261981][CQ:at,qq=2707835027,name
INFO:     43.163.64.47:56664 - "POST / HTTP/1.1" 200 OK
2026-04-25 19:27:57.186.186 - INFO - message_handler - 📩 收到私聊消息 | user_id:  | 内容：
INFO:     43.163.64.47:56664 - "POST / HTTP/1.1" 200 OK
2026-04-25 19:27:58.426.426 - INFO - server_monitor - 🔄 准备预下载 2 个玩家头像
2026-04-25 19:27:58.429.429 - INFO - server_monitor - 🔄 开始预下载 2 个玩家头像: ['SumiUsuba_kojin', 'wsywsy1st']
2026-04-25 19:27:58.429.429 - INFO - server_monitor - ✅ 头像预下载完成 | 总数: 2
2026-04-25 19:28:12.426.426 - INFO - server_monitor - 🔄 准备预下载 2 个玩家头像
2026-04-25 19:28:12.428.428 - INFO - server_monitor - 🔄 开始预下载 2 个玩家头像: ['SumiUsuba_kojin', 'wsywsy1st']
2026-04-25 19:28:12.428.428 - INFO - server_monitor - ✅ 头像预下载完成 | 总数: 2
2026-04-25 19:28:17.510.510 - INFO - message_handler - 📩 收到群消息 | group_id: 733890551 | user_id: 2707835027 | 内容：[CQ:reply,id=-1750891089]青春不变名字叫做皇后
INFO:     43.163.64.47:59400 - "POST / HTTP/1.1" 200 OK
2026-04-25 19:28:26.579.579 - INFO - server_monitor - 🔄 准备预下载 2 个玩家头像
2026-04-25 19:28:26.581.581 - INFO - server_monitor - 🔄 开始预下载 2 个玩家头像: ['SumiUsuba_kojin', 'wsywsy1st']
2026-04-25 19:28:26.582.582 - INFO - server_monitor - ✅ 头像预下载完成 | 总数: 2
2026-04-25 19:28:35.024.024 - INFO - message_handler - 📩 收到群消息 | group_id: 733890551 | user_id: 2707835027 | 内容：每次买卖随我到处去奔走
INFO:     43.163.64.47:46860 - "POST / HTTP/1.1" 200 OK
2026-04-25 19:28:40.536.536 - INFO - server_monitor - 🔄 准备预下载 2 个玩家头像
2026-04-25 19:28:40.539.539 - INFO - server_monitor - 🔄 开始预下载 2 个玩家头像: ['SumiUsuba_kojin', 'wsywsy1st']
2026-04-25 19:28:40.539.539 - INFO - server_monitor - ✅ 头像预下载完成 | 总数: 2
2026-04-25 19:28:45.808.808 - INFO - message_handler - 📩 收到群消息 | group_id: 733890551 | user_id: 2707835027 | 内容：再说群要封了
INFO:     43.163.64.47:52470 - "POST / HTTP/1.1" 200 OK
2026-04-25 19:28:54.306.306 - INFO - server_monitor - 🔄 准备预下载 2 个玩家头像
2026-04-25 19:28:54.309.309 - INFO - server_monitor - 🔄 开始预下载 2 个玩家头像: ['SumiUsuba_kojin', 'wsywsy1st']
2026-04-25 19:28:54.309.309 - INFO - server_monitor - ✅ 头像预下载完成 | 总数: 2
2026-04-25 19:28:57.188.188 - INFO - message_handler - 📩 收到私聊消息 | user_id:  | 内容：
INFO:     43.163.64.47:58366 - "POST / HTTP/1.1" 200 OK
2026-04-25 19:29:10.933.933 - INFO - server_monitor - 🔄 准备预下载 2 个玩家头像
2026-04-25 19:29:10.935.935 - INFO - server_monitor - 🔄 开始预下载 2 个玩家头像: ['SumiUsuba_kojin', 'wsywsy1st']
2026-04-25 19:29:10.935.935 - INFO - server_monitor - ✅ 头像预下载完成 | 总数: 2
2026-04-25 19:29:24.982.982 - INFO - server_monitor - 🔄 准备预下载 2 个玩家头像
2026-04-25 19:29:24.985.985 - INFO - server_monitor - 🔄 开始预下载 2 个玩家头像: ['SumiUsuba_kojin', 'wsywsy1st']
2026-04-25 19:29:25.965.965 - INFO - server_monitor - ✅ 头像预下载完成 | 总数: 2
2026-04-25 19:29:38.841.841 - INFO - server_monitor - 🔄 准备预下载 2 个玩家头像
2026-04-25 19:29:38.843.843 - INFO - server_monitor - 🔄 开始预下载 2 个玩家头像: ['SumiUsuba_kojin', 'wsywsy1st']
2026-04-25 19:29:38.844.844 - INFO - server_monitor - ✅ 头像预下载完成 | 总数: 2
2026-04-25 19:29:52.537.537 - INFO - server_monitor - 🔄 准备预下载 2 个玩家头像
2026-04-25 19:29:52.541.541 - INFO - server_monitor - 🔄 开始预下载 2 个玩家头像: ['SumiUsuba_kojin', 'wsywsy1st']
2026-04-25 19:29:52.541.541 - INFO - server_monitor - ✅ 头像预下载完成 | 总数: 2
2026-04-25 19:29:57.188.188 - INFO - message_handler - 📩 收到私聊消息 | user_id:  | 内容：
INFO:     43.163.64.47:40198 - "POST / HTTP/1.1" 200 OK
2026-04-25 19:30:06.057.057 - INFO - server_monitor - 🔄 准备预下载 2 个玩家头像
2026-04-25 19:30:06.059.059 - INFO - server_monitor - 🔄 开始预下载 2 个玩家头像: ['SumiUsuba_kojin', 'wsywsy1st']
2026-04-25 19:30:06.059.059 - INFO - server_monitor - ✅ 头像预下载完成 | 总数: 2
2026-04-25 19:30:19.633.633 - INFO - server_monitor - 🔄 准备预下载 2 个玩家头像
2026-04-25 19:30:19.638.638 - INFO - server_monitor - 🔄 开始预下载 2 个玩家头像: ['SumiUsuba_kojin', 'wsywsy1st']
2026-04-25 19:30:19.638.638 - INFO - server_monitor - ✅ 头像预下载完成 | 总数: 2
2026-04-25 19:30:41.062.062 - INFO - server_monitor - 🔄 准备预下载 2 个玩家头像
2026-04-25 19:30:41.066.066 - INFO - server_monitor - 🔄 开始预下载 2 个玩家头像: ['SumiUsuba_kojin', 'wsywsy1st']
2026-04-25 19:30:41.067.067 - INFO - server_monitor - ✅ 头像预下载完成 | 总数: 2
INFO:     204.76.203.206:47436 - "GET / HTTP/1.1" 405 Method Not Allowed
2026-04-25 19:30:55.600.600 - INFO - server_monitor - 🔄 准备预下载 2 个玩家头像
2026-04-25 19:30:55.602.602 - INFO - server_monitor - 🔄 开始预下载 2 个玩家头像: ['SumiUsuba_kojin', 'wsywsy1st']
2026-04-25 19:30:55.603.603 - INFO - server_monitor - ✅ 头像预下载完成 | 总数: 2
2026-04-25 19:30:57.188.188 - INFO - message_handler - 📩 收到私聊消息 | user_id:  | 内容：
INFO:     43.163.64.47:59268 - "POST / HTTP/1.1" 200 OK
2026-04-25 19:31:09.422.422 - INFO - server_monitor - 🔄 准备预下载 2 个玩家头像
2026-04-25 19:31:09.425.425 - INFO - server_monitor - 🔄 开始预下载 2 个玩家头像: ['SumiUsuba_kojin', 'wsywsy1st']
2026-04-25 19:31:09.426.426 - INFO - server_monitor - ✅ 头像预下载完成 | 总数: 2
2026-04-25 19:31:23.433.433 - INFO - server_monitor - 🔄 准备预下载 2 个玩家头像
2026-04-25 19:31:23.435.435 - INFO - server_monitor - 🔄 开始预下载 2 个玩家头像: ['SumiUsuba_kojin', 'wsywsy1st']
2026-04-25 19:31:23.436.436 - INFO - server_monitor - ✅ 头像预下载完成 | 总数: 2
2026-04-25 19:31:38.009.009 - INFO - server_monitor - 🔄 准备预下载 2 个玩家头像
2026-04-25 19:31:38.011.011 - INFO - server_monitor - 🔄 开始预下载 2 个玩家头像: ['SumiUsuba_kojin', 'wsywsy1st']
2026-04-25 19:31:38.852.852 - INFO - server_monitor - ✅ 头像预下载完成 | 总数: 2
2026-04-25 19:31:52.107.107 - INFO - server_monitor - 🔄 准备预下载 2 个玩家头像
2026-04-25 19:31:52.110.110 - INFO - server_monitor - 🔄 开始预下载 2 个玩家头像: ['SumiUsuba_kojin', 'wsywsy1st']
2026-04-25 19:31:52.110.110 - INFO - server_monitor - ✅ 头像预下载完成 | 总数: 2
2026-04-25 19:31:57.188.188 - INFO - message_handler - 📩 收到私聊消息 | user_id:  | 内容：
INFO:     43.163.64.47:55346 - "POST / HTTP/1.1" 200 OK
2026-04-25 19:32:08.140.140 - INFO - server_monitor - 🔄 准备预下载 2 个玩家头像
2026-04-25 19:32:08.143.143 - INFO - server_monitor - 🔄 开始预下载 2 个玩家头像: ['SumiUsuba_kojin', 'wsywsy1st']
2026-04-25 19:32:08.143.143 - INFO - server_monitor - ✅ 头像预下载完成 | 总数: 2
2026-04-25 19:32:22.698.698 - INFO - server_monitor - 🔄 准备预下载 2 个玩家头像
2026-04-25 19:32:22.702.702 - INFO - server_monitor - 🔄 开始预下载 2 个玩家头像: ['SumiUsuba_kojin', 'wsywsy1st']
2026-04-25 19:32:22.702.702 - INFO - server_monitor - ✅ 头像预下载完成 | 总数: 2
2026-04-25 19:32:36.385.385 - INFO - server_monitor - 🔄 准备预下载 2 个玩家头像
2026-04-25 19:32:36.388.388 - INFO - server_monitor - 🔄 开始预下载 2 个玩家头像: ['SumiUsuba_kojin', 'wsywsy1st']
2026-04-25 19:32:36.388.388 - INFO - server_monitor - ✅ 头像预下载完成 | 总数: 2
2026-04-25 19:32:51.196.196 - INFO - server_monitor - 🔄 准备预下载 2 个玩家头像
2026-04-25 19:32:51.198.198 - INFO - server_monitor - 🔄 开始预下载 2 个玩家头像: ['SumiUsuba_kojin', 'wsywsy1st']
2026-04-25 19:32:51.198.198 - INFO - server_monitor - ✅ 头像预下载完成 | 总数: 2
2026-04-25 19:32:57.188.188 - INFO - message_handler - 📩 收到私聊消息 | user_id:  | 内容：
INFO:     43.163.64.47:42990 - "POST / HTTP/1.1" 200 OK
2026-04-25 19:33:04.962.962 - INFO - server_monitor - 🔄 准备预下载 2 个玩家头像
2026-04-25 19:33:04.964.964 - INFO - server_monitor - 🔄 开始预下载 2 个玩家头像: ['SumiUsuba_kojin', 'wsywsy1st']
2026-04-25 19:33:04.964.964 - INFO - server_monitor - ✅ 头像预下载完成 | 总数: 2
2026-04-25 19:33:18.723.723 - INFO - server_monitor - 🔄 准备预下载 2 个玩家头像
2026-04-25 19:33:18.728.728 - INFO - server_monitor - 🔄 开始预下载 2 个玩家头像: ['SumiUsuba_kojin', 'wsywsy1st']
2026-04-25 19:33:18.729.729 - INFO - server_monitor - ✅ 头像预下载完成 | 总数: 2
2026-04-25 19:33:33.165.165 - INFO - server_monitor - 🔄 准备预下载 2 个玩家头像
2026-04-25 19:33:33.169.169 - INFO - server_monitor - 🔄 开始预下载 2 个玩家头像: ['SumiUsuba_kojin', 'wsywsy1st']
2026-04-25 19:33:33.169.169 - INFO - server_monitor - ✅ 头像预下载完成 | 总数: 2
2026-04-25 19:33:52.945.945 - INFO - server_monitor - 🔄 准备预下载 2 个玩家头像
2026-04-25 19:33:52.947.947 - INFO - server_monitor - 🔄 开始预下载 2 个玩家头像: ['SumiUsuba_kojin', 'wsywsy1st']
2026-04-25 19:33:53.861.861 - INFO - server_monitor - ✅ 头像预下载完成 | 总数: 2
2026-04-25 19:33:57.189.189 - INFO - message_handler - 📩 收到私聊消息 | user_id:  | 内容：
INFO:     43.163.64.47:40736 - "POST / HTTP/1.1" 200 OK
2026-04-25 19:34:06.837.837 - INFO - server_monitor - 🔄 准备预下载 2 个玩家头像
2026-04-25 19:34:06.840.840 - INFO - server_monitor - 🔄 开始预下载 2 个玩家头像: ['SumiUsuba_kojin', 'wsywsy1st']
2026-04-25 19:34:06.840.840 - INFO - server_monitor - ✅ 头像预下载完成 | 总数: 2
2026-04-25 19:34:21.165.165 - INFO - server_monitor - 🔄 准备预下载 2 个玩家头像
2026-04-25 19:34:21.168.168 - INFO - server_monitor - 🔄 开始预下载 2 个玩家头像: ['SumiUsuba_kojin', 'wsywsy1st']
2026-04-25 19:34:21.169.169 - INFO - server_monitor - ✅ 头像预下载完成 | 总数: 2
2026-04-25 19:34:35.703.703 - INFO - server_monitor - 🔄 准备预下载 2 个玩家头像
2026-04-25 19:34:35.707.707 - INFO - server_monitor - 🔄 开始预下载 2 个玩家头像: ['SumiUsuba_kojin', 'wsywsy1st']
2026-04-25 19:34:35.707.707 - INFO - server_monitor - ✅ 头像预下载完成 | 总数: 2
2026-04-25 19:34:50.541.541 - INFO - server_monitor - 🔄 准备预下载 2 个玩家头像
2026-04-25 19:34:50.543.543 - INFO - server_monitor - 🔄 开始预下载 2 个玩家头像: ['SumiUsuba_kojin', 'wsywsy1st']
2026-04-25 19:34:50.544.544 - INFO - server_monitor - ✅ 头像预下载完成 | 总数: 2
2026-04-25 19:34:57.188.188 - INFO - message_handler - 📩 收到私聊消息 | user_id:  | 内容：
INFO:     43.163.64.47:36080 - "POST / HTTP/1.1" 200 OK
2026-04-25 19:35:04.402.402 - INFO - server_monitor - 🔄 准备预下载 2 个玩家头像
2026-04-25 19:35:04.405.405 - INFO - server_monitor - 🔄 开始预下载 2 个玩家头像: ['SumiUsuba_kojin', 'wsywsy1st']
2026-04-25 19:35:04.405.405 - INFO - server_monitor - ✅ 头像预下载完成 | 总数: 2
2026-04-25 19:35:21.943.943 - INFO - server_monitor - 🔄 准备预下载 2 个玩家头像
2026-04-25 19:35:21.945.945 - INFO - server_monitor - 🔄 开始预下载 2 个玩家头像: ['SumiUsuba_kojin', 'wsywsy1st']
2026-04-25 19:35:21.946.946 - INFO - server_monitor - ✅ 头像预下载完成 | 总数: 2
2026-04-25 19:35:38.004.004 - INFO - server_monitor - 🔄 准备预下载 2 个玩家头像
2026-04-25 19:35:38.007.007 - INFO - server_monitor - 🔄 开始预下载 2 个玩家头像: ['SumiUsuba_kojin', 'wsywsy1st']
2026-04-25 19:35:38.007.007 - INFO - server_monitor - ✅ 头像预下载完成 | 总数: 2
2026-04-25 19:35:52.519.519 - INFO - server_monitor - 🔄 准备预下载 2 个玩家头像
2026-04-25 19:35:52.521.521 - INFO - server_monitor - 🔄 开始预下载 2 个玩家头像: ['SumiUsuba_kojin', 'wsywsy1st']
2026-04-25 19:35:52.521.521 - INFO - server_monitor - ✅ 头像预下载完成 | 总数: 2
2026-04-25 19:35:57.189.189 - INFO - message_handler - 📩 收到私聊消息 | user_id:  | 内容：
INFO:     43.163.64.47:44036 - "POST / HTTP/1.1" 200 OK
2026-04-25 19:36:09.227.227 - INFO - server_monitor - 🔄 准备预下载 2 个玩家头像
2026-04-25 19:36:09.230.230 - INFO - server_monitor - 🔄 开始预下载 2 个玩家头像: ['SumiUsuba_kojin', 'wsywsy1st']
2026-04-25 19:36:10.149.149 - INFO - server_monitor - ✅ 头像预下载完成 | 总数: 2
2026-04-25 19:36:23.631.631 - INFO - server_monitor - 🔄 准备预下载 2 个玩家头像
2026-04-25 19:36:23.634.634 - INFO - server_monitor - 🔄 开始预下载 2 个玩家头像: ['SumiUsuba_kojin', 'wsywsy1st']
2026-04-25 19:36:23.634.634 - INFO - server_monitor - ✅ 头像预下载完成 | 总数: 2
2026-04-25 19:36:37.846.846 - INFO - server_monitor - 🔄 准备预下载 2 个玩家头像
2026-04-25 19:36:37.848.848 - INFO - server_monitor - 🔄 开始预下载 2 个玩家头像: ['SumiUsuba_kojin', 'wsywsy1st']
2026-04-25 19:36:37.848.848 - INFO - server_monitor - ✅ 头像预下载完成 | 总数: 2
2026-04-25 19:36:52.980.980 - INFO - server_monitor - 🔄 准备预下载 2 个玩家头像
2026-04-25 19:36:52.983.983 - INFO - server_monitor - 🔄 开始预下载 2 个玩家头像: ['SumiUsuba_kojin', 'wsywsy1st']
2026-04-25 19:36:52.983.983 - INFO - server_monitor - ✅ 头像预下载完成 | 总数: 2
2026-04-25 19:36:57.189.189 - INFO - message_handler - 📩 收到私聊消息 | user_id:  | 内容：
INFO:     43.163.64.47:46320 - "POST / HTTP/1.1" 200 OK
2026-04-25 19:37:07.621.621 - INFO - server_monitor - 🔄 准备预下载 2 个玩家头像
2026-04-25 19:37:07.623.623 - INFO - server_monitor - 🔄 开始预下载 2 个玩家头像: ['SumiUsuba_kojin', 'wsywsy1st']
2026-04-25 19:37:07.623.623 - INFO - server_monitor - ✅ 头像预下载完成 | 总数: 2
2026-04-25 19:37:22.065.065 - INFO - server_monitor - 🔄 准备预下载 2 个玩家头像
2026-04-25 19:37:22.067.067 - INFO - server_monitor - 🔄 开始预下载 2 个玩家头像: ['SumiUsuba_kojin', 'wsywsy1st']
2026-04-25 19:37:22.067.067 - INFO - server_monitor - ✅ 头像预下载完成 | 总数: 2
2026-04-25 19:37:36.252.252 - INFO - server_monitor - 🔄 准备预下载 2 个玩家头像
2026-04-25 19:37:36.255.255 - INFO - server_monitor - 🔄 开始预下载 2 个玩家头像: ['SumiUsuba_kojin', 'wsywsy1st']
2026-04-25 19:37:36.255.255 - INFO - server_monitor - ✅ 头像预下载完成 | 总数: 2
2026-04-25 19:37:43.205.205 - INFO - message_handler - 📩 收到群消息 | group_id: 733890551 | user_id: 2079390238 | 内容：[CQ:reply,id=-1586064826][CQ:at,qq=2707835027,name
INFO:     43.163.64.47:53794 - "POST / HTTP/1.1" 200 OK
2026-04-25 19:37:47.483.483 - INFO - message_handler - 📩 收到群消息 | group_id: 733890551 | user_id: 2079390238 | 内容：试下机器人
INFO:     43.163.64.47:53802 - "POST / HTTP/1.1" 200 OK
2026-04-25 19:37:51.350.350 - INFO - server_monitor - 🔄 准备预下载 2 个玩家头像
2026-04-25 19:37:51.352.352 - INFO - server_monitor - 🔄 开始预下载 2 个玩家头像: ['SumiUsuba_kojin', 'wsywsy1st']
2026-04-25 19:37:51.352.352 - INFO - server_monitor - ✅ 头像预下载完成 | 总数: 2
2026-04-25 19:37:54.250.250 - INFO - message_handler - 📩 收到群消息 | group_id: 733890551 | user_id: 2079390238 | 内容：有惊喜
INFO:     43.163.64.47:53624 - "POST / HTTP/1.1" 200 OK
2026-04-25 19:37:57.188.188 - INFO - message_handler - 📩 收到私聊消息 | user_id:  | 内容：
INFO:     43.163.64.47:53624 - "POST / HTTP/1.1" 200 OK
2026-04-25 19:38:02.083.083 - INFO - message_handler - 📩 收到群消息 | group_id: 733890551 | user_id: 2707835027 | 内容：怎么测试
INFO:     43.163.64.47:53632 - "POST / HTTP/1.1" 200 OK
2026-04-25 19:38:06.596.596 - INFO - server_monitor - 🔄 准备预下载 2 个玩家头像
2026-04-25 19:38:06.599.599 - INFO - server_monitor - 🔄 开始预下载 2 个玩家头像: ['SumiUsuba_kojin', 'wsywsy1st']
2026-04-25 19:38:06.599.599 - INFO - server_monitor - ✅ 头像预下载完成 | 总数: 2
2026-04-25 19:38:09.450.450 - INFO - message_handler - 📩 收到群消息 | group_id: 733890551 | user_id: 2079390238 | 内容：[CQ:reply,id=2060721362][CQ:at,qq=2707835027,name=
INFO:     43.163.64.47:56408 - "POST / HTTP/1.1" 200 OK
INFO:     204.76.203.206:49088 - "GET / HTTP/1.1" 405 Method Not Allowed
2026-04-25 19:38:26.777.777 - INFO - server_monitor - 🔄 准备预下载 2 个玩家头像
2026-04-25 19:38:26.779.779 - INFO - server_monitor - 🔄 开始预下载 2 个玩家头像: ['SumiUsuba_kojin', 'wsywsy1st']
2026-04-25 19:38:27.629.629 - INFO - server_monitor - ✅ 头像预下载完成 | 总数: 2
2026-04-25 19:38:33.858.858 - INFO - message_handler - 📩 收到群消息 | group_id: 733890551 | user_id: 2707835027 | 内容：/s
2026-04-25 19:38:33.860.860 - INFO - message_handler - 🔍 收到状态查询命令 | group_id: 733890551
2026-04-25 19:38:33.860.860 - INFO - message_handler - 🚀 开始任务：/status 命令处理 (group: 733890551)
2026-04-25 19:38:33.860.860 - INFO - message_handler - ⏱️ [1/5] 获取监控器实例 | 耗时：0.11ms
2026-04-25 19:38:33.861.861 - INFO - message_handler - ⏱️ [2/5] 从缓存读取服务器数据 | 耗时：0.67ms
2026-04-25 19:38:33.861.861 - INFO - message_handler - ⏱️ [3/5] 生成状态卡片图片 | 耗时：0.20ms
/www/server/pyporject_evn/versions/3.10.18/lib/python3.10/site-packages/PIL/ImageFont.py:223: UserWarning: Raqm layout was requested, but Raqm is not available. Falling back to basic layout.
  warnings.warn(
2026-04-25 19:38:34.025.025 - INFO - image_generator - 头像获取完成：成功 2/2
2026-04-25 19:38:34.045.045 - INFO - image_generator - 🖼️ 状态卡片生成完成 | 尺寸: 600x664 | 大小: 61.7KB | 耗时: 183.10ms
2026-04-25 19:38:34.045.045 - INFO - message_handler - ⏱️ [4/5] 发送图片到群聊 | 耗时：184.76ms
2026-04-25 19:38:34.050.050 - INFO - message_sender - 📤 准备发送群图片 | group: 733890551 | 图片大小：63148 bytes | caption: 无
2026-04-25 19:38:36.546.546 - INFO - message_sender - ✅ 群图片发送完成 | group: 733890551 | status_code: 200 | 耗时：2489.10ms
2026-04-25 19:38:36.547.547 - INFO - message_handler - ⏱️ [5/5] 发送完成 | 耗时：2501.07ms
2026-04-25 19:38:36.547.547 - INFO - message_handler - 📊 任务完成：/status 命令处理 (group: 733890551) | 总玩家：2 | 服务器数：4 | 总耗时：2686.92ms
2026-04-25 19:38:36.547.547 - INFO - message_handler - 📊 任务完成：/status 命令处理 (group: 733890551) | 总耗时：2687.03ms
INFO:     43.163.64.47:56924 - "POST / HTTP/1.1" 200 OK
INFO:     43.163.64.47:56924 - "POST / HTTP/1.1" 200 OK
2026-04-25 19:38:40.688.688 - INFO - server_monitor - 🔄 准备预下载 2 个玩家头像
2026-04-25 19:38:40.691.691 - INFO - server_monitor - 🔄 开始预下载 2 个玩家头像: ['SumiUsuba_kojin', 'wsywsy1st']
2026-04-25 19:38:40.691.691 - INFO - server_monitor - ✅ 头像预下载完成 | 总数: 2
2026-04-25 19:38:45.606.606 - INFO - message_handler - 📩 收到群消息 | group_id: 733890551 | user_id: 2707835027 | 内容：惊喜呢
INFO:     43.163.64.47:50848 - "POST / HTTP/1.1" 200 OK
2026-04-25 19:38:54.808.808 - INFO - server_monitor - 🔄 准备预下载 2 个玩家头像
2026-04-25 19:38:54.813.813 - INFO - server_monitor - 🔄 开始预下载 2 个玩家头像: ['SumiUsuba_kojin', 'wsywsy1st']
2026-04-25 19:38:54.813.813 - INFO - server_monitor - ✅ 头像预下载完成 | 总数: 2
2026-04-25 19:38:57.193.193 - INFO - message_handler - 📩 收到私聊消息 | user_id:  | 内容：
INFO:     43.163.64.47:39428 - "POST / HTTP/1.1" 200 OK
2026-04-25 19:39:06.526.526 - INFO - message_handler - 📩 收到群消息 | group_id: 733890551 | user_id: 2079390238 | 内容：这速度
INFO:     43.163.64.47:52534 - "POST / HTTP/1.1" 200 OK
2026-04-25 19:39:09.808.808 - INFO - server_monitor - 🔄 准备预下载 2 个玩家头像
2026-04-25 19:39:09.811.811 - INFO - server_monitor - 🔄 开始预下载 2 个玩家头像: ['SumiUsuba_kojin', 'wsywsy1st']
2026-04-25 19:39:09.811.811 - INFO - server_monitor - ✅ 头像预下载完成 | 总数: 2
2026-04-25 19:39:12.929.929 - INFO - message_handler - 📩 收到群消息 | group_id: 733890551 | user_id: 2079390238 | 内容：不惊喜没
INFO:     43.163.64.47:55976 - "POST / HTTP/1.1" 200 OK
2026-04-25 19:39:14.639.639 - INFO - message_handler - 📩 收到群消息 | group_id: 733890551 | user_id: 2079390238 | 内容：吗
INFO:     43.163.64.47:55976 - "POST / HTTP/1.1" 200 OK
2026-04-25 19:39:24.640.640 - INFO - server_monitor - 🔄 准备预下载 2 个玩家头像
2026-04-25 19:39:24.642.642 - INFO - server_monitor - 🔄 开始预下载 2 个玩家头像: ['SumiUsuba_kojin', 'wsywsy1st']
2026-04-25 19:39:24.643.643 - INFO - server_monitor - ✅ 头像预下载完成 | 总数: 2
2026-04-25 19:39:38.758.758 - INFO - server_monitor - 🔄 准备预下载 2 个玩家头像
2026-04-25 19:39:38.760.760 - INFO - server_monitor - 🔄 开始预下载 2 个玩家头像: ['SumiUsuba_kojin', 'wsywsy1st']
2026-04-25 19:39:38.760.760 - INFO - server_monitor - ✅ 头像预下载完成 | 总数: 2
2026-04-25 19:39:41.031.031 - INFO - message_handler - 📩 收到群消息 | group_id: 733890551 | user_id: 2707835027 | 内容：！
INFO:     43.163.64.47:39578 - "POST / HTTP/1.1" 200 OK
2026-04-25 19:39:43.873.873 - INFO - message_handler - 📩 收到群消息 | group_id: 733890551 | user_id: 2707835027 | 内容：delicious！！
INFO:     43.163.64.47:39578 - "POST / HTTP/1.1" 200 OK
2026-04-25 19:39:52.859.859 - INFO - server_monitor - 🔄 准备预下载 2 个玩家头像
2026-04-25 19:39:52.862.862 - INFO - server_monitor - 🔄 开始预下载 2 个玩家头像: ['SumiUsuba_kojin', 'wsywsy1st']
2026-04-25 19:39:52.862.862 - INFO - server_monitor - ✅ 头像预下载完成 | 总数: 2
2026-04-25 19:39:57.201.201 - INFO - message_handler - 📩 收到私聊消息 | user_id:  | 内容：
INFO:     43.163.64.47:42620 - "POST / HTTP/1.1" 200 OK
2026-04-25 19:40:07.577.577 - INFO - server_monitor - 🔄 准备预下载 3 个玩家头像
2026-04-25 19:40:07.580.580 - INFO - server_monitor - 🔄 开始预下载 3 个玩家头像: ['SumiUsuba_kojin', 'goldfishMXY', 'wsywsy1st']
2026-04-25 19:40:08.438.438 - INFO - server_monitor - ✅ 头像预下载完成 | 总数: 3
2026-04-25 19:40:21.209.209 - INFO - server_monitor - 🔄 准备预下载 3 个玩家头像
2026-04-25 19:40:21.212.212 - INFO - server_monitor - 🔄 开始预下载 3 个玩家头像: ['SumiUsuba_kojin', 'goldfishMXY', 'wsywsy1st']
2026-04-25 19:40:21.212.212 - INFO - server_monitor - ✅ 头像预下载完成 | 总数: 3
2026-04-25 19:40:34.958.958 - INFO - server_monitor - 🔄 准备预下载 3 个玩家头像
2026-04-25 19:40:34.960.960 - INFO - server_monitor - 🔄 开始预下载 3 个玩家头像: ['SumiUsuba_kojin', 'goldfishMXY', 'wsywsy1st']
2026-04-25 19:40:35.830.830 - INFO - server_monitor - ✅ 头像预下载完成 | 总数: 3
2026-04-25 19:40:48.709.709 - INFO - server_monitor - 🔄 准备预下载 3 个玩家头像
2026-04-25 19:40:48.711.711 - INFO - server_monitor - 🔄 开始预下载 3 个玩家头像: ['SumiUsuba_kojin', 'goldfishMXY', 'wsywsy1st']
2026-04-25 19:40:48.712.712 - INFO - server_monitor - ✅ 头像预下载完成 | 总数: 3
2026-04-25 19:40:57.193.193 - INFO - message_handler - 📩 收到私聊消息 | user_id:  | 内容：
INFO:     43.163.64.47:39012 - "POST / HTTP/1.1" 200 OK
2026-04-25 19:41:03.323.323 - INFO - server_monitor - 🔄 准备预下载 3 个玩家头像
2026-04-25 19:41:04.092.092 - INFO - server_monitor - 🔄 开始预下载 3 个玩家头像: ['SumiUsuba_kojin', 'goldfishMXY', 'wsywsy1st']
2026-04-25 19:41:04.093.093 - INFO - server_monitor - ✅ 头像预下载完成 | 总数: 3
2026-04-25 19:41:05.119.119 - INFO - message_handler - 📩 收到群消息 | group_id: 733890551 | user_id: 2029626166 | 内容：[CQ:image,file=1CBBDE660BF826D0271BEA007CC51908.jp
INFO:     43.163.64.47:57140 - "POST / HTTP/1.1" 200 OK
2026-04-25 19:41:17.910.910 - INFO - message_handler - 📩 收到群消息 | group_id: 733890551 | user_id: 3574177807 | 内容：/s
2026-04-25 19:41:17.911.911 - INFO - message_handler - 🔍 收到状态查询命令 | group_id: 733890551
2026-04-25 19:41:17.911.911 - INFO - message_handler - 🚀 开始任务：/status 命令处理 (group: 733890551)
2026-04-25 19:41:17.911.911 - INFO - message_handler - ⏱️ [1/5] 获取监控器实例 | 耗时：0.14ms
2026-04-25 19:41:17.911.911 - INFO - message_handler - ⏱️ [2/5] 从缓存读取服务器数据 | 耗时：0.12ms
2026-04-25 19:41:17.912.912 - INFO - message_handler - ⏱️ [3/5] 生成状态卡片图片 | 耗时：0.12ms
2026-04-25 19:41:17.920.920 - INFO - image_generator - 头像获取完成：成功 3/3
2026-04-25 19:41:17.928.928 - INFO - image_generator - 🖼️ 状态卡片生成完成 | 尺寸: 760x664 | 大小: 68.0KB | 耗时: 16.15ms
2026-04-25 19:41:17.928.928 - INFO - message_handler - ⏱️ [4/5] 发送图片到群聊 | 耗时：16.54ms
2026-04-25 19:41:17.929.929 - INFO - message_sender - 📤 准备发送群图片 | group: 733890551 | 图片大小：69607 bytes | caption: 无
2026-04-25 19:41:18.565.565 - INFO - server_monitor - 🔄 准备预下载 3 个玩家头像
2026-04-25 19:41:18.568.568 - INFO - server_monitor - 🔄 开始预下载 3 个玩家头像: ['SumiUsuba_kojin', 'goldfishMXY', 'wsywsy1st']
2026-04-25 19:41:18.568.568 - INFO - server_monitor - ✅ 头像预下载完成 | 总数: 3
2026-04-25 19:41:19.093.093 - INFO - message_sender - ✅ 群图片发送完成 | group: 733890551 | status_code: 200 | 耗时：1126.17ms
2026-04-25 19:41:19.094.094 - INFO - message_handler - ⏱️ [5/5] 发送完成 | 耗时：1165.69ms
2026-04-25 19:41:19.094.094 - INFO - message_handler - 📊 任务完成：/status 命令处理 (group: 733890551) | 总玩家：3 | 服务器数：4 | 总耗时：1182.77ms
2026-04-25 19:41:19.094.094 - INFO - message_handler - 📊 任务完成：/status 命令处理 (group: 733890551) | 总耗时：1182.90ms
INFO:     43.163.64.47:34416 - "POST / HTTP/1.1" 200 OK
INFO:     43.163.64.47:34418 - "POST / HTTP/1.1" 200 OK
2026-04-25 19:41:24.204.204 - INFO - message_handler - 📩 收到群消息 | group_id: 733890551 | user_id: 3574177807 | 内容：那很不错了
INFO:     43.163.64.47:45842 - "POST / HTTP/1.1" 200 OK
2026-04-25 19:41:27.431.431 - INFO - message_handler - 📩 收到群消息 | group_id: 733890551 | user_id: 3574177807 | 内容：/fuck
INFO:     43.163.64.47:45842 - "POST / HTTP/1.1" 200 OK
2026-04-25 19:41:32.768.768 - INFO - server_monitor - 🔄 准备预下载 3 个玩家头像
2026-04-25 19:41:32.770.770 - INFO - server_monitor - 🔄 开始预下载 3 个玩家头像: ['SumiUsuba_kojin', 'goldfishMXY', 'wsywsy1st']
2026-04-25 19:41:32.770.770 - INFO - server_monitor - ✅ 头像预下载完成 | 总数: 3
2026-04-25 19:41:38.837.837 - INFO - message_handler - 📩 收到群消息 | group_id: 733890551 | user_id: 3574177807 | 内容：这个指令不反应
INFO:     43.163.64.47:51104 - "POST / HTTP/1.1" 200 OK
2026-04-25 19:41:40.066.066 - INFO - message_handler - 📩 收到群消息 | group_id: 733890551 | user_id: 3574177807 | 内容：差评
INFO:     43.163.64.47:51104 - "POST / HTTP/1.1" 200 OK
2026-04-25 19:41:46.538.538 - INFO - server_monitor - 🔄 准备预下载 3 个玩家头像
2026-04-25 19:41:46.541.541 - INFO - server_monitor - 🔄 开始预下载 3 个玩家头像: ['SumiUsuba_kojin', 'goldfishMXY', 'wsywsy1st']
2026-04-25 19:41:46.541.541 - INFO - server_monitor - ✅ 头像预下载完成 | 总数: 3
2026-04-25 19:41:57.192.192 - INFO - message_handler - 📩 收到私聊消息 | user_id:  | 内容：
INFO:     43.163.64.47:50940 - "POST / HTTP/1.1" 200 OK
2026-04-25 19:42:00.561.561 - INFO - server_monitor - 🔄 准备预下载 3 个玩家头像
2026-04-25 19:42:00.564.564 - INFO - server_monitor - 🔄 开始预下载 3 个玩家头像: ['SumiUsuba_kojin', 'goldfishMXY', 'wsywsy1st']
2026-04-25 19:42:00.564.564 - INFO - server_monitor - ✅ 头像预下载完成 | 总数: 3
2026-04-25 19:42:14.637.637 - INFO - server_monitor - 🔄 准备预下载 3 个玩家头像
2026-04-25 19:42:14.639.639 - INFO - server_monitor - 🔄 开始预下载 3 个玩家头像: ['SumiUsuba_kojin', 'goldfishMXY', 'wsywsy1st']
2026-04-25 19:42:15.495.495 - INFO - server_monitor - ✅ 头像预下载完成 | 总数: 3
2026-04-25 19:42:28.249.249 - INFO - server_monitor - 🔄 准备预下载 3 个玩家头像
2026-04-25 19:42:28.251.251 - INFO - server_monitor - 🔄 开始预下载 3 个玩家头像: ['SumiUsuba_kojin', 'goldfishMXY', 'wsywsy1st']
2026-04-25 19:42:28.251.251 - INFO - server_monitor - ✅ 头像预下载完成 | 总数: 3
2026-04-25 19:42:42.806.806 - INFO - server_monitor - 🔄 准备预下载 3 个玩家头像
2026-04-25 19:42:42.808.808 - INFO - server_monitor - 🔄 开始预下载 3 个玩家头像: ['SumiUsuba_kojin', 'goldfishMXY', 'wsywsy1st']
2026-04-25 19:42:43.708.708 - INFO - server_monitor - ✅ 头像预下载完成 | 总数: 3
2026-04-25 19:42:56.735.735 - INFO - server_monitor - 🔄 准备预下载 3 个玩家头像
2026-04-25 19:42:56.738.738 - INFO - server_monitor - 🔄 开始预下载 3 个玩家头像: ['SumiUsuba_kojin', 'goldfishMXY', 'wsywsy1st']
2026-04-25 19:42:56.738.738 - INFO - server_monitor - ✅ 头像预下载完成 | 总数: 3
2026-04-25 19:42:57.193.193 - INFO - message_handler - 📩 收到私聊消息 | user_id:  | 内容：
INFO:     43.163.64.47:60806 - "POST / HTTP/1.1" 200 OK
2026-04-25 19:43:10.386.386 - INFO - server_monitor - 🔄 准备预下载 3 个玩家头像
2026-04-25 19:43:10.389.389 - INFO - server_monitor - 🔄 开始预下载 3 个玩家头像: ['SumiUsuba_kojin', 'goldfishMXY', 'wsywsy1st']
2026-04-25 19:43:10.389.389 - INFO - server_monitor - ✅ 头像预下载完成 | 总数: 3
2026-04-25 19:43:30.192.192 - INFO - server_monitor - 🔄 准备预下载 3 个玩家头像
2026-04-25 19:43:30.196.196 - INFO - server_monitor - 🔄 开始预下载 3 个玩家头像: ['SumiUsuba_kojin', 'goldfishMXY', 'wsywsy1st']
2026-04-25 19:43:30.196.196 - INFO - server_monitor - ✅ 头像预下载完成 | 总数: 3
2026-04-25 19:43:43.930.930 - INFO - server_monitor - 🔄 准备预下载 3 个玩家头像
2026-04-25 19:43:43.932.932 - INFO - server_monitor - 🔄 开始预下载 3 个玩家头像: ['SumiUsuba_kojin', 'goldfishMXY', 'wsywsy1st']
2026-04-25 19:43:43.933.933 - INFO - server_monitor - ✅ 头像预下载完成 | 总数: 3
2026-04-25 19:43:57.192.192 - INFO - message_handler - 📩 收到私聊消息 | user_id:  | 内容：
INFO:     43.163.64.47:58182 - "POST / HTTP/1.1" 200 OK
2026-04-25 19:43:57.734.734 - INFO - server_monitor - 🔄 准备预下载 3 个玩家头像
2026-04-25 19:43:57.737.737 - INFO - server_monitor - 🔄 开始预下载 3 个玩家头像: ['SumiUsuba_kojin', 'goldfishMXY', 'wsywsy1st']
2026-04-25 19:43:57.737.737 - INFO - server_monitor - ✅ 头像预下载完成 | 总数: 3
2026-04-25 19:44:11.453.453 - INFO - server_monitor - 🔄 准备预下载 3 个玩家头像
2026-04-25 19:44:11.456.456 - INFO - server_monitor - 🔄 开始预下载 3 个玩家头像: ['SumiUsuba_kojin', 'goldfishMXY', 'wsywsy1st']
2026-04-25 19:44:11.456.456 - INFO - server_monitor - ✅ 头像预下载完成 | 总数: 3
2026-04-25 19:44:31.708.708 - INFO - server_monitor - 🔄 准备预下载 3 个玩家头像
2026-04-25 19:44:31.710.710 - INFO - server_monitor - 🔄 开始预下载 3 个玩家头像: ['SumiUsuba_kojin', 'goldfishMXY', 'wsywsy1st']
2026-04-25 19:44:32.518.518 - INFO - server_monitor - ✅ 头像预下载完成 | 总数: 3
2026-04-25 19:44:45.681.681 - INFO - server_monitor - 🔄 准备预下载 3 个玩家头像
2026-04-25 19:44:45.683.683 - INFO - server_monitor - 🔄 开始预下载 3 个玩家头像: ['SumiUsuba_kojin', 'goldfishMXY', 'wsywsy1st']
2026-04-25 19:44:46.506.506 - INFO - server_monitor - ✅ 头像预下载完成 | 总数: 3
2026-04-25 19:44:57.192.192 - INFO - message_handler - 📩 收到私聊消息 | user_id:  | 内容：
INFO:     43.163.64.47:56812 - "POST / HTTP/1.1" 200 OK
2026-04-25 19:44:59.681.681 - INFO - server_monitor - 🔄 准备预下载 3 个玩家头像
2026-04-25 19:44:59.683.683 - INFO - server_monitor - 🔄 开始预下载 3 个玩家头像: ['SumiUsuba_kojin', 'goldfishMXY', 'wsywsy1st']
2026-04-25 19:44:59.684.684 - INFO - server_monitor - ✅ 头像预下载完成 | 总数: 3
2026-04-25 19:45:13.340.340 - INFO - server_monitor - 🔄 准备预下载 3 个玩家头像
2026-04-25 19:45:13.342.342 - INFO - server_monitor - 🔄 开始预下载 3 个玩家头像: ['SumiUsuba_kojin', 'goldfishMXY', 'wsywsy1st']
2026-04-25 19:45:13.342.342 - INFO - server_monitor - ✅ 头像预下载完成 | 总数: 3
2026-04-25 19:45:27.078.078 - INFO - server_monitor - 🔄 准备预下载 4 个玩家头像
2026-04-25 19:45:27.081.081 - INFO - server_monitor - 🔄 开始预下载 4 个玩家头像: ['SumiUsuba_kojin', 'goldfishMXY', 'wsywsy1st', 'zzh821']
2026-04-25 19:45:28.285.285 - INFO - server_monitor - ✅ 头像预下载完成 | 总数: 4
2026-04-25 19:45:41.891.891 - INFO - server_monitor - 🔄 准备预下载 4 个玩家头像
2026-04-25 19:45:41.893.893 - INFO - server_monitor - 🔄 开始预下载 4 个玩家头像: ['SumiUsuba_kojin', 'goldfishMXY', 'wsywsy1st', 'zzh821']
2026-04-25 19:45:41.893.893 - INFO - server_monitor - ✅ 头像预下载完成 | 总数: 4
2026-04-25 19:45:50.753.753 - INFO - message_handler - 📩 收到群消息 | group_id: 733890551 | user_id: 177471451 | 内容：/s
2026-04-25 19:45:50.754.754 - INFO - message_handler - 🔍 收到状态查询命令 | group_id: 733890551
2026-04-25 19:45:50.754.754 - INFO - message_handler - 🚀 开始任务：/status 命令处理 (group: 733890551)
2026-04-25 19:45:50.754.754 - INFO - message_handler - ⏱️ [1/5] 获取监控器实例 | 耗时：0.09ms
2026-04-25 19:45:50.755.755 - INFO - message_handler - ⏱️ [2/5] 从缓存读取服务器数据 | 耗时：0.09ms
2026-04-25 19:45:50.755.755 - INFO - message_handler - ⏱️ [3/5] 生成状态卡片图片 | 耗时：0.08ms
2026-04-25 19:45:50.765.765 - INFO - image_generator - 头像获取完成：成功 4/4
2026-04-25 19:45:50.772.772 - INFO - image_generator - 🖼️ 状态卡片生成完成 | 尺寸: 890x664 | 大小: 76.5KB | 耗时: 17.18ms
2026-04-25 19:45:50.772.772 - INFO - message_handler - ⏱️ [4/5] 发送图片到群聊 | 耗时：17.47ms
2026-04-25 19:45:50.772.772 - INFO - message_sender - 📤 准备发送群图片 | group: 733890551 | 图片大小：78362 bytes | caption: 无
2026-04-25 19:45:51.957.957 - INFO - message_sender - ✅ 群图片发送完成 | group: 733890551 | status_code: 200 | 耗时：1181.17ms
2026-04-25 19:45:51.958.958 - INFO - message_handler - ⏱️ [5/5] 发送完成 | 耗时：1186.22ms
2026-04-25 19:45:51.958.958 - INFO - message_handler - 📊 任务完成：/status 命令处理 (group: 733890551) | 总玩家：3 | 服务器数：4 | 总耗时：1204.12ms
2026-04-25 19:45:51.959.959 - INFO - message_handler - 📊 任务完成：/status 命令处理 (group: 733890551) | 总耗时：1204.46ms
INFO:     43.163.64.47:49214 - "POST / HTTP/1.1" 200 OK
INFO:     43.163.64.47:49218 - "POST / HTTP/1.1" 200 OK
2026-04-25 19:45:55.502.502 - INFO - server_monitor - 🔄 准备预下载 4 个玩家头像
2026-04-25 19:45:55.506.506 - INFO - server_monitor - 🔄 开始预下载 4 个玩家头像: ['SumiUsuba_kojin', 'goldfishMXY', 'wsywsy1st', 'zzh821']
2026-04-25 19:45:55.506.506 - INFO - server_monitor - ✅ 头像预下载完成 | 总数: 4
2026-04-25 19:45:57.193.193 - INFO - message_handler - 📩 收到私聊消息 | user_id:  | 内容：
INFO:     43.163.64.47:49582 - "POST / HTTP/1.1" 200 OK
2026-04-25 19:46:00.042.042 - INFO - message_handler - 📩 收到群消息 | group_id: 733890551 | user_id: 177471451 | 内容：这么快
INFO:     43.163.64.47:49582 - "POST / HTTP/1.1" 200 OK
2026-04-25 19:46:09.244.244 - INFO - server_monitor - 🔄 准备预下载 4 个玩家头像
2026-04-25 19:46:09.249.249 - INFO - server_monitor - 🔄 开始预下载 4 个玩家头像: ['SumiUsuba_kojin', 'goldfishMXY', 'wsywsy1st', 'zzh821']
2026-04-25 19:46:09.250.250 - INFO - server_monitor - ✅ 头像预下载完成 | 总数: 4
2026-04-25 19:46:12.576.576 - INFO - message_handler - 📩 收到群消息 | group_id: 733890551 | user_id: 2707835027 | 内容：[CQ:reply,id=406444768][CQ:at,qq=177471451,name=Ro
INFO:     43.163.64.47:57266 - "POST / HTTP/1.1" 200 OK
2026-04-25 19:46:24.203.203 - INFO - server_monitor - 🔄 准备预下载 4 个玩家头像
2026-04-25 19:46:24.212.212 - INFO - server_monitor - 📈 2026-04-25 最高在线：3 → 4人
2026-04-25 19:46:24.213.213 - INFO - server_monitor - 🔄 开始预下载 4 个玩家头像: ['SumiUsuba_kojin', 'goldfishMXY', 'wsywsy1st', 'zzh821']
2026-04-25 19:46:24.213.213 - INFO - server_monitor - ✅ 头像预下载完成 | 总数: 4
2026-04-25 19:46:37.937.937 - INFO - server_monitor - 🔄 准备预下载 4 个玩家头像
2026-04-25 19:46:37.940.940 - INFO - server_monitor - 🔄 开始预下载 4 个玩家头像: ['SumiUsuba_kojin', 'goldfishMXY', 'wsywsy1st', 'zzh821']
2026-04-25 19:46:38.823.823 - INFO - server_monitor - ✅ 头像预下载完成 | 总数: 4
2026-04-25 19:46:51.761.761 - INFO - server_monitor - 🔄 准备预下载 4 个玩家头像
2026-04-25 19:46:51.764.764 - INFO - server_monitor - 🔄 开始预下载 4 个玩家头像: ['SumiUsuba_kojin', 'goldfishMXY', 'wsywsy1st', 'zzh821']
2026-04-25 19:46:52.632.632 - INFO - server_monitor - ✅ 头像预下载完成 | 总数: 4
2026-04-25 19:46:57.194.194 - INFO - message_handler - 📩 收到私聊消息 | user_id:  | 内容：
INFO:     43.163.64.47:36314 - "POST / HTTP/1.1" 200 OK
INFO:     204.76.203.206:44230 - "GET / HTTP/1.1" 405 Method Not Allowed
2026-04-25 19:47:05.713.713 - INFO - server_monitor - 🔄 准备预下载 4 个玩家头像
2026-04-25 19:47:05.715.715 - INFO - server_monitor - 🔄 开始预下载 4 个玩家头像: ['SumiUsuba_kojin', 'goldfishMXY', 'wsywsy1st', 'zzh821']
2026-04-25 19:47:05.715.715 - INFO - server_monitor - ✅ 头像预下载完成 | 总数: 4
2026-04-25 19:47:20.371.371 - INFO - server_monitor - 🔄 准备预下载 4 个玩家头像
2026-04-25 19:47:20.373.373 - INFO - server_monitor - 🔄 开始预下载 4 个玩家头像: ['SumiUsuba_kojin', 'goldfishMXY', 'wsywsy1st', 'zzh821']
2026-04-25 19:47:20.374.374 - INFO - server_monitor - ✅ 头像预下载完成 | 总数: 4
2026-04-25 19:47:34.041.041 - INFO - server_monitor - 🔄 准备预下载 4 个玩家头像
2026-04-25 19:47:34.044.044 - INFO - server_monitor - 🔄 开始预下载 4 个玩家头像: ['SumiUsuba_kojin', 'goldfishMXY', 'wsywsy1st', 'zzh821']
2026-04-25 19:47:34.917.917 - INFO - server_monitor - ✅ 头像预下载完成 | 总数: 4
2026-04-25 19:47:48.028.028 - INFO - server_monitor - 🔄 准备预下载 4 个玩家头像
2026-04-25 19:47:48.031.031 - INFO - server_monitor - 🔄 开始预下载 4 个玩家头像: ['SumiUsuba_kojin', 'goldfishMXY', 'wsywsy1st', 'zzh821']
2026-04-25 19:47:48.031.031 - INFO - server_monitor - ✅ 头像预下载完成 | 总数: 4
2026-04-25 19:47:57.195.195 - INFO - message_handler - 📩 收到私聊消息 | user_id:  | 内容：
INFO:     43.163.64.47:35332 - "POST / HTTP/1.1" 200 OK
2026-04-25 19:48:02.339.339 - INFO - server_monitor - 🔄 准备预下载 4 个玩家头像
2026-04-25 19:48:02.341.341 - INFO - server_monitor - 🔄 开始预下载 4 个玩家头像: ['SumiUsuba_kojin', 'goldfishMXY', 'wsywsy1st', 'zzh821']
2026-04-25 19:48:02.342.342 - INFO - server_monitor - ✅ 头像预下载完成 | 总数: 4
2026-04-25 19:48:16.240.240 - INFO - server_monitor - 🔄 准备预下载 4 个玩家头像
2026-04-25 19:48:16.243.243 - INFO - server_monitor - 🔄 开始预下载 4 个玩家头像: ['SumiUsuba_kojin', 'goldfishMXY', 'wsywsy1st', 'zzh821']
2026-04-25 19:48:16.244.244 - INFO - server_monitor - ✅ 头像预下载完成 | 总数: 4
2026-04-25 19:48:30.231.231 - INFO - server_monitor - 🔄 准备预下载 4 个玩家头像
2026-04-25 19:48:30.233.233 - INFO - server_monitor - 🔄 开始预下载 4 个玩家头像: ['SumiUsuba_kojin', 'goldfishMXY', 'wsywsy1st', 'zzh821']
2026-04-25 19:48:30.234.234 - INFO - server_monitor - ✅ 头像预下载完成 | 总数: 4
2026-04-25 19:48:44.055.055 - INFO - server_monitor - 🔄 准备预下载 4 个玩家头像
2026-04-25 19:48:44.058.058 - INFO - server_monitor - 🔄 开始预下载 4 个玩家头像: ['SumiUsuba_kojin', 'goldfishMXY', 'wsywsy1st', 'zzh821']
2026-04-25 19:48:44.869.869 - INFO - server_monitor - ✅ 头像预下载完成 | 总数: 4
2026-04-25 19:48:57.195.195 - INFO - message_handler - 📩 收到私聊消息 | user_id:  | 内容：
INFO:     43.163.64.47:38544 - "POST / HTTP/1.1" 200 OK
2026-04-25 19:48:57.844.844 - INFO - server_monitor - 🔄 准备预下载 4 个玩家头像
2026-04-25 19:48:57.848.848 - INFO - server_monitor - 🔄 开始预下载 4 个玩家头像: ['SumiUsuba_kojin', 'goldfishMXY', 'wsywsy1st', 'zzh821']
2026-04-25 19:48:58.750.750 - INFO - server_monitor - ✅ 头像预下载完成 | 总数: 4
2026-04-25 19:49:13.513.513 - INFO - server_monitor - 🔄 准备预下载 4 个玩家头像
2026-04-25 19:49:13.516.516 - INFO - server_monitor - 🔄 开始预下载 4 个玩家头像: ['SumiUsuba_kojin', 'goldfishMXY', 'wsywsy1st', 'zzh821']
2026-04-25 19:49:13.516.516 - INFO - server_monitor - ✅ 头像预下载完成 | 总数: 4
2026-04-25 19:49:27.873.873 - INFO - server_monitor - 🔄 准备预下载 4 个玩家头像
2026-04-25 19:49:27.875.875 - INFO - server_monitor - 🔄 开始预下载 4 个玩家头像: ['SumiUsuba_kojin', 'goldfishMXY', 'wsywsy1st', 'zzh821']
2026-04-25 19:49:27.875.875 - INFO - server_monitor - ✅ 头像预下载完成 | 总数: 4
2026-04-25 19:49:42.434.434 - INFO - server_monitor - 🔄 准备预下载 4 个玩家头像
2026-04-25 19:49:42.438.438 - INFO - server_monitor - 🔄 开始预下载 4 个玩家头像: ['SumiUsuba_kojin', 'goldfishMXY', 'wsywsy1st', 'zzh821']
2026-04-25 19:49:43.287.287 - INFO - server_monitor - ✅ 头像预下载完成 | 总数: 4
2026-04-25 19:49:57.025.025 - INFO - server_monitor - 🔄 准备预下载 4 个玩家头像
2026-04-25 19:49:57.030.030 - INFO - server_monitor - 🔄 开始预下载 4 个玩家头像: ['SumiUsuba_kojin', 'goldfishMXY', 'wsywsy1st', 'zzh821']
2026-04-25 19:49:57.030.030 - INFO - server_monitor - ✅ 头像预下载完成 | 总数: 4
2026-04-25 19:49:57.196.196 - INFO - message_handler - 📩 收到私聊消息 | user_id:  | 内容：
INFO:     43.163.64.47:34854 - "POST / HTTP/1.1" 200 OK
2026-04-25 19:50:11.820.820 - INFO - server_monitor - 🔄 准备预下载 4 个玩家头像
2026-04-25 19:50:11.823.823 - INFO - server_monitor - 🔄 开始预下载 4 个玩家头像: ['SumiUsuba_kojin', 'goldfishMXY', 'wsywsy1st', 'zzh821']
2026-04-25 19:50:11.823.823 - INFO - server_monitor - ✅ 头像预下载完成 | 总数: 4
2026-04-25 19:50:25.582.582 - INFO - server_monitor - 🔄 准备预下载 4 个玩家头像
2026-04-25 19:50:25.585.585 - INFO - server_monitor - 🔄 开始预下载 4 个玩家头像: ['SumiUsuba_kojin', 'goldfishMXY', 'wsywsy1st', 'zzh821']
2026-04-25 19:50:25.585.585 - INFO - server_monitor - ✅ 头像预下载完成 | 总数: 4
2026-04-25 19:50:39.196.196 - INFO - server_monitor - 🔄 准备预下载 4 个玩家头像
2026-04-25 19:50:39.199.199 - INFO - server_monitor - 🔄 开始预下载 4 个玩家头像: ['SumiUsuba_kojin', 'goldfishMXY', 'wsywsy1st', 'zzh821']
2026-04-25 19:50:39.199.199 - INFO - server_monitor - ✅ 头像预下载完成 | 总数: 4
2026-04-25 19:50:52.987.987 - INFO - server_monitor - 🔄 准备预下载 4 个玩家头像
2026-04-25 19:50:52.989.989 - INFO - server_monitor - 🔄 开始预下载 4 个玩家头像: ['SumiUsuba_kojin', 'goldfishMXY', 'wsywsy1st', 'zzh821']
2026-04-25 19:50:53.840.840 - INFO - server_monitor - ✅ 头像预下载完成 | 总数: 4
2026-04-25 19:50:57.196.196 - INFO - message_handler - 📩 收到私聊消息 | user_id:  | 内容：
INFO:     43.163.64.47:56396 - "POST / HTTP/1.1" 200 OK
2026-04-25 19:51:06.834.834 - INFO - server_monitor - 🔄 准备预下载 4 个玩家头像
2026-04-25 19:51:06.836.836 - INFO - server_monitor - 🔄 开始预下载 4 个玩家头像: ['SumiUsuba_kojin', 'goldfishMXY', 'wsywsy1st', 'zzh821']
2026-04-25 19:51:07.690.690 - INFO - server_monitor - ✅ 头像预下载完成 | 总数: 4
2026-04-25 19:51:20.399.399 - INFO - server_monitor - 🔄 准备预下载 4 个玩家头像
2026-04-25 19:51:20.403.403 - INFO - server_monitor - 🔄 开始预下载 4 个玩家头像: ['SumiUsuba_kojin', 'goldfishMXY', 'wsywsy1st', 'zzh821']
2026-04-25 19:51:20.404.404 - INFO - server_monitor - ✅ 头像预下载完成 | 总数: 4
2026-04-25 19:51:34.444.444 - INFO - server_monitor - 🔄 准备预下载 4 个玩家头像
2026-04-25 19:51:34.446.446 - INFO - server_monitor - 🔄 开始预下载 4 个玩家头像: ['SumiUsuba_kojin', 'goldfishMXY', 'wsywsy1st', 'zzh821']
2026-04-25 19:51:34.446.446 - INFO - server_monitor - ✅ 头像预下载完成 | 总数: 4
2026-04-25 19:51:48.464.464 - INFO - server_monitor - 🔄 准备预下载 4 个玩家头像
2026-04-25 19:51:48.466.466 - INFO - server_monitor - 🔄 开始预下载 4 个玩家头像: ['SumiUsuba_kojin', 'goldfishMXY', 'wsywsy1st', 'zzh821']
2026-04-25 19:51:49.381.381 - INFO - server_monitor - ✅ 头像预下载完成 | 总数: 4
2026-04-25 19:51:57.196.196 - INFO - message_handler - 📩 收到私聊消息 | user_id:  | 内容：
INFO:     43.163.64.47:47484 - "POST / HTTP/1.1" 200 OK
2026-04-25 19:52:02.365.365 - INFO - server_monitor - 🔄 准备预下载 4 个玩家头像
2026-04-25 19:52:02.368.368 - INFO - server_monitor - 🔄 开始预下载 4 个玩家头像: ['SumiUsuba_kojin', 'goldfishMXY', 'wsywsy1st', 'zzh821']
2026-04-25 19:52:02.368.368 - INFO - server_monitor - ✅ 头像预下载完成 | 总数: 4
2026-04-25 19:52:15.946.946 - INFO - server_monitor - 🔄 准备预下载 4 个玩家头像
2026-04-25 19:52:15.949.949 - INFO - server_monitor - 🔄 开始预下载 4 个玩家头像: ['SumiUsuba_kojin', 'goldfishMXY', 'wsywsy1st', 'zzh821']
2026-04-25 19:52:15.950.950 - INFO - server_monitor - ✅ 头像预下载完成 | 总数: 4
2026-04-25 19:52:30.163.163 - INFO - server_monitor - 🔄 准备预下载 4 个玩家头像
2026-04-25 19:52:30.165.165 - INFO - server_monitor - 🔄 开始预下载 4 个玩家头像: ['SumiUsuba_kojin', 'goldfishMXY', 'wsywsy1st', 'zzh821']
2026-04-25 19:52:30.165.165 - INFO - server_monitor - ✅ 头像预下载完成 | 总数: 4
2026-04-25 19:52:44.059.059 - INFO - server_monitor - 🔄 准备预下载 4 个玩家头像
2026-04-25 19:52:44.063.063 - INFO - server_monitor - 🔄 开始预下载 4 个玩家头像: ['SumiUsuba_kojin', 'goldfishMXY', 'wsywsy1st', 'zzh821']
2026-04-25 19:52:44.064.064 - INFO - server_monitor - ✅ 头像预下载完成 | 总数: 4
2026-04-25 19:52:57.195.195 - INFO - message_handler - 📩 收到私聊消息 | user_id:  | 内容：
INFO:     43.163.64.47:44886 - "POST / HTTP/1.1" 200 OK
2026-04-25 19:52:57.710.710 - INFO - server_monitor - 🔄 准备预下载 4 个玩家头像
2026-04-25 19:52:57.713.713 - INFO - server_monitor - 🔄 开始预下载 4 个玩家头像: ['SumiUsuba_kojin', 'goldfishMXY', 'wsywsy1st', 'zzh821']
2026-04-25 19:52:58.652.652 - INFO - server_monitor - ✅ 头像预下载完成 | 总数: 4
INFO:     141.98.11.50:38074 - "GET /login?from=%2F HTTP/1.1" 404 Not Found
2026-04-25 19:53:11.667.667 - INFO - server_monitor - 🔄 准备预下载 4 个玩家头像
2026-04-25 19:53:11.669.669 - INFO - server_monitor - 🔄 开始预下载 4 个玩家头像: ['SumiUsuba_kojin', 'goldfishMXY', 'wsywsy1st', 'zzh821']
2026-04-25 19:53:12.531.531 - INFO - server_monitor - ✅ 头像预下载完成 | 总数: 4
2026-04-25 19:53:25.578.578 - INFO - server_monitor - 🔄 准备预下载 4 个玩家头像
2026-04-25 19:53:25.581.581 - INFO - server_monitor - 🔄 开始预下载 4 个玩家头像: ['SumiUsuba_kojin', 'goldfishMXY', 'wsywsy1st', 'zzh821']
2026-04-25 19:53:25.581.581 - INFO - server_monitor - ✅ 头像预下载完成 | 总数: 4
2026-04-25 19:53:39.628.628 - INFO - server_monitor - 🔄 准备预下载 4 个玩家头像
2026-04-25 19:53:39.630.630 - INFO - server_monitor - 🔄 开始预下载 4 个玩家头像: ['SumiUsuba_kojin', 'goldfishMXY', 'wsywsy1st', 'zzh821']
2026-04-25 19:53:39.631.631 - INFO - server_monitor - ✅ 头像预下载完成 | 总数: 4
2026-04-25 19:53:53.250.250 - INFO - server_monitor - 🔄 准备预下载 4 个玩家头像
2026-04-25 19:53:53.252.252 - INFO - server_monitor - 🔄 开始预下载 4 个玩家头像: ['SumiUsuba_kojin', 'goldfishMXY', 'wsywsy1st', 'zzh821']
2026-04-25 19:53:54.063.063 - INFO - server_monitor - ✅ 头像预下载完成 | 总数: 4
2026-04-25 19:53:57.196.196 - INFO - message_handler - 📩 收到私聊消息 | user_id:  | 内容：
INFO:     43.163.64.47:48278 - "POST / HTTP/1.1" 200 OK
2026-04-25 19:54:07.457.457 - INFO - server_monitor - 🔄 准备预下载 4 个玩家头像
2026-04-25 19:54:07.460.460 - INFO - server_monitor - 🔄 开始预下载 4 个玩家头像: ['SumiUsuba_kojin', 'goldfishMXY', 'wsywsy1st', 'zzh821']
2026-04-25 19:54:07.460.460 - INFO - server_monitor - ✅ 头像预下载完成 | 总数: 4
2026-04-25 19:54:22.213.213 - INFO - server_monitor - 🔄 准备预下载 4 个玩家头像
2026-04-25 19:54:22.216.216 - INFO - server_monitor - 🔄 开始预下载 4 个玩家头像: ['SumiUsuba_kojin', 'goldfishMXY', 'wsywsy1st', 'zzh821']
2026-04-25 19:54:22.216.216 - INFO - server_monitor - ✅ 头像预下载完成 | 总数: 4
2026-04-25 19:54:35.944.944 - INFO - server_monitor - 🔄 准备预下载 4 个玩家头像
2026-04-25 19:54:35.947.947 - INFO - server_monitor - 🔄 开始预下载 4 个玩家头像: ['SumiUsuba_kojin', 'goldfishMXY', 'wsywsy1st', 'zzh821']
2026-04-25 19:54:35.947.947 - INFO - server_monitor - ✅ 头像预下载完成 | 总数: 4
2026-04-25 19:54:50.221.221 - INFO - server_monitor - 🔄 准备预下载 4 个玩家头像
2026-04-25 19:54:50.223.223 - INFO - server_monitor - 🔄 开始预下载 4 个玩家头像: ['SumiUsuba_kojin', 'goldfishMXY', 'wsywsy1st', 'zzh821']
2026-04-25 19:54:50.224.224 - INFO - server_monitor - ✅ 头像预下载完成 | 总数: 4
2026-04-25 19:54:57.195.195 - INFO - message_handler - 📩 收到私聊消息 | user_id:  | 内容：
INFO:     43.163.64.47:49110 - "POST / HTTP/1.1" 200 OK
2026-04-25 19:55:04.455.455 - INFO - server_monitor - 🔄 准备预下载 4 个玩家头像
2026-04-25 19:55:04.726.726 - INFO - server_monitor - 🔄 开始预下载 4 个玩家头像: ['SumiUsuba_kojin', 'goldfishMXY', 'wsywsy1st', 'zzh821']
2026-04-25 19:55:05.548.548 - INFO - server_monitor - ✅ 头像预下载完成 | 总数: 4
2026-04-25 19:55:18.649.649 - INFO - server_monitor - 🔄 准备预下载 4 个玩家头像
2026-04-25 19:55:18.655.655 - INFO - server_monitor - 🔄 开始预下载 4 个玩家头像: ['SumiUsuba_kojin', 'goldfishMXY', 'wsywsy1st', 'zzh821']
2026-04-25 19:55:19.556.556 - INFO - server_monitor - ✅ 头像预下载完成 | 总数: 4
2026-04-25 19:55:32.528.528 - INFO - server_monitor - 🔄 准备预下载 4 个玩家头像
2026-04-25 19:55:32.529.529 - INFO - server_monitor - 🔄 开始预下载 4 个玩家头像: ['SumiUsuba_kojin', 'goldfishMXY', 'wsywsy1st', 'zzh821']
2026-04-25 19:55:32.530.530 - INFO - server_monitor - ✅ 头像预下载完成 | 总数: 4
2026-04-25 19:55:46.983.983 - INFO - server_monitor - 🔄 准备预下载 4 个玩家头像
2026-04-25 19:55:46.986.986 - INFO - server_monitor - 🔄 开始预下载 4 个玩家头像: ['SumiUsuba_kojin', 'goldfishMXY', 'wsywsy1st', 'zzh821']
2026-04-25 19:55:46.986.986 - INFO - server_monitor - ✅ 头像预下载完成 | 总数: 4
2026-04-25 19:55:57.197.197 - INFO - message_handler - 📩 收到私聊消息 | user_id:  | 内容：
INFO:     43.163.64.47:43470 - "POST / HTTP/1.1" 200 OK
2026-04-25 19:56:00.920.920 - INFO - server_monitor - 🔄 准备预下载 4 个玩家头像
2026-04-25 19:56:00.922.922 - INFO - server_monitor - 🔄 开始预下载 4 个玩家头像: ['SumiUsuba_kojin', 'goldfishMXY', 'wsywsy1st', 'zzh821']
2026-04-25 19:56:01.781.781 - INFO - server_monitor - ✅ 头像预下载完成 | 总数: 4
2026-04-25 19:56:14.629.629 - INFO - server_monitor - 🔄 准备预下载 4 个玩家头像
2026-04-25 19:56:14.632.632 - INFO - server_monitor - 🔄 开始预下载 4 个玩家头像: ['SumiUsuba_kojin', 'goldfishMXY', 'wsywsy1st', 'zzh821']
2026-04-25 19:56:14.633.633 - INFO - server_monitor - ✅ 头像预下载完成 | 总数: 4
2026-04-25 19:56:28.501.501 - INFO - server_monitor - 🔄 准备预下载 4 个玩家头像
2026-04-25 19:56:28.504.504 - INFO - server_monitor - 🔄 开始预下载 4 个玩家头像: ['SumiUsuba_kojin', 'goldfishMXY', 'wsywsy1st', 'zzh821']
2026-04-25 19:56:28.504.504 - INFO - server_monitor - ✅ 头像预下载完成 | 总数: 4
2026-04-25 19:56:42.178.178 - INFO - server_monitor - 🔄 准备预下载 4 个玩家头像
2026-04-25 19:56:42.181.181 - INFO - server_monitor - 🔄 开始预下载 4 个玩家头像: ['SumiUsuba_kojin', 'goldfishMXY', 'wsywsy1st', 'zzh821']
2026-04-25 19:56:42.181.181 - INFO - server_monitor - ✅ 头像预下载完成 | 总数: 4
2026-04-25 19:56:56.114.114 - INFO - server_monitor - 🔄 准备预下载 4 个玩家头像
2026-04-25 19:56:56.118.118 - INFO - server_monitor - 🔄 开始预下载 4 个玩家头像: ['SumiUsuba_kojin', 'goldfishMXY', 'wsywsy1st', 'zzh821']
2026-04-25 19:56:56.118.118 - INFO - server_monitor - ✅ 头像预下载完成 | 总数: 4
2026-04-25 19:56:57.212.212 - INFO - message_handler - 📩 收到私聊消息 | user_id:  | 内容：
INFO:     43.163.64.47:54292 - "POST / HTTP/1.1" 200 OK
2026-04-25 19:57:09.920.920 - INFO - server_monitor - 🔄 准备预下载 4 个玩家头像
2026-04-25 19:57:09.922.922 - INFO - server_monitor - 🔄 开始预下载 4 个玩家头像: ['SumiUsuba_kojin', 'goldfishMXY', 'wsywsy1st', 'zzh821']
2026-04-25 19:57:10.758.758 - INFO - server_monitor - ✅ 头像预下载完成 | 总数: 4
2026-04-25 19:57:25.116.116 - INFO - server_monitor - 🔄 准备预下载 4 个玩家头像
2026-04-25 19:57:25.119.119 - INFO - server_monitor - 🔄 开始预下载 4 个玩家头像: ['SumiUsuba_kojin', 'goldfishMXY', 'wsywsy1st', 'zzh821']
2026-04-25 19:57:26.011.011 - INFO - server_monitor - ✅ 头像预下载完成 | 总数: 4
2026-04-25 19:57:40.339.339 - INFO - server_monitor - 🔄 准备预下载 4 个玩家头像
2026-04-25 19:57:40.342.342 - INFO - server_monitor - 🔄 开始预下载 4 个玩家头像: ['SumiUsuba_kojin', 'goldfishMXY', 'wsywsy1st', 'zzh821']
2026-04-25 19:57:40.343.343 - INFO - server_monitor - ✅ 头像预下载完成 | 总数: 4
INFO:     204.76.203.206:54238 - "GET / HTTP/1.1" 405 Method Not Allowed
2026-04-25 19:57:54.499.499 - INFO - server_monitor - 🔄 准备预下载 4 个玩家头像
2026-04-25 19:57:54.500.500 - INFO - server_monitor - 🔄 开始预下载 4 个玩家头像: ['SumiUsuba_kojin', 'goldfishMXY', 'wsywsy1st', 'zzh821']
2026-04-25 19:57:54.501.501 - INFO - server_monitor - ✅ 头像预下载完成 | 总数: 4
2026-04-25 19:57:57.196.196 - INFO - message_handler - 📩 收到私聊消息 | user_id:  | 内容：
INFO:     43.163.64.47:33704 - "POST / HTTP/1.1" 200 OK
2026-04-25 19:58:09.732.732 - INFO - server_monitor - 🔄 准备预下载 4 个玩家头像
2026-04-25 19:58:09.735.735 - INFO - server_monitor - 🔄 开始预下载 4 个玩家头像: ['SumiUsuba_kojin', 'goldfishMXY', 'wsywsy1st', 'zzh821']
2026-04-25 19:58:10.240.240 - INFO - server_monitor - ✅ 头像预下载完成 | 总数: 4
2026-04-25 19:58:23.456.456 - INFO - server_monitor - 🔄 准备预下载 4 个玩家头像
2026-04-25 19:58:23.458.458 - INFO - server_monitor - 🔄 开始预下载 4 个玩家头像: ['SumiUsuba_kojin', 'goldfishMXY', 'wsywsy1st', 'zzh821']
2026-04-25 19:58:23.459.459 - INFO - server_monitor - ✅ 头像预下载完成 | 总数: 4
2026-04-25 19:58:37.528.528 - INFO - server_monitor - 🔄 准备预下载 4 个玩家头像
2026-04-25 19:58:37.530.530 - INFO - server_monitor - 🔄 开始预下载 4 个玩家头像: ['SumiUsuba_kojin', 'goldfishMXY', 'wsywsy1st', 'zzh821']
2026-04-25 19:58:37.530.530 - INFO - server_monitor - ✅ 头像预下载完成 | 总数: 4
2026-04-25 19:58:51.379.379 - INFO - server_monitor - 🔄 准备预下载 4 个玩家头像
2026-04-25 19:58:51.381.381 - INFO - server_monitor - 🔄 开始预下载 4 个玩家头像: ['SumiUsuba_kojin', 'goldfishMXY', 'wsywsy1st', 'zzh821']
2026-04-25 19:58:51.382.382 - INFO - server_monitor - ✅ 头像预下载完成 | 总数: 4
2026-04-25 19:58:57.196.196 - INFO - message_handler - 📩 收到私聊消息 | user_id:  | 内容：
INFO:     43.163.64.47:48236 - "POST / HTTP/1.1" 200 OK
2026-04-25 19:59:06.015.015 - INFO - server_monitor - 🔄 准备预下载 4 个玩家头像
2026-04-25 19:59:06.017.017 - INFO - server_monitor - 🔄 开始预下载 4 个玩家头像: ['SumiUsuba_kojin', 'goldfishMXY', 'wsywsy1st', 'zzh821']
2026-04-25 19:59:06.018.018 - INFO - server_monitor - ✅ 头像预下载完成 | 总数: 4
2026-04-25 19:59:19.807.807 - INFO - server_monitor - 🔄 准备预下载 4 个玩家头像
2026-04-25 19:59:19.809.809 - INFO - server_monitor - 🔄 开始预下载 4 个玩家头像: ['SumiUsuba_kojin', 'goldfishMXY', 'wsywsy1st', 'zzh821']
2026-04-25 19:59:20.696.696 - INFO - server_monitor - ✅ 头像预下载完成 | 总数: 4
2026-04-25 19:59:33.420.420 - INFO - server_monitor - 🔄 准备预下载 4 个玩家头像
2026-04-25 19:59:33.422.422 - INFO - server_monitor - 🔄 开始预下载 4 个玩家头像: ['SumiUsuba_kojin', 'goldfishMXY', 'wsywsy1st', 'zzh821']
2026-04-25 19:59:34.257.257 - INFO - server_monitor - ✅ 头像预下载完成 | 总数: 4
2026-04-25 19:59:48.957.957 - INFO - server_monitor - 🔄 准备预下载 4 个玩家头像
2026-04-25 19:59:48.959.959 - INFO - server_monitor - 🔄 开始预下载 4 个玩家头像: ['SumiUsuba_kojin', 'goldfishMXY', 'wsywsy1st', 'zzh821']
2026-04-25 19:59:48.960.960 - INFO - server_monitor - ✅ 头像预下载完成 | 总数: 4
2026-04-25 19:59:57.197.197 - INFO - message_handler - 📩 收到私聊消息 | user_id:  | 内容：
INFO:     43.163.64.47:60794 - "POST / HTTP/1.1" 200 OK
2026-04-25 20:00:03.018.018 - INFO - server_monitor - 🔄 准备预下载 4 个玩家头像
2026-04-25 20:00:03.021.021 - INFO - server_monitor - 🔄 开始预下载 4 个玩家头像: ['SumiUsuba_kojin', 'goldfishMXY', 'wsywsy1st', 'zzh821']
2026-04-25 20:00:03.022.022 - INFO - server_monitor - ✅ 头像预下载完成 | 总数: 4
2026-04-25 20:00:18.362.362 - INFO - server_monitor - 🔄 准备预下载 4 个玩家头像
2026-04-25 20:00:18.366.366 - INFO - server_monitor - 🔄 开始预下载 4 个玩家头像: ['SumiUsuba_kojin', 'goldfishMXY', 'wsywsy1st', 'zzh821']
2026-04-25 20:00:18.872.872 - INFO - server_monitor - ✅ 头像预下载完成 | 总数: 4
2026-04-25 20:00:32.379.379 - INFO - server_monitor - 🔄 准备预下载 4 个玩家头像
2026-04-25 20:00:32.382.382 - INFO - server_monitor - 🔄 开始预下载 4 个玩家头像: ['SumiUsuba_kojin', 'goldfishMXY', 'wsywsy1st', 'zzh821']
2026-04-25 20:00:32.382.382 - INFO - server_monitor - ✅ 头像预下载完成 | 总数: 4
2026-04-25 20:00:46.277.277 - INFO - server_monitor - 🔄 准备预下载 4 个玩家头像
2026-04-25 20:00:46.281.281 - INFO - server_monitor - 🔄 开始预下载 4 个玩家头像: ['SumiUsuba_kojin', 'goldfishMXY', 'wsywsy1st', 'zzh821']
2026-04-25 20:00:46.282.282 - INFO - server_monitor - ✅ 头像预下载完成 | 总数: 4
2026-04-25 20:00:57.199.199 - INFO - message_handler - 📩 收到私聊消息 | user_id:  | 内容：
INFO:     43.163.64.47:45440 - "POST / HTTP/1.1" 200 OK
2026-04-25 20:01:00.360.360 - INFO - server_monitor - 🔄 准备预下载 4 个玩家头像
2026-04-25 20:01:00.362.362 - INFO - server_monitor - 🔄 开始预下载 4 个玩家头像: ['SumiUsuba_kojin', 'goldfishMXY', 'wsywsy1st', 'zzh821']
2026-04-25 20:01:00.362.362 - INFO - server_monitor - ✅ 头像预下载完成 | 总数: 4
2026-04-25 20:01:14.249.249 - INFO - server_monitor - 🔄 准备预下载 4 个玩家头像
2026-04-25 20:01:14.252.252 - INFO - server_monitor - 🔄 开始预下载 4 个玩家头像: ['SumiUsuba_kojin', 'goldfishMXY', 'wsywsy1st', 'zzh821']
2026-04-25 20:01:14.253.253 - INFO - server_monitor - ✅ 头像预下载完成 | 总数: 4
2026-04-25 20:01:27.897.897 - INFO - server_monitor - 🔄 准备预下载 4 个玩家头像
2026-04-25 20:01:27.900.900 - INFO - server_monitor - 🔄 开始预下载 4 个玩家头像: ['SumiUsuba_kojin', 'goldfishMXY', 'wsywsy1st', 'zzh821']
2026-04-25 20:01:28.752.752 - INFO - server_monitor - ✅ 头像预下载完成 | 总数: 4
2026-04-25 20:01:41.843.843 - INFO - server_monitor - 🔄 准备预下载 4 个玩家头像
2026-04-25 20:01:41.847.847 - INFO - server_monitor - 🔄 开始预下载 4 个玩家头像: ['SumiUsuba_kojin', 'goldfishMXY', 'wsywsy1st', 'zzh821']
2026-04-25 20:01:42.743.743 - INFO - server_monitor - ✅ 头像预下载完成 | 总数: 4
2026-04-25 20:01:55.689.689 - INFO - server_monitor - 🔄 准备预下载 3 个玩家头像
2026-04-25 20:01:55.691.691 - INFO - server_monitor - 🔄 开始预下载 3 个玩家头像: ['SumiUsuba_kojin', 'goldfishMXY', 'wsywsy1st']
2026-04-25 20:01:55.692.692 - INFO - server_monitor - ✅ 头像预下载完成 | 总数: 3
2026-04-25 20:01:57.198.198 - INFO - message_handler - 📩 收到私聊消息 | user_id:  | 内容：
INFO:     43.163.64.47:51306 - "POST / HTTP/1.1" 200 OK
2026-04-25 20:02:09.260.260 - INFO - server_monitor - 🔄 准备预下载 3 个玩家头像
2026-04-25 20:02:09.263.263 - INFO - server_monitor - 🔄 开始预下载 3 个玩家头像: ['SumiUsuba_kojin', 'goldfishMXY', 'wsywsy1st']
2026-04-25 20:02:09.263.263 - INFO - server_monitor - ✅ 头像预下载完成 | 总数: 3
2026-04-25 20:02:22.977.977 - INFO - server_monitor - 🔄 准备预下载 3 个玩家头像
2026-04-25 20:02:22.980.980 - INFO - server_monitor - 🔄 开始预下载 3 个玩家头像: ['SumiUsuba_kojin', 'goldfishMXY', 'wsywsy1st']
2026-04-25 20:02:22.981.981 - INFO - server_monitor - ✅ 头像预下载完成 | 总数: 3
2026-04-25 20:02:36.646.646 - INFO - server_monitor - 🔄 准备预下载 3 个玩家头像
2026-04-25 20:02:36.648.648 - INFO - server_monitor - 🔄 开始预下载 3 个玩家头像: ['SumiUsuba_kojin', 'goldfishMXY', 'wsywsy1st']
2026-04-25 20:02:36.648.648 - INFO - server_monitor - ✅ 头像预下载完成 | 总数: 3
2026-04-25 20:02:50.382.382 - INFO - server_monitor - 🔄 准备预下载 3 个玩家头像
2026-04-25 20:02:50.384.384 - INFO - server_monitor - 🔄 开始预下载 3 个玩家头像: ['SumiUsuba_kojin', 'goldfishMXY', 'wsywsy1st']
2026-04-25 20:02:50.384.384 - INFO - server_monitor - ✅ 头像预下载完成 | 总数: 3
2026-04-25 20:02:57.198.198 - INFO - message_handler - 📩 收到私聊消息 | user_id:  | 内容：
INFO:     43.163.64.47:35908 - "POST / HTTP/1.1" 200 OK
2026-04-25 20:03:04.611.611 - INFO - server_monitor - 🔄 准备预下载 3 个玩家头像
2026-04-25 20:03:04.614.614 - INFO - server_monitor - 🔄 开始预下载 3 个玩家头像: ['SumiUsuba_kojin', 'goldfishMXY', 'wsywsy1st']
2026-04-25 20:03:04.614.614 - INFO - server_monitor - ✅ 头像预下载完成 | 总数: 3
2026-04-25 20:03:18.830.830 - INFO - server_monitor - 🔄 准备预下载 3 个玩家头像
2026-04-25 20:03:18.833.833 - INFO - server_monitor - 🔄 开始预下载 3 个玩家头像: ['SumiUsuba_kojin', 'goldfishMXY', 'wsywsy1st']
2026-04-25 20:03:18.833.833 - INFO - server_monitor - ✅ 头像预下载完成 | 总数: 3
2026-04-25 20:03:32.490.490 - INFO - server_monitor - 🔄 准备预下载 3 个玩家头像
2026-04-25 20:03:32.492.492 - INFO - server_monitor - 🔄 开始预下载 3 个玩家头像: ['SumiUsuba_kojin', 'goldfishMXY', 'wsywsy1st']
2026-04-25 20:03:33.394.394 - INFO - server_monitor - ✅ 头像预下载完成 | 总数: 3
2026-04-25 20:03:46.143.143 - INFO - server_monitor - 🔄 准备预下载 3 个玩家头像
2026-04-25 20:03:46.147.147 - INFO - server_monitor - 🔄 开始预下载 3 个玩家头像: ['SumiUsuba_kojin', 'goldfishMXY', 'wsywsy1st']
2026-04-25 20:03:47.033.033 - INFO - server_monitor - ✅ 头像预下载完成 | 总数: 3
2026-04-25 20:03:57.199.199 - INFO - message_handler - 📩 收到私聊消息 | user_id:  | 内容：
INFO:     43.163.64.47:53466 - "POST / HTTP/1.1" 200 OK
2026-04-25 20:03:59.721.721 - INFO - server_monitor - 🔄 准备预下载 3 个玩家头像
2026-04-25 20:03:59.724.724 - INFO - server_monitor - 🔄 开始预下载 3 个玩家头像: ['SumiUsuba_kojin', 'goldfishMXY', 'wsywsy1st']
2026-04-25 20:03:59.724.724 - INFO - server_monitor - ✅ 头像预下载完成 | 总数: 3
2026-04-25 20:04:13.439.439 - INFO - server_monitor - 🔄 准备预下载 3 个玩家头像
2026-04-25 20:04:13.443.443 - INFO - server_monitor - 🔄 开始预下载 3 个玩家头像: ['SumiUsuba_kojin', 'goldfishMXY', 'wsywsy1st']
2026-04-25 20:04:13.443.443 - INFO - server_monitor - ✅ 头像预下载完成 | 总数: 3
2026-04-25 20:04:27.283.283 - INFO - server_monitor - 🔄 准备预下载 3 个玩家头像
2026-04-25 20:04:27.286.286 - INFO - server_monitor - 🔄 开始预下载 3 个玩家头像: ['SumiUsuba_kojin', 'goldfishMXY', 'wsywsy1st']
2026-04-25 20:04:27.286.286 - INFO - server_monitor - ✅ 头像预下载完成 | 总数: 3
2026-04-25 20:04:41.017.017 - INFO - server_monitor - 🔄 准备预下载 3 个玩家头像
2026-04-25 20:04:41.021.021 - INFO - server_monitor - 🔄 开始预下载 3 个玩家头像: ['SumiUsuba_kojin', 'goldfishMXY', 'wsywsy1st']
2026-04-25 20:04:41.021.021 - INFO - server_monitor - ✅ 头像预下载完成 | 总数: 3
2026-04-25 20:04:54.960.960 - INFO - server_monitor - 🔄 准备预下载 3 个玩家头像
2026-04-25 20:04:54.963.963 - INFO - server_monitor - 🔄 开始预下载 3 个玩家头像: ['SumiUsuba_kojin', 'goldfishMXY', 'wsywsy1st']
2026-04-25 20:04:54.963.963 - INFO - server_monitor - ✅ 头像预下载完成 | 总数: 3
2026-04-25 20:04:57.199.199 - INFO - message_handler - 📩 收到私聊消息 | user_id:  | 内容：
INFO:     43.163.64.47:51590 - "POST / HTTP/1.1" 200 OK
2026-04-25 20:05:08.989.989 - INFO - server_monitor - 🔄 准备预下载 3 个玩家头像
2026-04-25 20:05:08.991.991 - INFO - server_monitor - 🔄 开始预下载 3 个玩家头像: ['SumiUsuba_kojin', 'goldfishMXY', 'wsywsy1st']
2026-04-25 20:05:08.992.992 - INFO - server_monitor - ✅ 头像预下载完成 | 总数: 3
2026-04-25 20:05:22.906.906 - INFO - server_monitor - 🔄 准备预下载 3 个玩家头像
2026-04-25 20:05:22.908.908 - INFO - server_monitor - 🔄 开始预下载 3 个玩家头像: ['SumiUsuba_kojin', 'goldfishMXY', 'wsywsy1st']
2026-04-25 20:05:22.908.908 - INFO - server_monitor - ✅ 头像预下载完成 | 总数: 3
2026-04-25 20:05:37.293.293 - INFO - server_monitor - 🔄 准备预下载 3 个玩家头像
2026-04-25 20:05:37.307.307 - INFO - server_monitor - 🔄 开始预下载 3 个玩家头像: ['SumiUsuba_kojin', 'goldfishMXY', 'wsywsy1st']
2026-04-25 20:05:38.149.149 - INFO - server_monitor - ✅ 头像预下载完成 | 总数: 3
2026-04-25 20:05:51.160.160 - INFO - server_monitor - 🔄 准备预下载 3 个玩家头像
2026-04-25 20:05:51.163.163 - INFO - server_monitor - 🔄 开始预下载 3 个玩家头像: ['SumiUsuba_kojin', 'goldfishMXY', 'wsywsy1st']
2026-04-25 20:05:52.029.029 - INFO - server_monitor - ✅ 头像预下载完成 | 总数: 3
2026-04-25 20:05:57.204.204 - INFO - message_handler - 📩 收到私聊消息 | user_id:  | 内容：
INFO:     43.163.64.47:57840 - "POST / HTTP/1.1" 200 OK
2026-04-25 20:06:05.001.001 - INFO - server_monitor - 🔄 准备预下载 3 个玩家头像
2026-04-25 20:06:05.003.003 - INFO - server_monitor - 🔄 开始预下载 3 个玩家头像: ['SumiUsuba_kojin', 'goldfishMXY', 'wsywsy1st']
2026-04-25 20:06:05.003.003 - INFO - server_monitor - ✅ 头像预下载完成 | 总数: 3
2026-04-25 20:06:18.513.513 - INFO - server_monitor - 🔄 准备预下载 3 个玩家头像
2026-04-25 20:06:18.515.515 - INFO - server_monitor - 🔄 开始预下载 3 个玩家头像: ['SumiUsuba_kojin', 'goldfishMXY', 'wsywsy1st']
2026-04-25 20:06:18.515.515 - INFO - server_monitor - ✅ 头像预下载完成 | 总数: 3
2026-04-25 20:06:32.279.279 - INFO - server_monitor - 🔄 准备预下载 3 个玩家头像
2026-04-25 20:06:32.283.283 - INFO - server_monitor - 🔄 开始预下载 3 个玩家头像: ['SumiUsuba_kojin', 'goldfishMXY', 'wsywsy1st']
2026-04-25 20:06:32.284.284 - INFO - server_monitor - ✅ 头像预下载完成 | 总数: 3
2026-04-25 20:06:45.954.954 - INFO - server_monitor - 🔄 准备预下载 3 个玩家头像
2026-04-25 20:06:45.957.957 - INFO - server_monitor - 🔄 开始预下载 3 个玩家头像: ['SumiUsuba_kojin', 'goldfishMXY', 'wsywsy1st']
2026-04-25 20:06:45.958.958 - INFO - server_monitor - ✅ 头像预下载完成 | 总数: 3
2026-04-25 20:06:57.205.205 - INFO - message_handler - 📩 收到私聊消息 | user_id:  | 内容：
INFO:     43.163.64.47:58432 - "POST / HTTP/1.1" 200 OK
2026-04-25 20:06:59.802.802 - INFO - server_monitor - 🔄 准备预下载 3 个玩家头像
2026-04-25 20:06:59.805.805 - INFO - server_monitor - 🔄 开始预下载 3 个玩家头像: ['SumiUsuba_kojin', 'goldfishMXY', 'wsywsy1st']
2026-04-25 20:06:59.806.806 - INFO - server_monitor - ✅ 头像预下载完成 | 总数: 3
2026-04-25 20:07:13.465.465 - INFO - server_monitor - 🔄 准备预下载 3 个玩家头像
2026-04-25 20:07:13.469.469 - INFO - server_monitor - 🔄 开始预下载 3 个玩家头像: ['SumiUsuba_kojin', 'goldfishMXY', 'wsywsy1st']
2026-04-25 20:07:13.469.469 - INFO - server_monitor - ✅ 头像预下载完成 | 总数: 3
2026-04-25 20:07:27.645.645 - INFO - server_monitor - 🔄 准备预下载 3 个玩家头像
2026-04-25 20:07:27.647.647 - INFO - server_monitor - 🔄 开始预下载 3 个玩家头像: ['SumiUsuba_kojin', 'goldfishMXY', 'wsywsy1st']
2026-04-25 20:07:27.647.647 - INFO - server_monitor - ✅ 头像预下载完成 | 总数: 3
2026-04-25 20:07:41.435.435 - INFO - server_monitor - 🔄 准备预下载 3 个玩家头像
2026-04-25 20:07:41.445.445 - INFO - server_monitor - 🔄 开始预下载 3 个玩家头像: ['SumiUsuba_kojin', 'goldfishMXY', 'wsywsy1st']
2026-04-25 20:07:42.309.309 - INFO - server_monitor - ✅ 头像预下载完成 | 总数: 3
2026-04-25 20:07:55.373.373 - INFO - server_monitor - 🔄 准备预下载 3 个玩家头像
2026-04-25 20:07:55.375.375 - INFO - server_monitor - 🔄 开始预下载 3 个玩家头像: ['SumiUsuba_kojin', 'goldfishMXY', 'wsywsy1st']
2026-04-25 20:07:56.267.267 - INFO - server_monitor - ✅ 头像预下载完成 | 总数: 3
2026-04-25 20:07:57.200.200 - INFO - message_handler - 📩 收到私聊消息 | user_id:  | 内容：
INFO:     43.163.64.47:39508 - "POST / HTTP/1.1" 200 OK
2026-04-25 20:08:08.928.928 - INFO - server_monitor - 🔄 准备预下载 3 个玩家头像
2026-04-25 20:08:08.931.931 - INFO - server_monitor - 🔄 开始预下载 3 个玩家头像: ['SumiUsuba_kojin', 'goldfishMXY', 'wsywsy1st']
2026-04-25 20:08:08.931.931 - INFO - server_monitor - ✅ 头像预下载完成 | 总数: 3
2026-04-25 20:08:22.749.749 - INFO - server_monitor - 🔄 准备预下载 3 个玩家头像
2026-04-25 20:08:22.751.751 - INFO - server_monitor - 🔄 开始预下载 3 个玩家头像: ['SumiUsuba_kojin', 'goldfishMXY', 'wsywsy1st']
2026-04-25 20:08:22.751.751 - INFO - server_monitor - ✅ 头像预下载完成 | 总数: 3
2026-04-25 20:08:36.491.491 - INFO - server_monitor - 🔄 准备预下载 3 个玩家头像
2026-04-25 20:08:36.494.494 - INFO - server_monitor - 🔄 开始预下载 3 个玩家头像: ['SumiUsuba_kojin', 'goldfishMXY', 'wsywsy1st']
2026-04-25 20:08:36.494.494 - INFO - server_monitor - ✅ 头像预下载完成 | 总数: 3
2026-04-25 20:08:50.083.083 - INFO - server_monitor - 🔄 准备预下载 3 个玩家头像
2026-04-25 20:08:50.085.085 - INFO - server_monitor - 🔄 开始预下载 3 个玩家头像: ['SumiUsuba_kojin', 'goldfishMXY', 'wsywsy1st']
2026-04-25 20:08:50.085.085 - INFO - server_monitor - ✅ 头像预下载完成 | 总数: 3
2026-04-25 20:08:57.200.200 - INFO - message_handler - 📩 收到私聊消息 | user_id:  | 内容：
INFO:     43.163.64.47:48778 - "POST / HTTP/1.1" 200 OK
2026-04-25 20:09:03.910.910 - INFO - server_monitor - 🔄 准备预下载 3 个玩家头像
2026-04-25 20:09:03.914.914 - INFO - server_monitor - 🔄 开始预下载 3 个玩家头像: ['SumiUsuba_kojin', 'goldfishMXY', 'wsywsy1st']
2026-04-25 20:09:03.914.914 - INFO - server_monitor - ✅ 头像预下载完成 | 总数: 3
2026-04-25 20:09:17.558.558 - INFO - server_monitor - 🔄 准备预下载 3 个玩家头像
2026-04-25 20:09:17.561.561 - INFO - server_monitor - 🔄 开始预下载 3 个玩家头像: ['SumiUsuba_kojin', 'goldfishMXY', 'wsywsy1st']
2026-04-25 20:09:17.561.561 - INFO - server_monitor - ✅ 头像预下载完成 | 总数: 3
2026-04-25 20:09:31.391.391 - INFO - server_monitor - 🔄 准备预下载 3 个玩家头像
2026-04-25 20:09:31.394.394 - INFO - server_monitor - 🔄 开始预下载 3 个玩家头像: ['SumiUsuba_kojin', 'goldfishMXY', 'wsywsy1st']
2026-04-25 20:09:31.394.394 - INFO - server_monitor - ✅ 头像预下载完成 | 总数: 3
2026-04-25 20:09:45.492.492 - INFO - server_monitor - 🔄 准备预下载 3 个玩家头像
2026-04-25 20:09:45.494.494 - INFO - server_monitor - 🔄 开始预下载 3 个玩家头像: ['SumiUsuba_kojin', 'goldfishMXY', 'wsywsy1st']
2026-04-25 20:09:46.355.355 - INFO - server_monitor - ✅ 头像预下载完成 | 总数: 3
2026-04-25 20:09:57.205.205 - INFO - message_handler - 📩 收到私聊消息 | user_id:  | 内容：
INFO:     43.163.64.47:37166 - "POST / HTTP/1.1" 200 OK
2026-04-25 20:10:00.201.201 - INFO - server_monitor - 🔄 准备预下载 3 个玩家头像
2026-04-25 20:10:00.204.204 - INFO - server_monitor - 🔄 开始预下载 3 个玩家头像: ['SumiUsuba_kojin', 'goldfishMXY', 'wsywsy1st']
2026-04-25 20:10:01.111.111 - INFO - server_monitor - ✅ 头像预下载完成 | 总数: 3
2026-04-25 20:10:13.789.789 - INFO - server_monitor - 🔄 准备预下载 3 个玩家头像
2026-04-25 20:10:13.794.794 - INFO - server_monitor - 🔄 开始预下载 3 个玩家头像: ['SumiUsuba_kojin', 'goldfishMXY', 'wsywsy1st']
2026-04-25 20:10:13.794.794 - INFO - server_monitor - ✅ 头像预下载完成 | 总数: 3
2026-04-25 20:10:28.044.044 - INFO - server_monitor - 🔄 准备预下载 3 个玩家头像
2026-04-25 20:10:28.046.046 - INFO - server_monitor - 🔄 开始预下载 3 个玩家头像: ['SumiUsuba_kojin', 'goldfishMXY', 'wsywsy1st']
2026-04-25 20:10:28.047.047 - INFO - server_monitor - ✅ 头像预下载完成 | 总数: 3
2026-04-25 20:10:42.057.057 - INFO - server_monitor - 🔄 准备预下载 3 个玩家头像
2026-04-25 20:10:42.060.060 - INFO - server_monitor - 🔄 开始预下载 3 个玩家头像: ['SumiUsuba_kojin', 'goldfishMXY', 'wsywsy1st']
2026-04-25 20:10:42.060.060 - INFO - server_monitor - ✅ 头像预下载完成 | 总数: 3
2026-04-25 20:10:55.851.851 - INFO - server_monitor - 🔄 准备预下载 3 个玩家头像
2026-04-25 20:10:55.853.853 - INFO - server_monitor - 🔄 开始预下载 3 个玩家头像: ['SumiUsuba_kojin', 'goldfishMXY', 'wsywsy1st']
2026-04-25 20:10:55.854.854 - INFO - server_monitor - ✅ 头像预下载完成 | 总数: 3
2026-04-25 20:10:57.200.200 - INFO - message_handler - 📩 收到私聊消息 | user_id:  | 内容：
INFO:     43.163.64.47:33736 - "POST / HTTP/1.1" 200 OK
INFO:     204.76.203.206:58592 - "GET / HTTP/1.1" 405 Method Not Allowed
2026-04-25 20:11:09.863.863 - INFO - server_monitor - 🔄 准备预下载 3 个玩家头像
2026-04-25 20:11:09.865.865 - INFO - server_monitor - 🔄 开始预下载 3 个玩家头像: ['SumiUsuba_kojin', 'goldfishMXY', 'wsywsy1st']
2026-04-25 20:11:09.866.866 - INFO - server_monitor - ✅ 头像预下载完成 | 总数: 3
2026-04-25 20:11:24.778.778 - INFO - server_monitor - 🔄 准备预下载 3 个玩家头像
2026-04-25 20:11:24.780.780 - INFO - server_monitor - 🔄 开始预下载 3 个玩家头像: ['SumiUsuba_kojin', 'goldfishMXY', 'wsywsy1st']
2026-04-25 20:11:24.781.781 - INFO - server_monitor - ✅ 头像预下载完成 | 总数: 3
2026-04-25 20:11:38.893.893 - INFO - server_monitor - 🔄 准备预下载 3 个玩家头像
2026-04-25 20:11:38.897.897 - INFO - server_monitor - 🔄 开始预下载 3 个玩家头像: ['SumiUsuba_kojin', 'goldfishMXY', 'wsywsy1st']
2026-04-25 20:11:38.897.897 - INFO - server_monitor - ✅ 头像预下载完成 | 总数: 3
2026-04-25 20:11:52.803.803 - INFO - server_monitor - 🔄 准备预下载 3 个玩家头像
2026-04-25 20:11:52.806.806 - INFO - server_monitor - 🔄 开始预下载 3 个玩家头像: ['SumiUsuba_kojin', 'goldfishMXY', 'wsywsy1st']
2026-04-25 20:11:53.613.613 - INFO - server_monitor - ✅ 头像预下载完成 | 总数: 3
2026-04-25 20:11:57.001.001 - INFO - message_handler - 📩 收到群消息 | group_id: 967883781 | user_id: 2902166062 | 内容：/s
2026-04-25 20:11:57.009.009 - INFO - message_handler - 🔍 收到状态查询命令 | group_id: 967883781
2026-04-25 20:11:57.010.010 - INFO - message_handler - 🚀 开始任务：/status 命令处理 (group: 967883781)
2026-04-25 20:11:57.010.010 - INFO - message_handler - ⏱️ [1/5] 获取监控器实例 | 耗时：0.12ms
2026-04-25 20:11:57.011.011 - INFO - message_handler - ⏱️ [2/5] 从缓存读取服务器数据 | 耗时：0.49ms
2026-04-25 20:11:57.011.011 - INFO - message_handler - ⏱️ [3/5] 生成状态卡片图片 | 耗时：0.17ms
2026-04-25 20:11:57.223.223 - INFO - image_generator - 头像获取完成：成功 3/3
2026-04-25 20:11:57.335.335 - INFO - image_generator - 🖼️ 状态卡片生成完成 | 尺寸: 760x664 | 大小: 69.3KB | 耗时: 323.44ms
2026-04-25 20:11:57.336.336 - INFO - message_handler - ⏱️ [4/5] 发送图片到群聊 | 耗时：324.67ms
2026-04-25 20:11:57.345.345 - INFO - message_sender - 📤 准备发送群图片 | group: 967883781 | 图片大小：70947 bytes | caption: 无
2026-04-25 20:11:57.377.377 - INFO - message_handler - 📩 收到私聊消息 | user_id:  | 内容：
INFO:     43.163.64.47:35144 - "POST / HTTP/1.1" 200 OK
INFO:     43.163.64.47:35152 - "POST / HTTP/1.1" 200 OK
2026-04-25 20:12:02.485.485 - INFO - message_sender - ✅ 群图片发送完成 | group: 967883781 | status_code: 200 | 耗时：5028.63ms
2026-04-25 20:12:02.487.487 - INFO - message_handler - ⏱️ [5/5] 发送完成 | 耗时：5151.20ms
2026-04-25 20:12:02.487.487 - INFO - message_handler - 📊 任务完成：/status 命令处理 (group: 967883781) | 总玩家：3 | 服务器数：4 | 总耗时：5476.82ms
2026-04-25 20:12:02.487.487 - INFO - message_handler - 📊 任务完成：/status 命令处理 (group: 967883781) | 总耗时：5476.94ms
INFO:     43.163.64.47:35136 - "POST / HTTP/1.1" 200 OK
2026-04-25 20:12:07.046.046 - INFO - server_monitor - 🔄 准备预下载 3 个玩家头像
2026-04-25 20:12:07.050.050 - INFO - server_monitor - 🔄 开始预下载 3 个玩家头像: ['SumiUsuba_kojin', 'goldfishMXY', 'wsywsy1st']
2026-04-25 20:12:08.456.456 - INFO - server_monitor - ✅ 头像预下载完成 | 总数: 3
2026-04-25 20:12:09.438.438 - INFO - message_handler - 📩 收到群消息 | group_id: 967883781 | user_id: 2707835027 | 内容：轰轰烈烈
INFO:     43.163.64.47:53208 - "POST / HTTP/1.1" 200 OK
2026-04-25 20:12:19.796.796 - INFO - message_handler - 📩 收到群消息 | group_id: 967883781 | user_id: 2902166062 | 内容：？
INFO:     43.163.64.47:37810 - "POST / HTTP/1.1" 200 OK
2026-04-25 20:12:22.102.102 - INFO - server_monitor - 🔄 准备预下载 3 个玩家头像
2026-04-25 20:12:22.106.106 - INFO - server_monitor - 🔄 开始预下载 3 个玩家头像: ['SumiUsuba_kojin', 'goldfishMXY', 'wsywsy1st']
2026-04-25 20:12:22.106.106 - INFO - server_monitor - ✅ 头像预下载完成 | 总数: 3
2026-04-25 20:12:36.157.157 - INFO - server_monitor - 🔄 准备预下载 3 个玩家头像
2026-04-25 20:12:36.159.159 - INFO - server_monitor - 🔄 开始预下载 3 个玩家头像: ['SumiUsuba_kojin', 'goldfishMXY', 'wsywsy1st']
2026-04-25 20:12:36.159.159 - INFO - server_monitor - ✅ 头像预下载完成 | 总数: 3
2026-04-25 20:12:45.791.791 - INFO - message_handler - 📩 收到群消息 | group_id: 967883781 | user_id: 2707835027 | 内容：将
INFO:     43.163.64.47:53872 - "POST / HTTP/1.1" 200 OK
2026-04-25 20:12:47.539.539 - INFO - message_handler - 📩 收到群消息 | group_id: 967883781 | user_id: 2707835027 | 内容：进行
INFO:     43.163.64.47:53872 - "POST / HTTP/1.1" 200 OK
2026-04-25 20:12:50.308.308 - INFO - server_monitor - 🔄 准备预下载 3 个玩家头像
2026-04-25 20:12:50.313.313 - INFO - server_monitor - 🔄 开始预下载 3 个玩家头像: ['SumiUsuba_kojin', 'goldfishMXY', 'wsywsy1st']
2026-04-25 20:12:50.314.314 - INFO - server_monitor - ✅ 头像预下载完成 | 总数: 3
2026-04-25 20:12:57.202.202 - INFO - message_handler - 📩 收到私聊消息 | user_id:  | 内容：
INFO:     43.163.64.47:58258 - "POST / HTTP/1.1" 200 OK
2026-04-25 20:12:58.024.024 - INFO - message_handler - 📩 收到群消息 | group_id: 967883781 | user_id: 2902166062 | 内容：到底
INFO:     43.163.64.47:58258 - "POST / HTTP/1.1" 200 OK
2026-04-25 20:13:04.975.975 - INFO - server_monitor - 🔄 准备预下载 3 个玩家头像
2026-04-25 20:13:04.979.979 - INFO - server_monitor - 🔄 开始预下载 3 个玩家头像: ['SumiUsuba_kojin', 'goldfishMXY', 'wsywsy1st']
2026-04-25 20:13:04.980.980 - INFO - server_monitor - ✅ 头像预下载完成 | 总数: 3
2026-04-25 20:13:19.288.288 - INFO - server_monitor - 🔄 准备预下载 4 个玩家头像
2026-04-25 20:13:19.290.290 - INFO - server_monitor - 🔄 开始预下载 4 个玩家头像: ['SumiUsuba_kojin', 'goldfishMXY', 'wsywsy1st', 'xytwuming']
2026-04-25 20:13:20.340.340 - INFO - server_monitor - ✅ 头像预下载完成 | 总数: 4
2026-04-25 20:13:32.980.980 - INFO - server_monitor - 🔄 准备预下载 4 个玩家头像
2026-04-25 20:13:32.982.982 - INFO - server_monitor - 🔄 开始预下载 4 个玩家头像: ['SumiUsuba_kojin', 'goldfishMXY', 'wsywsy1st', 'xytwuming']
2026-04-25 20:13:32.983.983 - INFO - server_monitor - ✅ 头像预下载完成 | 总数: 4
2026-04-25 20:13:47.052.052 - INFO - server_monitor - 🔄 准备预下载 4 个玩家头像
2026-04-25 20:13:47.054.054 - INFO - server_monitor - 🔄 开始预下载 4 个玩家头像: ['SumiUsuba_kojin', 'goldfishMXY', 'wsywsy1st', 'xytwuming']
2026-04-25 20:13:47.055.055 - INFO - server_monitor - ✅ 头像预下载完成 | 总数: 4
2026-04-25 20:13:57.202.202 - INFO - message_handler - 📩 收到私聊消息 | user_id:  | 内容：
INFO:     43.163.64.47:59014 - "POST / HTTP/1.1" 200 OK
2026-04-25 20:14:01.479.479 - INFO - server_monitor - 🔄 准备预下载 4 个玩家头像
2026-04-25 20:14:01.485.485 - INFO - server_monitor - 🔄 开始预下载 4 个玩家头像: ['SumiUsuba_kojin', 'goldfishMXY', 'wsywsy1st', 'xytwuming']
2026-04-25 20:14:02.386.386 - INFO - server_monitor - ✅ 头像预下载完成 | 总数: 4
2026-04-25 20:14:15.937.937 - INFO - server_monitor - 🔄 准备预下载 4 个玩家头像
2026-04-25 20:14:15.939.939 - INFO - server_monitor - 🔄 开始预下载 4 个玩家头像: ['SumiUsuba_kojin', 'goldfishMXY', 'wsywsy1st', 'xytwuming']
2026-04-25 20:14:16.905.905 - INFO - server_monitor - ✅ 头像预下载完成 | 总数: 4
2026-04-25 20:14:30.987.987 - INFO - server_monitor - 🔄 准备预下载 4 个玩家头像
2026-04-25 20:14:30.990.990 - INFO - server_monitor - 🔄 开始预下载 4 个玩家头像: ['SumiUsuba_kojin', 'goldfishMXY', 'wsywsy1st', 'xytwuming']
2026-04-25 20:14:30.990.990 - INFO - server_monitor - ✅ 头像预下载完成 | 总数: 4
2026-04-25 20:14:45.214.214 - INFO - server_monitor - 🔄 准备预下载 4 个玩家头像
2026-04-25 20:14:45.217.217 - INFO - server_monitor - 🔄 开始预下载 4 个玩家头像: ['SumiUsuba_kojin', 'goldfishMXY', 'wsywsy1st', 'xytwuming']
2026-04-25 20:14:45.218.218 - INFO - server_monitor - ✅ 头像预下载完成 | 总数: 4
2026-04-25 20:14:57.202.202 - INFO - message_handler - 📩 收到私聊消息 | user_id:  | 内容：
INFO:     43.163.64.47:52100 - "POST / HTTP/1.1" 200 OK
2026-04-25 20:14:59.086.086 - INFO - server_monitor - 🔄 准备预下载 4 个玩家头像
2026-04-25 20:14:59.089.089 - INFO - server_monitor - 🔄 开始预下载 4 个玩家头像: ['SumiUsuba_kojin', 'goldfishMXY', 'wsywsy1st', 'xytwuming']
2026-04-25 20:14:59.090.090 - INFO - server_monitor - ✅ 头像预下载完成 | 总数: 4
2026-04-25 20:15:13.239.239 - INFO - server_monitor - 🔄 准备预下载 4 个玩家头像
2026-04-25 20:15:13.244.244 - INFO - server_monitor - 🔄 开始预下载 4 个玩家头像: ['SumiUsuba_kojin', 'goldfishMXY', 'wsywsy1st', 'xytwuming']
2026-04-25 20:15:13.244.244 - INFO - server_monitor - ✅ 头像预下载完成 | 总数: 4
2026-04-25 20:15:27.029.029 - INFO - server_monitor - 🔄 准备预下载 4 个玩家头像
2026-04-25 20:15:27.032.032 - INFO - server_monitor - 🔄 开始预下载 4 个玩家头像: ['SumiUsuba_kojin', 'goldfishMXY', 'wsywsy1st', 'xytwuming']
2026-04-25 20:15:28.007.007 - INFO - server_monitor - ✅ 头像预下载完成 | 总数: 4
2026-04-25 20:15:41.451.451 - INFO - server_monitor - 🔄 准备预下载 4 个玩家头像
2026-04-25 20:15:41.453.453 - INFO - server_monitor - 🔄 开始预下载 4 个玩家头像: ['SumiUsuba_kojin', 'goldfishMXY', 'wsywsy1st', 'xytwuming']
2026-04-25 20:15:41.453.453 - INFO - server_monitor - ✅ 头像预下载完成 | 总数: 4
2026-04-25 20:15:55.857.857 - INFO - server_monitor - 🔄 准备预下载 4 个玩家头像
2026-04-25 20:15:55.860.860 - INFO - server_monitor - 🔄 开始预下载 4 个玩家头像: ['SumiUsuba_kojin', 'goldfishMXY', 'wsywsy1st', 'xytwuming']
2026-04-25 20:15:55.860.860 - INFO - server_monitor - ✅ 头像预下载完成 | 总数: 4
2026-04-25 20:15:57.203.203 - INFO - message_handler - 📩 收到私聊消息 | user_id:  | 内容：
INFO:     43.163.64.47:45332 - "POST / HTTP/1.1" 200 OK
2026-04-25 20:16:09.302.302 - INFO - server_monitor - 🔄 准备预下载 4 个玩家头像
2026-04-25 20:16:09.305.305 - INFO - server_monitor - 🔄 开始预下载 4 个玩家头像: ['SumiUsuba_kojin', 'goldfishMXY', 'wsywsy1st', 'xytwuming']
2026-04-25 20:16:11.244.244 - INFO - server_monitor - ✅ 头像预下载完成 | 总数: 4
2026-04-25 20:16:24.460.460 - INFO - server_monitor - 🔄 准备预下载 4 个玩家头像
2026-04-25 20:16:24.463.463 - INFO - server_monitor - 🔄 开始预下载 4 个玩家头像: ['SumiUsuba_kojin', 'goldfishMXY', 'wsywsy1st', 'xytwuming']
2026-04-25 20:16:25.362.362 - INFO - server_monitor - ✅ 头像预下载完成 | 总数: 4
2026-04-25 20:16:39.951.951 - INFO - server_monitor - 🔄 准备预下载 4 个玩家头像
2026-04-25 20:16:39.954.954 - INFO - server_monitor - 🔄 开始预下载 4 个玩家头像: ['SumiUsuba_kojin', 'goldfishMXY', 'wsywsy1st', 'xytwuming']
2026-04-25 20:16:39.954.954 - INFO - server_monitor - ✅ 头像预下载完成 | 总数: 4
2026-04-25 20:16:55.132.132 - INFO - server_monitor - 🔄 准备预下载 4 个玩家头像
2026-04-25 20:16:55.135.135 - INFO - server_monitor - 🔄 开始预下载 4 个玩家头像: ['SumiUsuba_kojin', 'goldfishMXY', 'wsywsy1st', 'xytwuming']
2026-04-25 20:16:55.135.135 - INFO - server_monitor - ✅ 头像预下载完成 | 总数: 4
2026-04-25 20:16:57.203.203 - INFO - message_handler - 📩 收到私聊消息 | user_id:  | 内容：
INFO:     43.163.64.47:37136 - "POST / HTTP/1.1" 200 OK
2026-04-25 20:17:09.890.890 - INFO - server_monitor - 🔄 准备预下载 4 个玩家头像
2026-04-25 20:17:09.893.893 - INFO - server_monitor - 🔄 开始预下载 4 个玩家头像: ['SumiUsuba_kojin', 'goldfishMXY', 'wsywsy1st', 'xytwuming']
2026-04-25 20:17:09.894.894 - INFO - server_monitor - ✅ 头像预下载完成 | 总数: 4
2026-04-25 20:17:23.666.666 - INFO - server_monitor - 🔄 准备预下载 4 个玩家头像
2026-04-25 20:17:23.668.668 - INFO - server_monitor - 🔄 开始预下载 4 个玩家头像: ['SumiUsuba_kojin', 'goldfishMXY', 'wsywsy1st', 'xytwuming']
2026-04-25 20:17:23.668.668 - INFO - server_monitor - ✅ 头像预下载完成 | 总数: 4
2026-04-25 20:17:37.731.731 - INFO - server_monitor - 🔄 准备预下载 4 个玩家头像
2026-04-25 20:17:37.735.735 - INFO - server_monitor - 🔄 开始预下载 4 个玩家头像: ['SumiUsuba_kojin', 'goldfishMXY', 'wsywsy1st', 'xytwuming']
2026-04-25 20:17:38.607.607 - INFO - server_monitor - ✅ 头像预下载完成 | 总数: 4
2026-04-25 20:17:52.675.675 - INFO - server_monitor - 🔄 准备预下载 4 个玩家头像
2026-04-25 20:17:52.677.677 - INFO - server_monitor - 🔄 开始预下载 4 个玩家头像: ['SumiUsuba_kojin', 'goldfishMXY', 'wsywsy1st', 'xytwuming']
2026-04-25 20:17:52.677.677 - INFO - server_monitor - ✅ 头像预下载完成 | 总数: 4
2026-04-25 20:17:57.204.204 - INFO - message_handler - 📩 收到私聊消息 | user_id:  | 内容：
INFO:     43.163.64.47:44884 - "POST / HTTP/1.1" 200 OK
2026-04-25 20:18:08.863.863 - INFO - server_monitor - 🔄 准备预下载 4 个玩家头像
2026-04-25 20:18:08.866.866 - INFO - server_monitor - 🔄 开始预下载 4 个玩家头像: ['SumiUsuba_kojin', 'goldfishMXY', 'wsywsy1st', 'xytwuming']
2026-04-25 20:18:08.866.866 - INFO - server_monitor - ✅ 头像预下载完成 | 总数: 4
2026-04-25 20:18:24.343.343 - INFO - server_monitor - 🔄 准备预下载 4 个玩家头像
2026-04-25 20:18:24.346.346 - INFO - server_monitor - 🔄 开始预下载 4 个玩家头像: ['SumiUsuba_kojin', 'goldfishMXY', 'wsywsy1st', 'xytwuming']
2026-04-25 20:18:25.171.171 - INFO - server_monitor - ✅ 头像预下载完成 | 总数: 4
2026-04-25 20:18:41.603.603 - INFO - server_monitor - 🔄 准备预下载 4 个玩家头像
2026-04-25 20:18:41.606.606 - INFO - server_monitor - 🔄 开始预下载 4 个玩家头像: ['SumiUsuba_kojin', 'goldfishMXY', 'wsywsy1st', 'xytwuming']
2026-04-25 20:18:43.430.430 - INFO - server_monitor - ✅ 头像预下载完成 | 总数: 4
INFO:     204.76.203.206:59480 - "GET / HTTP/1.1" 405 Method Not Allowed
2026-04-25 20:18:56.715.715 - INFO - server_monitor - 🔄 准备预下载 4 个玩家头像
2026-04-25 20:18:56.720.720 - INFO - server_monitor - 🔄 开始预下载 4 个玩家头像: ['SumiUsuba_kojin', 'goldfishMXY', 'wsywsy1st', 'xytwuming']
2026-04-25 20:18:56.721.721 - INFO - server_monitor - ✅ 头像预下载完成 | 总数: 4
2026-04-25 20:18:57.206.206 - INFO - message_handler - 📩 收到私聊消息 | user_id:  | 内容：
INFO:     43.163.64.47:43088 - "POST / HTTP/1.1" 200 OK
2026-04-25 20:19:10.601.601 - INFO - server_monitor - 🔄 准备预下载 4 个玩家头像
2026-04-25 20:19:10.604.604 - INFO - server_monitor - 🔄 开始预下载 4 个玩家头像: ['SumiUsuba_kojin', 'goldfishMXY', 'wsywsy1st', 'xytwuming']
2026-04-25 20:19:10.605.605 - INFO - server_monitor - ✅ 头像预下载完成 | 总数: 4
2026-04-25 20:19:24.875.875 - INFO - server_monitor - 🔄 准备预下载 4 个玩家头像
2026-04-25 20:19:24.877.877 - INFO - server_monitor - 🔄 开始预下载 4 个玩家头像: ['SumiUsuba_kojin', 'goldfishMXY', 'wsywsy1st', 'xytwuming']
2026-04-25 20:19:24.877.877 - INFO - server_monitor - ✅ 头像预下载完成 | 总数: 4
2026-04-25 20:19:39.580.580 - INFO - server_monitor - 🔄 准备预下载 4 个玩家头像
2026-04-25 20:19:39.584.584 - INFO - server_monitor - 🔄 开始预下载 4 个玩家头像: ['SumiUsuba_kojin', 'goldfishMXY', 'wsywsy1st', 'xytwuming']
2026-04-25 20:19:40.159.159 - INFO - server_monitor - ✅ 头像预下载完成 | 总数: 4
2026-04-25 20:19:53.694.694 - INFO - server_monitor - 🔄 准备预下载 4 个玩家头像
2026-04-25 20:19:53.699.699 - INFO - server_monitor - 🔄 开始预下载 4 个玩家头像: ['SumiUsuba_kojin', 'goldfishMXY', 'wsywsy1st', 'xytwuming']
2026-04-25 20:19:53.699.699 - INFO - server_monitor - ✅ 头像预下载完成 | 总数: 4
2026-04-25 20:19:57.204.204 - INFO - message_handler - 📩 收到私聊消息 | user_id:  | 内容：
INFO:     43.163.64.47:47930 - "POST / HTTP/1.1" 200 OK
2026-04-25 20:20:07.833.833 - INFO - server_monitor - 🔄 准备预下载 4 个玩家头像
2026-04-25 20:20:07.836.836 - INFO - server_monitor - 🔄 开始预下载 4 个玩家头像: ['SumiUsuba_kojin', 'goldfishMXY', 'wsywsy1st', 'xytwuming']
2026-04-25 20:20:07.837.837 - INFO - server_monitor - ✅ 头像预下载完成 | 总数: 4
2026-04-25 20:20:25.710.710 - INFO - server_monitor - 🔄 准备预下载 4 个玩家头像
2026-04-25 20:20:25.712.712 - INFO - server_monitor - 🔄 开始预下载 4 个玩家头像: ['SumiUsuba_kojin', 'goldfishMXY', 'wsywsy1st', 'xytwuming']
2026-04-25 20:20:26.582.582 - INFO - server_monitor - ✅ 头像预下载完成 | 总数: 4
2026-04-25 20:20:40.670.670 - INFO - server_monitor - 🔄 准备预下载 4 个玩家头像
2026-04-25 20:20:40.673.673 - INFO - server_monitor - 🔄 开始预下载 4 个玩家头像: ['SumiUsuba_kojin', 'goldfishMXY', 'wsywsy1st', 'xytwuming']
2026-04-25 20:20:40.673.673 - INFO - server_monitor - ✅ 头像预下载完成 | 总数: 4
2026-04-25 20:20:54.802.802 - INFO - server_monitor - 🔄 准备预下载 4 个玩家头像
2026-04-25 20:20:54.804.804 - INFO - server_monitor - 🔄 开始预下载 4 个玩家头像: ['SumiUsuba_kojin', 'goldfishMXY', 'wsywsy1st', 'xytwuming']
2026-04-25 20:20:55.767.767 - INFO - server_monitor - ✅ 头像预下载完成 | 总数: 4
2026-04-25 20:20:57.204.204 - INFO - message_handler - 📩 收到私聊消息 | user_id:  | 内容：
INFO:     43.163.64.47:34134 - "POST / HTTP/1.1" 200 OK
2026-04-25 20:21:09.851.851 - INFO - server_monitor - 🔄 准备预下载 4 个玩家头像
2026-04-25 20:21:09.853.853 - INFO - server_monitor - 🔄 开始预下载 4 个玩家头像: ['SumiUsuba_kojin', 'goldfishMXY', 'wsywsy1st', 'xytwuming']
2026-04-25 20:21:09.853.853 - INFO - server_monitor - ✅ 头像预下载完成 | 总数: 4
2026-04-25 20:21:23.507.507 - INFO - server_monitor - 🔄 准备预下载 4 个玩家头像
2026-04-25 20:21:23.510.510 - INFO - server_monitor - 🔄 开始预下载 4 个玩家头像: ['SumiUsuba_kojin', 'goldfishMXY', 'wsywsy1st', 'xytwuming']
2026-04-25 20:21:23.510.510 - INFO - server_monitor - ✅ 头像预下载完成 | 总数: 4
2026-04-25 20:21:37.641.641 - INFO - server_monitor - 🔄 准备预下载 4 个玩家头像
2026-04-25 20:21:37.643.643 - INFO - server_monitor - 🔄 开始预下载 4 个玩家头像: ['SumiUsuba_kojin', 'goldfishMXY', 'wsywsy1st', 'xytwuming']
2026-04-25 20:21:37.643.643 - INFO - server_monitor - ✅ 头像预下载完成 | 总数: 4
2026-04-25 20:21:51.210.210 - INFO - server_monitor - 🔄 准备预下载 4 个玩家头像
2026-04-25 20:21:51.212.212 - INFO - server_monitor - 🔄 开始预下载 4 个玩家头像: ['SumiUsuba_kojin', 'goldfishMXY', 'wsywsy1st', 'xytwuming']
2026-04-25 20:21:52.047.047 - INFO - server_monitor - ✅ 头像预下载完成 | 总数: 4
2026-04-25 20:21:57.207.207 - INFO - message_handler - 📩 收到私聊消息 | user_id:  | 内容：
INFO:     43.163.64.47:60074 - "POST / HTTP/1.1" 200 OK
2026-04-25 20:22:08.050.050 - INFO - server_monitor - 🔄 准备预下载 4 个玩家头像
2026-04-25 20:22:08.052.052 - INFO - server_monitor - 🔄 开始预下载 4 个玩家头像: ['SumiUsuba_kojin', 'goldfishMXY', 'wsywsy1st', 'xytwuming']
2026-04-25 20:22:08.052.052 - INFO - server_monitor - ✅ 头像预下载完成 | 总数: 4
2026-04-25 20:22:23.610.610 - INFO - server_monitor - 🔄 准备预下载 4 个玩家头像
2026-04-25 20:22:23.612.612 - INFO - server_monitor - 🔄 开始预下载 4 个玩家头像: ['SumiUsuba_kojin', 'goldfishMXY', 'wsywsy1st', 'xytwuming']
2026-04-25 20:22:23.612.612 - INFO - server_monitor - ✅ 头像预下载完成 | 总数: 4
2026-04-25 20:22:39.917.917 - INFO - server_monitor - 🔄 准备预下载 4 个玩家头像
2026-04-25 20:22:39.919.919 - INFO - server_monitor - 🔄 开始预下载 4 个玩家头像: ['SumiUsuba_kojin', 'goldfishMXY', 'wsywsy1st', 'xytwuming']
2026-04-25 20:22:40.823.823 - INFO - server_monitor - ✅ 头像预下载完成 | 总数: 4
2026-04-25 20:22:55.299.299 - INFO - server_monitor - 🔄 准备预下载 4 个玩家头像
2026-04-25 20:22:55.303.303 - INFO - server_monitor - 🔄 开始预下载 4 个玩家头像: ['SumiUsuba_kojin', 'goldfishMXY', 'wsywsy1st', 'xytwuming']
2026-04-25 20:22:56.173.173 - INFO - server_monitor - ✅ 头像预下载完成 | 总数: 4
2026-04-25 20:22:57.228.228 - INFO - message_handler - 📩 收到私聊消息 | user_id:  | 内容：
INFO:     43.163.64.47:58170 - "POST / HTTP/1.1" 200 OK
2026-04-25 20:23:09.357.357 - INFO - server_monitor - 🔄 准备预下载 4 个玩家头像
2026-04-25 20:23:09.360.360 - INFO - server_monitor - 🔄 开始预下载 4 个玩家头像: ['SumiUsuba_kojin', 'goldfishMXY', 'wsywsy1st', 'xytwuming']
2026-04-25 20:23:09.361.361 - INFO - server_monitor - ✅ 头像预下载完成 | 总数: 4
2026-04-25 20:23:23.237.237 - INFO - server_monitor - 🔄 准备预下载 4 个玩家头像
2026-04-25 20:23:23.240.240 - INFO - server_monitor - 🔄 开始预下载 4 个玩家头像: ['SumiUsuba_kojin', 'goldfishMXY', 'wsywsy1st', 'xytwuming']
2026-04-25 20:23:23.240.240 - INFO - server_monitor - ✅ 头像预下载完成 | 总数: 4
2026-04-25 20:23:38.432.432 - INFO - server_monitor - 🔄 准备预下载 4 个玩家头像
2026-04-25 20:23:38.434.434 - INFO - server_monitor - 🔄 开始预下载 4 个玩家头像: ['SumiUsuba_kojin', 'goldfishMXY', 'wsywsy1st', 'xytwuming']
2026-04-25 20:23:38.436.436 - INFO - server_monitor - ✅ 头像预下载完成 | 总数: 4
2026-04-25 20:23:55.463.463 - INFO - server_monitor - 🔄 准备预下载 4 个玩家头像
2026-04-25 20:23:55.466.466 - INFO - server_monitor - 🔄 开始预下载 4 个玩家头像: ['SumiUsuba_kojin', 'goldfishMXY', 'wsywsy1st', 'xytwuming']
2026-04-25 20:23:56.288.288 - INFO - server_monitor - ✅ 头像预下载完成 | 总数: 4
2026-04-25 20:23:57.205.205 - INFO - message_handler - 📩 收到私聊消息 | user_id:  | 内容：
INFO:     43.163.64.47:42224 - "POST / HTTP/1.1" 200 OK
2026-04-25 20:24:12.087.087 - INFO - server_monitor - 🔄 准备预下载 3 个玩家头像
2026-04-25 20:24:12.092.092 - INFO - server_monitor - 🔄 开始预下载 3 个玩家头像: ['goldfishMXY', 'wsywsy1st', 'xytwuming']
2026-04-25 20:24:12.093.093 - INFO - server_monitor - ✅ 头像预下载完成 | 总数: 3
2026-04-25 20:24:28.094.094 - INFO - server_monitor - 🔄 准备预下载 3 个玩家头像
2026-04-25 20:24:28.099.099 - INFO - server_monitor - 🔄 开始预下载 3 个玩家头像: ['goldfishMXY', 'wsywsy1st', 'xytwuming']
2026-04-25 20:24:28.099.099 - INFO - server_monitor - ✅ 头像预下载完成 | 总数: 3
2026-04-25 20:24:43.461.461 - INFO - server_monitor - 🔄 准备预下载 4 个玩家头像
2026-04-25 20:24:43.463.463 - INFO - server_monitor - 🔄 开始预下载 4 个玩家头像: ['SumiUsuba_kojin', 'goldfishMXY', 'wsywsy1st', 'xytwuming']
2026-04-25 20:24:44.308.308 - INFO - server_monitor - ✅ 头像预下载完成 | 总数: 4
2026-04-25 20:24:57.204.204 - INFO - message_handler - 📩 收到私聊消息 | user_id:  | 内容：
INFO:     43.163.64.47:48694 - "POST / HTTP/1.1" 200 OK
2026-04-25 20:24:58.031.031 - INFO - server_monitor - 🔄 准备预下载 4 个玩家头像
2026-04-25 20:24:58.034.034 - INFO - server_monitor - 🔄 开始预下载 4 个玩家头像: ['SumiUsuba_kojin', 'goldfishMXY', 'wsywsy1st', 'xytwuming']
2026-04-25 20:24:58.922.922 - INFO - server_monitor - ✅ 头像预下载完成 | 总数: 4
2026-04-25 20:25:11.765.765 - INFO - server_monitor - 🔄 准备预下载 4 个玩家头像
2026-04-25 20:25:11.767.767 - INFO - server_monitor - 🔄 开始预下载 4 个玩家头像: ['SumiUsuba_kojin', 'goldfishMXY', 'wsywsy1st', 'xytwuming']
2026-04-25 20:25:11.768.768 - INFO - server_monitor - ✅ 头像预下载完成 | 总数: 4
2026-04-25 20:25:25.633.633 - INFO - server_monitor - 🔄 准备预下载 4 个玩家头像
2026-04-25 20:25:25.636.636 - INFO - server_monitor - 🔄 开始预下载 4 个玩家头像: ['SumiUsuba_kojin', 'goldfishMXY', 'wsywsy1st', 'xytwuming']
2026-04-25 20:25:25.636.636 - INFO - server_monitor - ✅ 头像预下载完成 | 总数: 4
2026-04-25 20:25:39.808.808 - INFO - server_monitor - 🔄 准备预下载 4 个玩家头像
2026-04-25 20:25:39.810.810 - INFO - server_monitor - 🔄 开始预下载 4 个玩家头像: ['SumiUsuba_kojin', 'goldfishMXY', 'wsywsy1st', 'xytwuming']
2026-04-25 20:25:39.810.810 - INFO - server_monitor - ✅ 头像预下载完成 | 总数: 4
2026-04-25 20:25:54.018.018 - INFO - server_monitor - 🔄 准备预下载 4 个玩家头像
2026-04-25 20:25:54.020.020 - INFO - server_monitor - 🔄 开始预下载 4 个玩家头像: ['SumiUsuba_kojin', 'goldfishMXY', 'wsywsy1st', 'xytwuming']
2026-04-25 20:25:54.021.021 - INFO - server_monitor - ✅ 头像预下载完成 | 总数: 4
2026-04-25 20:25:57.206.206 - INFO - message_handler - 📩 收到私聊消息 | user_id:  | 内容：
INFO:     43.163.64.47:56702 - "POST / HTTP/1.1" 200 OK
2026-04-25 20:26:07.959.959 - INFO - server_monitor - 🔄 准备预下载 4 个玩家头像
2026-04-25 20:26:07.961.961 - INFO - server_monitor - 🔄 开始预下载 4 个玩家头像: ['SumiUsuba_kojin', 'goldfishMXY', 'wsywsy1st', 'xytwuming']
2026-04-25 20:26:08.901.901 - INFO - server_monitor - ✅ 头像预下载完成 | 总数: 4
2026-04-25 20:26:21.854.854 - INFO - server_monitor - 🔄 准备预下载 4 个玩家头像
2026-04-25 20:26:21.857.857 - INFO - server_monitor - 🔄 开始预下载 4 个玩家头像: ['SumiUsuba_kojin', 'goldfishMXY', 'wsywsy1st', 'xytwuming']
2026-04-25 20:26:21.858.858 - INFO - server_monitor - ✅ 头像预下载完成 | 总数: 4
2026-04-25 20:26:35.830.830 - INFO - server_monitor - 🔄 准备预下载 4 个玩家头像
2026-04-25 20:26:35.832.832 - INFO - server_monitor - 🔄 开始预下载 4 个玩家头像: ['SumiUsuba_kojin', 'goldfishMXY', 'wsywsy1st', 'xytwuming']
2026-04-25 20:26:35.832.832 - INFO - server_monitor - ✅ 头像预下载完成 | 总数: 4
2026-04-25 20:26:50.600.600 - INFO - server_monitor - 🔄 准备预下载 4 个玩家头像
2026-04-25 20:26:50.602.602 - INFO - server_monitor - 🔄 开始预下载 4 个玩家头像: ['SumiUsuba_kojin', 'goldfishMXY', 'wsywsy1st', 'xytwuming']
2026-04-25 20:26:51.402.402 - INFO - server_monitor - ✅ 头像预下载完成 | 总数: 4
2026-04-25 20:26:57.204.204 - INFO - message_handler - 📩 收到私聊消息 | user_id:  | 内容：
INFO:     43.163.64.47:40382 - "POST / HTTP/1.1" 200 OK
2026-04-25 20:27:05.162.162 - INFO - server_monitor - 🔄 准备预下载 4 个玩家头像
2026-04-25 20:27:05.165.165 - INFO - server_monitor - 🔄 开始预下载 4 个玩家头像: ['SumiUsuba_kojin', 'goldfishMXY', 'wsywsy1st', 'xytwuming']
2026-04-25 20:27:06.074.074 - INFO - server_monitor - ✅ 头像预下载完成 | 总数: 4
2026-04-25 20:27:18.895.895 - INFO - server_monitor - 🔄 准备预下载 4 个玩家头像
2026-04-25 20:27:18.897.897 - INFO - server_monitor - 🔄 开始预下载 4 个玩家头像: ['SumiUsuba_kojin', 'goldfishMXY', 'wsywsy1st', 'xytwuming']
2026-04-25 20:27:18.897.897 - INFO - server_monitor - ✅ 头像预下载完成 | 总数: 4
2026-04-25 20:27:32.771.771 - INFO - server_monitor - 🔄 准备预下载 4 个玩家头像
2026-04-25 20:27:32.774.774 - INFO - server_monitor - 🔄 开始预下载 4 个玩家头像: ['SumiUsuba_kojin', 'goldfishMXY', 'wsywsy1st', 'xytwuming']
2026-04-25 20:27:32.776.776 - INFO - server_monitor - ✅ 头像预下载完成 | 总数: 4
INFO:     204.76.203.206:38114 - "GET / HTTP/1.1" 405 Method Not Allowed
2026-04-25 20:27:46.779.779 - INFO - server_monitor - 🔄 准备预下载 4 个玩家头像
2026-04-25 20:27:46.782.782 - INFO - server_monitor - 🔄 开始预下载 4 个玩家头像: ['SumiUsuba_kojin', 'goldfishMXY', 'wsywsy1st', 'xytwuming']
2026-04-25 20:27:46.782.782 - INFO - server_monitor - ✅ 头像预下载完成 | 总数: 4
2026-04-25 20:27:57.204.204 - INFO - message_handler - 📩 收到私聊消息 | user_id:  | 内容：
INFO:     43.163.64.47:39734 - "POST / HTTP/1.1" 200 OK
2026-04-25 20:28:00.712.712 - INFO - server_monitor - 🔄 准备预下载 4 个玩家头像
2026-04-25 20:28:00.715.715 - INFO - server_monitor - 🔄 开始预下载 4 个玩家头像: ['SumiUsuba_kojin', 'goldfishMXY', 'wsywsy1st', 'xytwuming']
2026-04-25 20:28:00.715.715 - INFO - server_monitor - ✅ 头像预下载完成 | 总数: 4
2026-04-25 20:28:14.399.399 - INFO - server_monitor - 🔄 准备预下载 4 个玩家头像
2026-04-25 20:28:14.401.401 - INFO - server_monitor - 🔄 开始预下载 4 个玩家头像: ['SumiUsuba_kojin', 'goldfishMXY', 'wsywsy1st', 'xytwuming']
2026-04-25 20:28:15.238.238 - INFO - server_monitor - ✅ 头像预下载完成 | 总数: 4
2026-04-25 20:28:28.253.253 - INFO - server_monitor - 🔄 准备预下载 4 个玩家头像
2026-04-25 20:28:28.257.257 - INFO - server_monitor - 🔄 开始预下载 4 个玩家头像: ['SumiUsuba_kojin', 'goldfishMXY', 'wsywsy1st', 'xytwuming']
2026-04-25 20:28:28.257.257 - INFO - server_monitor - ✅ 头像预下载完成 | 总数: 4
2026-04-25 20:28:41.824.824 - INFO - server_monitor - 🔄 准备预下载 4 个玩家头像
2026-04-25 20:28:41.827.827 - INFO - server_monitor - 🔄 开始预下载 4 个玩家头像: ['SumiUsuba_kojin', 'goldfishMXY', 'wsywsy1st', 'xytwuming']
2026-04-25 20:28:41.828.828 - INFO - server_monitor - ✅ 头像预下载完成 | 总数: 4
2026-04-25 20:28:55.514.514 - INFO - server_monitor - 🔄 准备预下载 4 个玩家头像
2026-04-25 20:28:55.517.517 - INFO - server_monitor - 🔄 开始预下载 4 个玩家头像: ['SumiUsuba_kojin', 'goldfishMXY', 'wsywsy1st', 'xytwuming']
2026-04-25 20:28:56.334.334 - INFO - server_monitor - ✅ 头像预下载完成 | 总数: 4
2026-04-25 20:28:57.204.204 - INFO - message_handler - 📩 收到私聊消息 | user_id:  | 内容：
INFO:     43.163.64.47:42000 - "POST / HTTP/1.1" 200 OK
2026-04-25 20:29:09.837.837 - INFO - server_monitor - 🔄 准备预下载 4 个玩家头像
2026-04-25 20:29:09.841.841 - INFO - server_monitor - 🔄 开始预下载 4 个玩家头像: ['SumiUsuba_kojin', 'goldfishMXY', 'wsywsy1st', 'xytwuming']
2026-04-25 20:29:10.702.702 - INFO - server_monitor - ✅ 头像预下载完成 | 总数: 4
2026-04-25 20:29:24.118.118 - INFO - server_monitor - 🔄 准备预下载 4 个玩家头像
2026-04-25 20:29:24.121.121 - INFO - server_monitor - 🔄 开始预下载 4 个玩家头像: ['SumiUsuba_kojin', 'goldfishMXY', 'wsywsy1st', 'xytwuming']
2026-04-25 20:29:24.121.121 - INFO - server_monitor - ✅ 头像预下载完成 | 总数: 4
2026-04-25 20:29:37.678.678 - INFO - server_monitor - 🔄 准备预下载 4 个玩家头像
2026-04-25 20:29:37.680.680 - INFO - server_monitor - 🔄 开始预下载 4 个玩家头像: ['SumiUsuba_kojin', 'goldfishMXY', 'wsywsy1st', 'xytwuming']
2026-04-25 20:29:37.680.680 - INFO - server_monitor - ✅ 头像预下载完成 | 总数: 4
2026-04-25 20:29:51.559.559 - INFO - server_monitor - 🔄 准备预下载 4 个玩家头像
2026-04-25 20:29:51.562.562 - INFO - server_monitor - 🔄 开始预下载 4 个玩家头像: ['SumiUsuba_kojin', 'goldfishMXY', 'wsywsy1st', 'xytwuming']
2026-04-25 20:29:51.562.562 - INFO - server_monitor - ✅ 头像预下载完成 | 总数: 4
2026-04-25 20:29:57.205.205 - INFO - message_handler - 📩 收到私聊消息 | user_id:  | 内容：
INFO:     43.163.64.47:35574 - "POST / HTTP/1.1" 200 OK
2026-04-25 20:30:05.252.252 - INFO - server_monitor - 🔄 准备预下载 4 个玩家头像
2026-04-25 20:30:05.255.255 - INFO - server_monitor - 🔄 开始预下载 4 个玩家头像: ['SumiUsuba_kojin', 'goldfishMXY', 'wsywsy1st', 'xytwuming']
2026-04-25 20:30:05.255.255 - INFO - server_monitor - ✅ 头像预下载完成 | 总数: 4
2026-04-25 20:30:19.080.080 - INFO - server_monitor - 🔄 准备预下载 4 个玩家头像
2026-04-25 20:30:19.087.087 - INFO - server_monitor - 🔄 开始预下载 4 个玩家头像: ['SumiUsuba_kojin', 'goldfishMXY', 'wsywsy1st', 'xytwuming']
2026-04-25 20:30:19.944.944 - INFO - server_monitor - ✅ 头像预下载完成 | 总数: 4
2026-04-25 20:30:32.998.998 - INFO - server_monitor - 🔄 准备预下载 4 个玩家头像
2026-04-25 20:30:33.001.001 - INFO - server_monitor - 🔄 开始预下载 4 个玩家头像: ['SumiUsuba_kojin', 'goldfishMXY', 'wsywsy1st', 'xytwuming']
2026-04-25 20:30:33.001.001 - INFO - server_monitor - ✅ 头像预下载完成 | 总数: 4
2026-04-25 20:30:46.858.858 - INFO - server_monitor - 🔄 准备预下载 4 个玩家头像
2026-04-25 20:30:46.860.860 - INFO - server_monitor - 🔄 开始预下载 4 个玩家头像: ['SumiUsuba_kojin', 'goldfishMXY', 'wsywsy1st', 'xytwuming']
2026-04-25 20:30:46.861.861 - INFO - server_monitor - ✅ 头像预下载完成 | 总数: 4
2026-04-25 20:30:57.205.205 - INFO - message_handler - 📩 收到私聊消息 | user_id:  | 内容：
INFO:     43.163.64.47:55206 - "POST / HTTP/1.1" 200 OK
2026-04-25 20:31:00.653.653 - INFO - server_monitor - 🔄 准备预下载 4 个玩家头像
2026-04-25 20:31:00.656.656 - INFO - server_monitor - 🔄 开始预下载 4 个玩家头像: ['SumiUsuba_kojin', 'goldfishMXY', 'wsywsy1st', 'xytwuming']
2026-04-25 20:31:01.475.475 - INFO - server_monitor - ✅ 头像预下载完成 | 总数: 4
2026-04-25 20:31:14.383.383 - INFO - server_monitor - 🔄 准备预下载 4 个玩家头像
2026-04-25 20:31:14.385.385 - INFO - server_monitor - 🔄 开始预下载 4 个玩家头像: ['SumiUsuba_kojin', 'goldfishMXY', 'wsywsy1st', 'xytwuming']
2026-04-25 20:31:15.381.381 - INFO - server_monitor - ✅ 头像预下载完成 | 总数: 4
2026-04-25 20:31:20.381.381 - INFO - message_handler - 📩 收到群消息 | group_id: 733890551 | user_id: 2029626166 | 内容：[CQ:image,file=1CBBDE660BF826D0271BEA007CC51908.jp
INFO:     43.163.64.47:39874 - "POST / HTTP/1.1" 200 OK
2026-04-25 20:31:28.265.265 - INFO - server_monitor - 🔄 准备预下载 4 个玩家头像
2026-04-25 20:31:28.268.268 - INFO - server_monitor - 🔄 开始预下载 4 个玩家头像: ['SumiUsuba_kojin', 'goldfishMXY', 'wsywsy1st', 'xytwuming']
2026-04-25 20:31:28.268.268 - INFO - server_monitor - ✅ 头像预下载完成 | 总数: 4
2026-04-25 20:31:42.586.586 - INFO - server_monitor - 🔄 准备预下载 4 个玩家头像
2026-04-25 20:31:42.588.588 - INFO - server_monitor - 🔄 开始预下载 4 个玩家头像: ['SumiUsuba_kojin', 'goldfishMXY', 'wsywsy1st', 'xytwuming']
2026-04-25 20:31:42.588.588 - INFO - server_monitor - ✅ 头像预下载完成 | 总数: 4
2026-04-25 20:31:56.450.450 - INFO - server_monitor - 🔄 准备预下载 4 个玩家头像
2026-04-25 20:31:56.453.453 - INFO - server_monitor - 🔄 开始预下载 4 个玩家头像: ['SumiUsuba_kojin', 'goldfishMXY', 'wsywsy1st', 'xytwuming']
2026-04-25 20:31:56.453.453 - INFO - server_monitor - ✅ 头像预下载完成 | 总数: 4
2026-04-25 20:31:57.207.207 - INFO - message_handler - 📩 收到私聊消息 | user_id:  | 内容：
INFO:     43.163.64.47:32890 - "POST / HTTP/1.1" 200 OK
2026-04-25 20:32:10.381.381 - INFO - server_monitor - 🔄 准备预下载 4 个玩家头像
2026-04-25 20:32:10.598.598 - INFO - server_monitor - 🔄 开始预下载 4 个玩家头像: ['SumiUsuba_kojin', 'goldfishMXY', 'wsywsy1st', 'xytwuming']
2026-04-25 20:32:10.598.598 - INFO - server_monitor - ✅ 头像预下载完成 | 总数: 4
2026-04-25 20:32:24.537.537 - INFO - server_monitor - 🔄 准备预下载 4 个玩家头像
2026-04-25 20:32:24.541.541 - INFO - server_monitor - 🔄 开始预下载 4 个玩家头像: ['SumiUsuba_kojin', 'goldfishMXY', 'wsywsy1st', 'xytwuming']
2026-04-25 20:32:25.436.436 - INFO - server_monitor - ✅ 头像预下载完成 | 总数: 4
2026-04-25 20:32:38.523.523 - INFO - server_monitor - 🔄 准备预下载 4 个玩家头像
2026-04-25 20:32:38.526.526 - INFO - server_monitor - 🔄 开始预下载 4 个玩家头像: ['SumiUsuba_kojin', 'goldfishMXY', 'wsywsy1st', 'xytwuming']
2026-04-25 20:32:38.526.526 - INFO - server_monitor - ✅ 头像预下载完成 | 总数: 4
2026-04-25 20:32:45.283.283 - INFO - message_handler - 📩 收到群消息 | group_id: 733890551 | user_id: 2079390238 | 内容：/fuck
INFO:     43.163.64.47:45558 - "POST / HTTP/1.1" 200 OK
2026-04-25 20:32:52.311.311 - INFO - server_monitor - 🔄 准备预下载 4 个玩家头像
2026-04-25 20:32:52.314.314 - INFO - server_monitor - 🔄 开始预下载 4 个玩家头像: ['SumiUsuba_kojin', 'goldfishMXY', 'wsywsy1st', 'xytwuming']
2026-04-25 20:32:52.314.314 - INFO - server_monitor - ✅ 头像预下载完成 | 总数: 4
2026-04-25 20:32:57.288.288 - INFO - message_handler - 📩 收到私聊消息 | user_id:  | 内容：
INFO:     43.163.64.47:50490 - "POST / HTTP/1.1" 200 OK
INFO:     Shutting down
INFO:     Waiting for application shutdown.
2026-04-25 20:33:04.323.323 - INFO - server_monitor - 🛑 后台监控任务已取消
2026-04-25 20:33:04.324.324 - INFO - __main__ - 🛑 应用已安全关闭
INFO:     Application shutdown complete.
INFO:     Finished server process [13338]
2:58.043 - INFO - __main__ - 🔧 服务器启动中... 监听端口: 8080 | 群组: ['733890551', '967883781'] | 环境：production
2026-04-25 20:32:58.120 - INFO - database - 🔧 开始初始化数据库...
2026-04-25 20:32:58.121 - INFO - database - ✅ 数据库初始化完成
2026-04-25 20:32:58.122 - INFO - __main__ - 🚀 应用启动完成
2026-04-25 20:32:58.123 - INFO - server_monitor - 🚀 后台监控任务已启动 (间隔：10秒)
2026-04-25 20:32:58.129 - INFO - server_monitor - 🔧 ServerMonitor 已初始化 | TTL: 10.0s | 头像校验: 120s | IP: 172.17.0.1
2026-04-25 20:32:58.129 - INFO - __main__ - 🕛 每日词云任务已启动
2026-04-25 20:32:58.131 - INFO - __main__ - 🕛 词云任务等待 3.45h 至 2026-04-26 00:00:03
ERROR:    [Errno 98] error while attempting to bind on address ('0.0.0.0', 8080): address already in use
2026-04-25 20:32:58.135 - INFO - server_monitor - 🛑 后台监控任务已取消
2026-04-25 20:32:58.136 - INFO - __main__ - 🛑 每日词云任务已取消
2026-04-25 20:32:58.136 - INFO - __main__ - 🛑 应用已安全关闭
2026-04-25 20:33:07.037 - INFO - hitokoto_local - 成功加载 4490 条一言数据，文件数: 7
/www/server/pyporject_evn/versions/3.10.18/lib/python3.10/site-packages/jieba/_compat.py:18: UserWarning: pkg_resources is deprecated as an API. See https://setuptools.pypa.io/en/latest/pkg_resources.html. The pkg_resources package is slated for removal as early as 2025-11-30. Refrain from using this package or pin to Setuptools<81.
  import pkg_resources
2026-04-25 20:33:08.617 - INFO - __main__ - 🔧 服务器启动中... 监听端口: 8080 | 群组: ['733890551', '967883781'] | 环境：production
2026-04-25 20:33:08.649 - INFO - database - 🔧 开始初始化数据库...
2026-04-25 20:33:08.669 - INFO - database - ✅ 数据库初始化完成
2026-04-25 20:33:08.669 - INFO - __main__ - 🚀 应用启动完成
2026-04-25 20:33:08.670 - INFO - server_monitor - 🚀 后台监控任务已启动 (间隔：10秒)
2026-04-25 20:33:08.673 - INFO - server_monitor - 🔧 ServerMonitor 已初始化 | TTL: 10.0s | 头像校验: 120s | IP: 172.17.0.1
2026-04-25 20:33:08.674 - INFO - __main__ - 🕛 每日词云任务已启动
2026-04-25 20:33:08.674 - INFO - __main__ - 🕛 词云任务等待 3.45h 至 2026-04-26 00:00:03
2026-04-25 20:33:57.213 - INFO - message_handler - 📩 收到私聊消息 | user_id:  | 内容：
2026-04-25 20:34:57.210 - INFO - message_handler - 📩 收到私聊消息 | user_id:  | 内容：
2026-04-25 20:35:21.867 - INFO - message_handler - 📩 收到群消息 | group_id: 733890551 | user_id: 2079390238 | 内容：/fuck
2026-04-25 20:35:21.868 - INFO - message_handler - 🔍 收到词云命令 | group_id: 733890551 | 内容：/fuck
2026-04-25 20:35:21.868 - INFO - message_handler - 🚀 开始任务：/fuck 词云 (最近 24 小时)
2026-04-25 20:35:21.869 - INFO - message_handler - ⏱️ [1/3] 获取群消息 | 耗时：0.11ms
2026-04-25 20:35:21.885 - INFO - message_handler - ⏱️ [2/3] 生成词云图 | 耗时：16.83ms
Building prefix dict from the default dictionary ...
2026-04-25 20:35:21.888 - DEBUG - jieba - Building prefix dict from the default dictionary ...
Loading model from cache /tmp/jieba.cache
2026-04-25 20:35:21.888 - DEBUG - jieba - Loading model from cache /tmp/jieba.cache
Dumping model to file cache /tmp/jieba.cache
2026-04-25 20:35:22.902 - DEBUG - jieba - Dumping model to file cache /tmp/jieba.cache
Dump cache file failed.
Traceback (most recent call last):
  File "/www/server/pyporject_evn/versions/3.10.18/lib/python3.10/site-packages/jieba/__init__.py", line 154, in initialize
    _replace_file(fpath, cache_file)
PermissionError: [Errno 1] Operation not permitted: '/tmp/tmpp5pz9o4c' -> '/tmp/jieba.cache'
2026-04-25 20:35:23.243 - ERROR - jieba - Dump cache file failed.
Traceback (most recent call last):
  File "/www/server/pyporject_evn/versions/3.10.18/lib/python3.10/site-packages/jieba/__init__.py", line 154, in initialize
    _replace_file(fpath, cache_file)
PermissionError: [Errno 1] Operation not permitted: '/tmp/tmpp5pz9o4c' -> '/tmp/jieba.cache'
Loading model cost 1.360 seconds.
2026-04-25 20:35:23.248 - DEBUG - jieba - Loading model cost 1.360 seconds.
Prefix dict has been built successfully.
2026-04-25 20:35:23.249 - DEBUG - jieba - Prefix dict has been built successfully.
2026-04-25 20:35:24.077 - INFO - wordcloud_generator - ✅ 词云生成完成 | 词数：629 | 大小：289.8KB | 耗时：2191.6ms
2026-04-25 20:35:24.078 - INFO - message_handler - ⏱️ [3/3] 发送词云图 | 耗时：2192.60ms
2026-04-25 20:35:26.671 - INFO - message_sender - ✅ 群图片发送完成 | group: 733890551 | status_code: 200
2026-04-25 20:35:26.671 - INFO - message_handler - 📊 任务完成：/fuck 词云 (最近 24 小时) | 总耗时：4802.92ms | 范围：最近 24 小时 | 消息数：486
2026-04-25 20:35:47.010 - INFO - message_handler - 📩 收到群消息 | group_id: 733890551 | user_id: 2079390238 | 内容：[CQ:reply,id=-1827823079][CQ:at,qq=3574177807,name
2026-04-25 20:35:57.209 - INFO - message_handler - 📩 收到私聊消息 | user_id:  | 内容：
2026-04-25 20:35:58.916 - INFO - message_handler - 📩 收到群消息 | group_id: 733890551 | user_id: 2707835027 | 内容：？
2026-04-25 20:36:29.846 - INFO - message_handler - 📩 收到群消息 | group_id: 967883781 | user_id: 2707835027 | 内容：[CQ:forward,id=7632674812481001505]
2026-04-25 20:36:57.210 - INFO - message_handler - 📩 收到私聊消息 | user_id:  | 内容：
2026-04-25 20:37:18.224 - INFO - message_handler - 📩 收到群消息 | group_id: 967883781 | user_id: 2902166062 | 内容：/fuck
2026-04-25 20:37:18.225 - INFO - message_handler - 🔍 收到词云命令 | group_id: 967883781 | 内容：/fuck
2026-04-25 20:37:18.225 - INFO - message_handler - 🚀 开始任务：/fuck 词云 (最近 24 小时)
2026-04-25 20:37:18.226 - INFO - message_handler - ⏱️ [1/3] 获取群消息 | 耗时：0.09ms
2026-04-25 20:37:18.391 - INFO - message_handler - ⏱️ [2/3] 生成词云图 | 耗时：165.16ms
2026-04-25 20:37:18.626 - INFO - wordcloud_generator - ✅ 词云生成完成 | 词数：18 | 大小：142.7KB | 耗时：234.5ms
2026-04-25 20:37:18.626 - INFO - message_handler - ⏱️ [3/3] 发送词云图 | 耗时：235.37ms
2026-04-25 20:37:20.143 - INFO - message_sender - ✅ 群图片发送完成 | group: 967883781 | status_code: 200
2026-04-25 20:37:20.143 - INFO - message_handler - 📊 任务完成：/fuck 词云 (最近 24 小时) | 总耗时：1917.81ms | 范围：最近 24 小时 | 消息数：17
2026-04-25 20:37:27.589 - INFO - message_handler - 📩 收到群消息 | group_id: 967883781 | user_id: 3275298970 | 内容：/fuck
2026-04-25 20:37:27.591 - INFO - message_handler - 🔍 收到词云命令 | group_id: 967883781 | 内容：/fuck
2026-04-25 20:37:27.591 - INFO - message_handler - 🚀 开始任务：/fuck 词云 (最近 24 小时)
2026-04-25 20:37:27.591 - INFO - message_handler - ⏱️ [1/3] 获取群消息 | 耗时：0.16ms
2026-04-25 20:37:27.601 - INFO - message_handler - ⏱️ [2/3] 生成词云图 | 耗时：9.88ms
2026-04-25 20:37:27.805 - INFO - wordcloud_generator - ✅ 词云生成完成 | 词数：18 | 大小：140.1KB | 耗时：203.8ms
2026-04-25 20:37:27.806 - INFO - message_handler - ⏱️ [3/3] 发送词云图 | 耗时：204.70ms
2026-04-25 20:37:29.256 - INFO - message_sender - ✅ 群图片发送完成 | group: 967883781 | status_code: 200
2026-04-25 20:37:29.258 - INFO - message_handler - 📊 任务完成：/fuck 词云 (最近 24 小时) | 总耗时：1666.38ms | 范围：最近 24 小时 | 消息数：18
2026-04-25 20:37:31.163 - INFO - message_handler - 📩 收到群消息 | group_id: 967883781 | user_id: 2707835027 | 内容：？？？？？？
2026-04-25 20:37:41.830 - INFO - message_handler - 📩 收到群消息 | group_id: 967883781 | user_id: 2707835027 | 内容：轰轰烈烈
2026-04-25 20:37:43.407 - INFO - message_handler - 📩 收到群消息 | group_id: 967883781 | user_id: 2707835027 | 内容：轰轰烈烈
2026-04-25 20:37:44.783 - INFO - message_handler - 📩 收到群消息 | group_id: 967883781 | user_id: 2707835027 | 内容：轰轰烈烈
2026-04-25 20:37:46.262 - INFO - message_handler - 📩 收到群消息 | group_id: 967883781 | user_id: 2707835027 | 内容：轰轰烈烈
2026-04-25 20:37:47.915 - INFO - message_handler - 📩 收到群消息 | group_id: 967883781 | user_id: 2707835027 | 内容：轰轰烈烈
2026-04-25 20:37:49.529 - INFO - message_handler - 📩 收到群消息 | group_id: 967883781 | user_id: 2707835027 | 内容：轰轰烈烈
2026-04-25 20:37:50.531 - INFO - message_handler - 📩 收到群消息 | group_id: 967883781 | user_id: 2902166062 | 内容：？
2026-04-25 20:37:56.976 - INFO - message_handler - 📩 收到群消息 | group_id: 967883781 | user_id: 2707835027 | 内容：/fuck
2026-04-25 20:37:56.978 - INFO - message_handler - 🔍 收到词云命令 | group_id: 967883781 | 内容：/fuck
2026-04-25 20:37:56.978 - INFO - message_handler - 🚀 开始任务：/fuck 词云 (最近 24 小时)
2026-04-25 20:37:56.978 - INFO - message_handler - ⏱️ [1/3] 获取群消息 | 耗时：0.10ms
2026-04-25 20:37:56.981 - INFO - message_handler - ⏱️ [2/3] 生成词云图 | 耗时：3.07ms
2026-04-25 20:37:57.070 - INFO - wordcloud_generator - ✅ 词云生成完成 | 词数：18 | 大小：110.1KB | 耗时：88.9ms
2026-04-25 20:37:57.071 - INFO - message_handler - ⏱️ [3/3] 发送词云图 | 耗时：89.58ms
2026-04-25 20:37:57.209 - INFO - message_handler - 📩 收到私聊消息 | user_id:  | 内容：
2026-04-25 20:37:58.501 - INFO - message_sender - ✅ 群图片发送完成 | group: 967883781 | status_code: 200
2026-04-25 20:37:58.502 - INFO - message_handler - 📊 任务完成：/fuck 词云 (最近 24 小时) | 总耗时：1523.84ms | 范围：最近 24 小时 | 消息数：27
2026-04-25 20:38:01.817 - INFO - message_handler - 📩 收到群消息 | group_id: 967883781 | user_id: 3275298970 | 内容：？
2026-04-25 20:38:04.275 - INFO - message_handler - 📩 收到群消息 | group_id: 967883781 | user_id: 3275298970 | 内容：？
2026-04-25 20:38:06.379 - INFO - message_handler - 📩 收到群消息 | group_id: 967883781 | user_id: 3275298970 | 内容：？
2026-04-25 20:38:07.418 - INFO - message_handler - 📩 收到群消息 | group_id: 967883781 | user_id: 2707835027 | 内容：独占鳌头
2026-04-25 20:38:10.903 - INFO - message_handler - 📩 收到群消息 | group_id: 967883781 | user_id: 3275298970 | 内容：/fuck
2026-04-25 20:38:10.904 - INFO - message_handler - 🔍 收到词云命令 | group_id: 967883781 | 内容：/fuck
2026-04-25 20:38:10.904 - INFO - message_handler - 🚀 开始任务：/fuck 词云 (最近 24 小时)
2026-04-25 20:38:10.904 - INFO - message_handler - ⏱️ [1/3] 获取群消息 | 耗时：0.24ms
2026-04-25 20:38:10.908 - INFO - message_handler - ⏱️ [2/3] 生成词云图 | 耗时：3.97ms
2026-04-25 20:38:11.011 - INFO - wordcloud_generator - ✅ 词云生成完成 | 词数：19 | 大小：122.2KB | 耗时：102.1ms
2026-04-25 20:38:11.011 - INFO - message_handler - ⏱️ [3/3] 发送词云图 | 耗时：102.83ms
2026-04-25 20:38:12.312 - INFO - message_sender - ✅ 群图片发送完成 | group: 967883781 | status_code: 200
2026-04-25 20:38:12.312 - INFO - message_handler - 📊 任务完成：/fuck 词云 (最近 24 小时) | 总耗时：1408.18ms | 范围：最近 24 小时 | 消息数：32
2026-04-25 20:38:30.057 - INFO - message_handler - 📩 收到群消息 | group_id: 967883781 | user_id: 2902166062 | 内容：goldfish
2026-04-25 20:38:32.866 - INFO - message_handler - 📩 收到群消息 | group_id: 967883781 | user_id: 2902166062 | 内容：goldfish
2026-04-25 20:38:34.676 - INFO - message_handler - 📩 收到群消息 | group_id: 967883781 | user_id: 2902166062 | 内容：goldfish
2026-04-25 20:38:35.606 - INFO - message_handler - 📩 收到群消息 | group_id: 967883781 | user_id: 2902166062 | 内容：goldfish
2026-04-25 20:38:37.014 - INFO - message_handler - 📩 收到群消息 | group_id: 967883781 | user_id: 2902166062 | 内容：goldfish
2026-04-25 20:38:41.903 - INFO - message_handler - 📩 收到群消息 | group_id: 967883781 | user_id: 2902166062 | 内容：/fuck
2026-04-25 20:38:41.906 - INFO - message_handler - 🔍 收到词云命令 | group_id: 967883781 | 内容：/fuck
2026-04-25 20:38:41.906 - INFO - message_handler - 🚀 开始任务：/fuck 词云 (最近 24 小时)
2026-04-25 20:38:41.907 - INFO - message_handler - ⏱️ [1/3] 获取群消息 | 耗时：0.10ms
2026-04-25 20:38:41.912 - INFO - message_handler - ⏱️ [2/3] 生成词云图 | 耗时：5.25ms
2026-04-25 20:38:42.032 - INFO - wordcloud_generator - ✅ 词云生成完成 | 词数：20 | 大小：138.2KB | 耗时：120.2ms
2026-04-25 20:38:42.033 - INFO - message_handler - ⏱️ [3/3] 发送词云图 | 耗时：121.04ms
2026-04-25 20:38:43.792 - INFO - message_sender - ✅ 群图片发送完成 | group: 967883781 | status_code: 200
2026-04-25 20:38:43.792 - INFO - message_handler - 📊 任务完成：/fuck 词云 (最近 24 小时) | 总耗时：1885.96ms | 范围：最近 24 小时 | 消息数：38
2026-04-25 20:38:49.562 - INFO - message_handler - 📩 收到群消息 | group_id: 967883781 | user_id: 2902166062 | 内容：wow
2026-04-25 20:38:57.209 - INFO - message_handler - 📩 收到私聊消息 | user_id:  | 内容：
2026-04-25 20:38:58.837 - INFO - message_handler - 📩 收到群消息 | group_id: 967883781 | user_id: 2707835027 | 内容：无产
2026-04-25 20:39:03.214 - INFO - message_handler - 📩 收到群消息 | group_id: 967883781 | user_id: 2707835027 | 内容：文化
2026-04-25 20:39:04.896 - INFO - message_handler - 📩 收到群消息 | group_id: 967883781 | user_id: 2707835027 | 内容：进行
2026-04-25 20:39:17.665 - INFO - message_handler - 📩 收到群消息 | group_id: 967883781 | user_id: 2902166062 | 内容：？？
2026-04-25 20:39:54.702 - INFO - message_handler - 📩 收到群消息 | group_id: 733890551 | user_id: 2079390238 | 内容：/fuck 2m
2026-04-25 20:39:54.703 - INFO - message_handler - 🔍 收到词云命令 | group_id: 733890551 | 内容：/fuck 2m
2026-04-25 20:39:54.705 - INFO - message_handler - 🚀 开始任务：/fuck 词云 (最近 2 分钟)
2026-04-25 20:39:54.705 - INFO - message_handler - ⏱️ [1/3] 获取群消息 | 耗时：0.13ms
2026-04-25 20:39:54.709 - INFO - message_handler - ⏱️ [2/3] 生成词云图 | 耗时：3.60ms
2026-04-25 20:39:54.757 - INFO - wordcloud_generator - ✅ 词云生成完成 | 词数：2 | 大小：30.7KB | 耗时：48.0ms
2026-04-25 20:39:54.758 - INFO - message_handler - ⏱️ [3/3] 发送词云图 | 耗时：48.95ms
2026-04-25 20:39:56.011 - INFO - message_sender - ✅ 群图片发送完成 | group: 733890551 | status_code: 200
2026-04-25 20:39:56.012 - INFO - message_handler - 📊 任务完成：/fuck 词云 (最近 2 分钟) | 总耗时：1306.49ms | 范围：最近 2 分钟 | 消息数：1
2026-04-25 20:39:57.208 - INFO - message_handler - 📩 收到私聊消息 | user_id:  | 内容：
2026-04-25 20:40:06.023 - INFO - message_handler - 📩 收到群消息 | group_id: 733890551 | user_id: 2079390238 | 内容：/fuck 1y
2026-04-25 20:40:06.024 - INFO - message_handler - 🔍 收到词云命令 | group_id: 733890551 | 内容：/fuck 1y
2026-04-25 20:40:06.381 - INFO - message_sender - ✅ 群消息发送完成 | group: 733890551 | status_code: 200 | 耗时：354.90ms
2026-04-25 20:40:29.131 - INFO - message_handler - 📩 收到群消息 | group_id: 733890551 | user_id: 2079390238 | 内容：/fuck 2020-1-1～2026-12-30
2026-04-25 20:40:29.132 - INFO - message_handler - 🔍 收到词云命令 | group_id: 733890551 | 内容：/fuck 2020-1-1～2026-12-30
2026-04-25 20:40:29.664 - INFO - message_sender - ✅ 群消息发送完成 | group: 733890551 | status_code: 200 | 耗时：531.71ms
2026-04-25 20:40:47.138 - INFO - message_handler - 📩 收到群消息 | group_id: 733890551 | user_id: 2079390238 | 内容：/fuck 1000h
2026-04-25 20:40:47.139 - INFO - message_handler - 🔍 收到词云命令 | group_id: 733890551 | 内容：/fuck 1000h
2026-04-25 20:40:47.140 - INFO - message_handler - 🚀 开始任务：/fuck 词云 (最近 1000 小时)
2026-04-25 20:40:47.140 - INFO - message_handler - ⏱️ [1/3] 获取群消息 | 耗时：0.10ms
2026-04-25 20:40:47.155 - INFO - message_handler - ⏱️ [2/3] 生成词云图 | 耗时：15.61ms
2026-04-25 20:40:48.560 - INFO - wordcloud_generator - ✅ 词云生成完成 | 词数：6990 | 大小：286.5KB | 耗时：1403.8ms
2026-04-25 20:40:48.561 - INFO - message_handler - ⏱️ [3/3] 发送词云图 | 耗时：1405.62ms
2026-04-25 20:40:50.166 - INFO - message_sender - ✅ 群图片发送完成 | group: 733890551 | status_code: 200
2026-04-25 20:40:50.166 - INFO - message_handler - 📊 任务完成：/fuck 词云 (最近 1000 小时) | 总耗时：3026.48ms | 范围：最近 1000 小时 | 消息数：9208
2026-04-25 20:40:57.210 - INFO - message_handler - 📩 收到私聊消息 | user_id:  | 内容：
2026-04-25 20:41:19.149 - INFO - message_handler - 📩 收到群消息 | group_id: 967883781 | user_id: 2902166062 | 内容：/fuck
2026-04-25 20:41:19.150 - INFO - message_handler - 🔍 收到词云命令 | group_id: 967883781 | 内容：/fuck
2026-04-25 20:41:19.150 - INFO - message_handler - 🚀 开始任务：/fuck 词云 (最近 24 小时)
2026-04-25 20:41:19.150 - INFO - message_handler - ⏱️ [1/3] 获取群消息 | 耗时：0.09ms
2026-04-25 20:41:19.153 - INFO - message_handler - ⏱️ [2/3] 生成词云图 | 耗时：3.29ms
2026-04-25 20:41:19.276 - INFO - wordcloud_generator - ✅ 词云生成完成 | 词数：23 | 大小：133.5KB | 耗时：122.0ms
2026-04-25 20:41:19.276 - INFO - message_handler - ⏱️ [3/3] 发送词云图 | 耗时：122.75ms
2026-04-25 20:41:20.975 - INFO - message_sender - ✅ 群图片发送完成 | group: 967883781 | status_code: 200
2026-04-25 20:41:20.975 - INFO - message_handler - 📊 任务完成：/fuck 词云 (最近 24 小时) | 总耗时：1825.35ms | 范围：最近 24 小时 | 消息数：44
2026-04-25 20:41:37.340 - INFO - message_handler - 📩 收到群消息 | group_id: 967883781 | user_id: 2079390238 | 内容：/fuck 10000h
2026-04-25 20:41:37.342 - INFO - message_handler - 🔍 收到词云命令 | group_id: 967883781 | 内容：/fuck 10000h
2026-04-25 20:41:37.342 - INFO - message_handler - 🚀 开始任务：/fuck 词云 (最近 10000 小时)
2026-04-25 20:41:37.342 - INFO - message_handler - ⏱️ [1/3] 获取群消息 | 耗时：0.09ms
2026-04-25 20:41:37.353 - INFO - message_handler - ⏱️ [2/3] 生成词云图 | 耗时：10.62ms
2026-04-25 20:41:38.393 - INFO - wordcloud_generator - ✅ 词云生成完成 | 词数：3827 | 大小：295.5KB | 耗时：1040.1ms
2026-04-25 20:41:38.394 - INFO - message_handler - ⏱️ [3/3] 发送词云图 | 耗时：1041.15ms
2026-04-25 20:41:40.291 - INFO - message_sender - ✅ 群图片发送完成 | group: 967883781 | status_code: 200
2026-04-25 20:41:40.297 - INFO - message_handler - 📊 任务完成：/fuck 词云 (最近 10000 小时) | 总耗时：2954.70ms | 范围：最近 10000 小时 | 消息数：5721
2026-04-25 20:41:57.211 - INFO - message_handler - 📩 收到私聊消息 | user_id:  | 内容：
2026-04-25 20:42:00.584 - INFO - message_handler - 📩 收到群消息 | group_id: 967883781 | user_id: 2902166062 | 内容：/fuck 100000000000h
2026-04-25 20:42:00.585 - INFO - message_handler - 🔍 收到词云命令 | group_id: 967883781 | 内容：/fuck 100000000000h
2026-04-25 20:42:00.586 - INFO - message_handler - 🚀 开始任务：/fuck 词云 (最近 100000000000 小时)
2026-04-25 20:42:00.586 - INFO - message_handler - ⏱️ [1/3] 获取群消息 | 耗时：0.09ms
2026-04-25 20:42:00.764 - INFO - message_handler - ⏱️ [2/3] 生成词云图 | 耗时：178.04ms
2026-04-25 20:42:01.801 - INFO - wordcloud_generator - ✅ 词云生成完成 | 词数：3828 | 大小：302.1KB | 耗时：1036.4ms
2026-04-25 20:42:01.802 - INFO - message_handler - ⏱️ [3/3] 发送词云图 | 耗时：1038.29ms
2026-04-25 20:42:03.934 - INFO - message_sender - ✅ 群图片发送完成 | group: 967883781 | status_code: 200
2026-04-25 20:42:03.937 - INFO - message_handler - 📊 任务完成：/fuck 词云 (最近 100000000000 小时) | 总耗时：3351.82ms | 范围：最近 100000000000 小时 | 消息数：5722
2026-04-25 20:42:43.551 - INFO - message_handler - 📩 收到群消息 | group_id: 967883781 | user_id: 2079390238 | 内容：/fuck 10m
2026-04-25 20:42:43.551 - INFO - message_handler - 🔍 收到词云命令 | group_id: 967883781 | 内容：/fuck 10m
2026-04-25 20:42:43.551 - INFO - message_handler - 🚀 开始任务：/fuck 词云 (最近 10 分钟)
2026-04-25 20:42:43.552 - INFO - message_handler - ⏱️ [1/3] 获取群消息 | 耗时：0.09ms
2026-04-25 20:42:43.556 - INFO - message_handler - ⏱️ [2/3] 生成词云图 | 耗时：4.53ms
2026-04-25 20:42:43.623 - INFO - wordcloud_generator - ✅ 词云生成完成 | 词数：11 | 大小：100.8KB | 耗时：66.0ms
2026-04-25 20:42:43.623 - INFO - message_handler - ⏱️ [3/3] 发送词云图 | 耗时：67.05ms
2026-04-25 20:42:44.813 - INFO - message_sender - ✅ 群图片发送完成 | group: 967883781 | status_code: 200
2026-04-25 20:42:44.814 - INFO - message_handler - 📊 任务完成：/fuck 词云 (最近 10 分钟) | 总耗时：1262.42ms | 范围：最近 10 分钟 | 消息数：32
2026-04-25 20:42:53.029 - INFO - message_handler - 📩 收到群消息 | group_id: 967883781 | user_id: 2079390238 | 内容：/fuck 12d
2026-04-25 20:42:53.030 - INFO - message_handler - 🔍 收到词云命令 | group_id: 967883781 | 内容：/fuck 12d
2026-04-25 20:42:53.030 - INFO - message_handler - 🚀 开始任务：/fuck 词云 (最近 12 天)
2026-04-25 20:42:53.030 - INFO - message_handler - ⏱️ [1/3] 获取群消息 | 耗时：0.09ms
2026-04-25 20:42:53.034 - INFO - message_handler - ⏱️ [2/3] 生成词云图 | 耗时：3.70ms
2026-04-25 20:42:53.757 - INFO - wordcloud_generator - ✅ 词云生成完成 | 词数：223 | 大小：301.6KB | 耗时：722.4ms
2026-04-25 20:42:53.757 - INFO - message_handler - ⏱️ [3/3] 发送词云图 | 耗时：723.45ms
2026-04-25 20:42:55.498 - INFO - message_sender - ✅ 群图片发送完成 | group: 967883781 | status_code: 200
2026-04-25 20:42:55.499 - INFO - message_handler - 📊 任务完成：/fuck 词云 (最近 12 天) | 总耗时：2468.73ms | 范围：最近 12 天 | 消息数：271
2026-04-25 20:42:57.209 - INFO - message_handler - 📩 收到私聊消息 | user_id:  | 内容：
2026-04-25 20:43:57.211 - INFO - message_handler - 📩 收到私聊消息 | user_id:  | 内容：
2026-04-25 20:44:57.211 - INFO - message_handler - 📩 收到私聊消息 | user_id:  | 内容：
2026-04-25 20:45:19.482 - WARNING - api_client - ❌ 服务器 ef7c08f2d6ca41f2a465631a064b47e5 MCSM API 重试5次后仍失败，将回退至 Minecraft 协议 | ClientResponseError: 500, message='HTTP 500', url='https://server-backend.mooire.top/api/instance?daemonId=85f05f4168334f
2026-04-25 20:45:19.732 - WARNING - api_client - ❌ 服务器 ef7c08f2d6ca41f2a465631a064b47e5 重试5次后仍失败 | ClientResponseError: 500, message='HTTP 500', url='https://server-backend.mooire.top/api/instance?daemonId=85f05f4168334f
2026-04-25 20:45:48.675 - INFO - message_handler - 📩 收到群消息 | group_id: 967883781 | user_id: 2902166062 | 内容：/fuck 1y
2026-04-25 20:45:48.677 - INFO - message_handler - 🔍 收到词云命令 | group_id: 967883781 | 内容：/fuck 1y
2026-04-25 20:45:48.912 - INFO - message_sender - ✅ 群消息发送完成 | group: 967883781 | status_code: 200 | 耗时：234.80ms
2026-04-25 20:45:57.211 - INFO - message_handler - 📩 收到私聊消息 | user_id:  | 内容：
2026-04-25 20:46:07.564 - INFO - message_handler - 📩 收到群消息 | group_id: 967883781 | user_id: 2902166062 | 内容：/fuck 100d
2026-04-25 20:46:07.565 - INFO - message_handler - 🔍 收到词云命令 | group_id: 967883781 | 内容：/fuck 100d
2026-04-25 20:46:07.565 - INFO - message_handler - 🚀 开始任务：/fuck 词云 (最近 100 天)
2026-04-25 20:46:07.565 - INFO - message_handler - ⏱️ [1/3] 获取群消息 | 耗时：0.11ms
2026-04-25 20:46:07.750 - INFO - message_handler - ⏱️ [2/3] 生成词云图 | 耗时：184.92ms
2026-04-25 20:46:08.645 - INFO - wordcloud_generator - ✅ 词云生成完成 | 词数：3831 | 大小：287.5KB | 耗时：894.1ms
2026-04-25 20:46:08.645 - INFO - message_handler - ⏱️ [3/3] 发送词云图 | 耗时：895.09ms
2026-04-25 20:46:09.933 - INFO - message_sender - ✅ 群图片发送完成 | group: 967883781 | status_code: 200
2026-04-25 20:46:09.934 - INFO - message_handler - 📊 任务完成：/fuck 词云 (最近 100 天) | 总耗时：2369.04ms | 范围：最近 100 天 | 消息数：5726
2026-04-25 20:46:57.212 - INFO - message_handler - 📩 收到私聊消息 | user_id:  | 内容：
2026-04-25 20:47:57.212 - INFO - message_handler - 📩 收到私聊消息 | user_id:  | 内容：
2026-04-25 20:48:57.213 - INFO - message_handler - 📩 收到私聊消息 | user_id:  | 内容：
2026-04-25 20:49:57.213 - INFO - message_handler - 📩 收到私聊消息 | user_id:  | 内容：
2026-04-25 20:49:59.872 - INFO - message_handler - 📩 收到群消息 | group_id: 967883781 | user_id: 2707835027 | 内容：都有金鱼
2026-04-25 20:50:57.213 - INFO - message_handler - 📩 收到私聊消息 | user_id:  | 内容：
2026-04-25 20:51:33.057 - INFO - message_handler - 📩 收到群消息 | group_id: 733890551 | user_id: 177471451 | 内容：/fuck 1000h
2026-04-25 20:51:33.058 - INFO - message_handler - 🔍 收到词云命令 | group_id: 733890551 | 内容：/fuck 1000h
2026-04-25 20:51:33.059 - INFO - message_handler - 🚀 开始任务：/fuck 词云 (最近 1000 小时)
2026-04-25 20:51:33.059 - INFO - message_handler - ⏱️ [1/3] 获取群消息 | 耗时：0.11ms
2026-04-25 20:51:33.790 - INFO - message_handler - ⏱️ [2/3] 生成词云图 | 耗时：730.97ms
2026-04-25 20:51:36.255 - INFO - wordcloud_generator - ✅ 词云生成完成 | 词数：6990 | 大小：286.0KB | 耗时：2465.2ms
2026-04-25 20:51:36.256 - INFO - message_handler - ⏱️ [3/3] 发送词云图 | 耗时：2466.46ms
2026-04-25 20:51:37.793 - INFO - message_sender - ✅ 群图片发送完成 | group: 733890551 | status_code: 200
2026-04-25 20:51:37.794 - INFO - message_handler - 📊 任务完成：/fuck 词云 (最近 1000 小时) | 总耗时：4735.86ms | 范围：最近 1000 小时 | 消息数：9209
2026-04-25 20:51:57.212 - INFO - message_handler - 📩 收到私聊消息 | user_id:  | 内容：
2026-04-25 20:52:57.212 - INFO - message_handler - 📩 收到私聊消息 | user_id:  | 内容：
2026-04-25 20:53:57.213 - INFO - message_handler - 📩 收到私聊消息 | user_id:  | 内容：
2026-04-25 20:54:57.212 - INFO - message_handler - 📩 收到私聊消息 | user_id:  | 内容：
2026-04-25 20:55:57.215 - INFO - message_handler - 📩 收到私聊消息 | user_id:  | 内容：
2026-04-25 20:56:57.213 - INFO - message_handler - 📩 收到私聊消息 | user_id:  | 内容：
2026-04-25 20:57:57.220 - INFO - message_handler - 📩 收到私聊消息 | user_id:  | 内容：
2026-04-25 20:58:57.217 - INFO - message_handler - 📩 收到私聊消息 | user_id:  | 内容：
2026-04-25 20:59:57.218 - INFO - message_handler - 📩 收到私聊消息 | user_id:  | 内容：
2026-04-25 21:00:16.169 - INFO - message_handler - 📩 收到群消息 | group_id: 733890551 | user_id: 2029626166 | 内容：[CQ:image,file=F3F4636CE9787F3761EF2D922AA6293D.jp
2026-04-25 21:00:57.217 - INFO - message_handler - 📩 收到私聊消息 | user_id:  | 内容：
2026-04-25 21:01:03.184 - INFO - message_handler - 📩 收到群消息 | group_id: 733890551 | user_id: 2707835027 | 内容：？？？？
2026-04-25 21:01:06.108 - INFO - message_handler - 📩 收到群消息 | group_id: 733890551 | user_id: 2707835027 | 内容：杂鱼
2026-04-25 21:01:57.219 - INFO - message_handler - 📩 收到私聊消息 | user_id:  | 内容：
2026-04-25 21:02:57.220 - INFO - message_handler - 📩 收到私聊消息 | user_id:  | 内容：
2026-04-25 21:03:57.220 - INFO - message_handler - 📩 收到私聊消息 | user_id:  | 内容：
2026-04-25 21:04:57.221 - INFO - message_handler - 📩 收到私聊消息 | user_id:  | 内容：
2026-04-25 21:05:57.220 - INFO - message_handler - 📩 收到私聊消息 | user_id:  | 内容：
2026-04-25 21:06:57.221 - INFO - message_handler - 📩 收到私聊消息 | user_id:  | 内容：
2026-04-25 21:07:57.220 - INFO - message_handler - 📩 收到私聊消息 | user_id:  | 内容：
2026-04-25 21:08:57.221 - INFO - message_handler - 📩 收到私聊消息 | user_id:  | 内容：
2026-04-25 21:09:57.221 - INFO - message_handler - 📩 收到私聊消息 | user_id:  | 内容：
2026-04-25 21:10:57.222 - INFO - message_handler - 📩 收到私聊消息 | user_id:  | 内容：
2026-04-25 21:11:57.224 - INFO - message_handler - 📩 收到私聊消息 | user_id:  | 内容：
2026-04-25 21:12:57.223 - INFO - message_handler - 📩 收到私聊消息 | user_id:  | 内容：
2026-04-25 21:13:40.616 - INFO - message_handler - 📩 收到群消息 | group_id: 733890551 | user_id: 3574177807 | 内容：傻逼
2026-04-25 21:13:42.212 - INFO - message_handler - 📩 收到群消息 | group_id: 733890551 | user_id: 3574177807 | 内容：/fuck
2026-04-25 21:13:42.213 - INFO - message_handler - 🔍 收到词云命令 | group_id: 733890551 | 内容：/fuck
2026-04-25 21:13:42.217 - INFO - message_handler - 🚀 开始任务：/fuck 词云 (最近 24 小时)
2026-04-25 21:13:42.219 - INFO - message_handler - ⏱️ [1/3] 获取群消息 | 耗时：0.64ms
2026-04-25 21:13:43.270 - INFO - message_handler - ⏱️ [2/3] 生成词云图 | 耗时：1051.49ms
2026-04-25 21:13:48.702 - INFO - wordcloud_generator - ✅ 词云生成完成 | 词数：633 | 大小：289.9KB | 耗时：5429.0ms
2026-04-25 21:13:48.705 - INFO - message_handler - ⏱️ [3/3] 发送词云图 | 耗时：5435.13ms
2026-04-25 21:13:51.451 - INFO - message_sender - ✅ 群图片发送完成 | group: 733890551 | status_code: 200
2026-04-25 21:13:51.452 - INFO - message_handler - 📊 任务完成：/fuck 词云 (最近 24 小时) | 总耗时：9234.33ms | 范围：最近 24 小时 | 消息数：498
2026-04-25 21:13:57.225 - INFO - message_handler - 📩 收到私聊消息 | user_id:  | 内容：
2026-04-25 21:14:32.463 - INFO - message_handler - 📩 收到群消息 | group_id: 733890551 | user_id: 2707835027 | 内容：[CQ:face,id=427,sub_type=2]
2026-04-25 21:14:57.226 - INFO - message_handler - 📩 收到私聊消息 | user_id:  | 内容：
2026-04-25 21:15:57.226 - INFO - message_handler - 📩 收到私聊消息 | user_id:  | 内容：
2026-04-25 21:16:57.227 - INFO - message_handler - 📩 收到私聊消息 | user_id:  | 内容：
WARNING:  Invalid HTTP request received.
WARNING:  Invalid HTTP request received.
2026-04-25 21:17:09.555 - INFO - message_handler - 📩 收到私聊消息 | user_id:  | 内容：
WARNING:  Invalid HTTP request received.
2026-04-25 21:17:57.226 - INFO - message_handler - 📩 收到私聊消息 | user_id:  | 内容：
2026-04-25 21:18:57.227 - INFO - message_handler - 📩 收到私聊消息 | user_id:  | 内容：
2026-04-25 21:19:57.229 - INFO - message_handler - 📩 收到私聊消息 | user_id:  | 内容：
2026-04-25 21:20:57.228 - INFO - message_handler - 📩 收到私聊消息 | user_id:  | 内容：
2026-04-25 21:21:57.226 - INFO - message_handler - 📩 收到私聊消息 | user_id:  | 内容：
2026-04-25 21:22:57.227 - INFO - message_handler - 📩 收到私聊消息 | user_id:  | 内容：
2026-04-25 21:23:57.229 - INFO - message_handler - 📩 收到私聊消息 | user_id:  | 内容：
2026-04-25 21:24:57.229 - INFO - message_handler - 📩 收到私聊消息 | user_id:  | 内容：
2026-04-25 21:25:57.229 - INFO - message_handler - 📩 收到私聊消息 | user_id:  | 内容：
2026-04-25 21:26:39.049 - INFO - message_handler - 📩 收到群消息 | group_id: 733890551 | user_id: 177471451 | 内容：/fuck
2026-04-25 21:26:39.056 - INFO - message_handler - 🔍 收到词云命令 | group_id: 733890551 | 内容：/fuck
2026-04-25 21:26:39.058 - INFO - message_handler - 🚀 开始任务：/fuck 词云 (最近 24 小时)
2026-04-25 21:26:39.058 - INFO - message_handler - ⏱️ [1/3] 获取群消息 | 耗时：0.14ms
2026-04-25 21:26:39.720 - INFO - message_handler - ⏱️ [2/3] 生成词云图 | 耗时：662.30ms
2026-04-25 21:26:41.404 - INFO - wordcloud_generator - ✅ 词云生成完成 | 词数：624 | 大小：287.7KB | 耗时：1683.4ms
2026-04-25 21:26:41.404 - INFO - message_handler - ⏱️ [3/3] 发送词云图 | 耗时：1684.35ms
2026-04-25 21:26:44.103 - INFO - message_sender - ✅ 群图片发送完成 | group: 733890551 | status_code: 200
2026-04-25 21:26:44.105 - INFO - message_handler - 📊 任务完成：/fuck 词云 (最近 24 小时) | 总耗时：5047.09ms | 范围：最近 24 小时 | 消息数：496
2026-04-25 21:26:57.229 - INFO - message_handler - 📩 收到私聊消息 | user_id:  | 内容：
2026-04-25 21:27:14.772 - INFO - message_handler - 📩 收到群消息 | group_id: 733890551 | user_id: 177471451 | 内容：一眼看到了杂鱼和成都😋
2026-04-25 21:27:57.231 - INFO - message_handler - 📩 收到私聊消息 | user_id:  | 内容：
2026-04-25 21:28:57.231 - INFO - message_handler - 📩 收到私聊消息 | user_id:  | 内容：
2026-04-25 21:29:57.232 - INFO - message_handler - 📩 收到私聊消息 | user_id:  | 内容：
2026-04-25 21:30:57.233 - INFO - message_handler - 📩 收到私聊消息 | user_id:  | 内容：
2026-04-25 21:31:57.234 - INFO - message_handler - 📩 收到私聊消息 | user_id:  | 内容：
2026-04-25 21:32:57.236 - INFO - message_handler - 📩 收到私聊消息 | user_id:  | 内容：
2026-04-25 21:33:57.235 - INFO - message_handler - 📩 收到私聊消息 | user_id:  | 内容：
2026-04-25 21:34:57.235 - INFO - message_handler - 📩 收到私聊消息 | user_id:  | 内容：
2026-04-25 21:35:57.236 - INFO - message_handler - 📩 收到私聊消息 | user_id:  | 内容：
2026-04-25 21:36:57.237 - INFO - message_handler - 📩 收到私聊消息 | user_id:  | 内容：
2026-04-25 21:37:57.236 - INFO - message_handler - 📩 收到私聊消息 | user_id:  | 内容：
2026-04-25 21:38:57.266 - INFO - message_handler - 📩 收到私聊消息 | user_id:  | 内容：
2026-04-25 21:39:57.237 - INFO - message_handler - 📩 收到私聊消息 | user_id:  | 内容：
2026-04-25 21:40:57.237 - INFO - message_handler - 📩 收到私聊消息 | user_id:  | 内容：
2026-04-25 21:41:57.238 - INFO - message_handler - 📩 收到私聊消息 | user_id:  | 内容：
2026-04-25 21:42:57.239 - INFO - message_handler - 📩 收到私聊消息 | user_id:  | 内容：
2026-04-25 21:43:57.240 - INFO - message_handler - 📩 收到私聊消息 | user_id:  | 内容：
2026-04-25 21:44:57.243 - INFO - message_handler - 📩 收到私聊消息 | user_id:  | 内容：
2026-04-25 21:45:57.244 - INFO - message_handler - 📩 收到私聊消息 | user_id:  | 内容：
2026-04-25 21:46:57.240 - INFO - message_handler - 📩 收到私聊消息 | user_id:  | 内容：
2026-04-25 21:47:57.242 - INFO - message_handler - 📩 收到私聊消息 | user_id:  | 内容：
2026-04-25 21:48:57.246 - INFO - message_handler - 📩 收到私聊消息 | user_id:  | 内容：
2026-04-25 21:49:57.242 - INFO - message_handler - 📩 收到私聊消息 | user_id:  | 内容：
2026-04-25 21:50:57.241 - INFO - message_handler - 📩 收到私聊消息 | user_id:  | 内容：
2026-04-25 21:51:57.242 - INFO - message_handler - 📩 收到私聊消息 | user_id:  | 内容：
2026-04-25 21:52:57.242 - INFO - message_handler - 📩 收到私聊消息 | user_id:  | 内容：
2026-04-25 21:53:57.244 - INFO - message_handler - 📩 收到私聊消息 | user_id:  | 内容：
2026-04-25 21:54:57.247 - INFO - message_handler - 📩 收到私聊消息 | user_id:  | 内容：
2026-04-25 21:55:57.246 - INFO - message_handler - 📩 收到私聊消息 | user_id:  | 内容：
2026-04-25 21:56:57.245 - INFO - message_handler - 📩 收到私聊消息 | user_id:  | 内容：
2026-04-25 21:57:57.280 - INFO - message_handler - 📩 收到私聊消息 | user_id:  | 内容：
2026-04-25 21:58:57.248 - INFO - message_handler - 📩 收到私聊消息 | user_id:  | 内容：
2026-04-25 21:59:57.253 - INFO - message_handler - 📩 收到私聊消息 | user_id:  | 内容：
2026-04-25 22:00:57.255 - INFO - message_handler - 📩 收到私聊消息 | user_id:  | 内容：
2026-04-25 22:01:57.250 - INFO - message_handler - 📩 收到私聊消息 | user_id:  | 内容：
2026-04-25 22:02:57.249 - INFO - message_handler - 📩 收到私聊消息 | user_id:  | 内容：
2026-04-25 22:03:57.255 - INFO - message_handler - 📩 收到私聊消息 | user_id:  | 内容：
2026-04-25 22:04:57.250 - INFO - message_handler - 📩 收到私聊消息 | user_id:  | 内容：
2026-04-25 22:05:57.251 - INFO - message_handler - 📩 收到私聊消息 | user_id:  | 内容：
2026-04-25 22:06:57.254 - INFO - message_handler - 📩 收到私聊消息 | user_id:  | 内容：
2026-04-25 22:07:57.260 - INFO - message_handler - 📩 收到私聊消息 | user_id:  | 内容：
2026-04-25 22:08:57.253 - INFO - message_handler - 📩 收到私聊消息 | user_id:  | 内容：
2026-04-25 22:09:57.252 - INFO - message_handler - 📩 收到私聊消息 | user_id:  | 内容：
2026-04-25 22:10:57.253 - INFO - message_handler - 📩 收到私聊消息 | user_id:  | 内容：
2026-04-25 22:11:57.255 - INFO - message_handler - 📩 收到私聊消息 | user_id:  | 内容：
2026-04-25 22:12:57.253 - INFO - message_handler - 📩 收到私聊消息 | user_id:  | 内容：
2026-04-25 22:13:57.253 - INFO - message_handler - 📩 收到私聊消息 | user_id:  | 内容：
2026-04-25 22:14:57.252 - INFO - message_handler - 📩 收到私聊消息 | user_id:  | 内容：
2026-04-25 22:15:57.253 - INFO - message_handler - 📩 收到私聊消息 | user_id:  | 内容：
2026-04-25 22:16:57.259 - INFO - message_handler - 📩 收到私聊消息 | user_id:  | 内容：
2026-04-25 22:17:57.262 - INFO - message_handler - 📩 收到私聊消息 | user_id:  | 内容：
2026-04-25 22:18:57.263 - INFO - message_handler - 📩 收到私聊消息 | user_id:  | 内容：
2026-04-25 22:19:57.260 - INFO - message_handler - 📩 收到私聊消息 | user_id:  | 内容：
2026-04-25 22:20:27.589 - INFO - message_handler - 📩 收到群消息 | group_id: 733890551 | user_id: 2029626166 | 内容：有无乐子
2026-04-25 22:20:57.256 - INFO - message_handler - 📩 收到私聊消息 | user_id:  | 内容：
2026-04-25 22:21:57.257 - INFO - message_handler - 📩 收到私聊消息 | user_id:  | 内容：
2026-04-25 22:22:57.258 - INFO - message_handler - 📩 收到私聊消息 | user_id:  | 内容：
2026-04-25 22:23:57.260 - INFO - message_handler - 📩 收到私聊消息 | user_id:  | 内容：
2026-04-25 22:24:57.260 - INFO - message_handler - 📩 收到私聊消息 | user_id:  | 内容：
2026-04-25 22:25:57.261 - INFO - message_handler - 📩 收到私聊消息 | user_id:  | 内容：
2026-04-25 22:26:57.260 - INFO - message_handler - 📩 收到私聊消息 | user_id:  | 内容：
2026-04-25 22:27:57.261 - INFO - message_handler - 📩 收到私聊消息 | user_id:  | 内容：
2026-04-25 22:28:57.261 - INFO - message_handler - 📩 收到私聊消息 | user_id:  | 内容：
2026-04-25 22:29:57.261 - INFO - message_handler - 📩 收到私聊消息 | user_id:  | 内容：
2026-04-25 22:30:57.261 - INFO - message_handler - 📩 收到私聊消息 | user_id:  | 内容：
2026-04-25 22:31:57.265 - INFO - message_handler - 📩 收到私聊消息 | user_id:  | 内容：
2026-04-25 22:32:57.263 - INFO - message_handler - 📩 收到私聊消息 | user_id:  | 内容：
2026-04-25 22:33:57.262 - INFO - message_handler - 📩 收到私聊消息 | user_id:  | 内容：
2026-04-25 22:34:57.263 - INFO - message_handler - 📩 收到私聊消息 | user_id:  | 内容：
2026-04-25 22:35:57.267 - INFO - message_handler - 📩 收到私聊消息 | user_id:  | 内容：
2026-04-25 22:36:57.264 - INFO - message_handler - 📩 收到私聊消息 | user_id:  | 内容：
2026-04-25 22:37:57.266 - INFO - message_handler - 📩 收到私聊消息 | user_id:  | 内容：
2026-04-25 22:38:57.273 - INFO - message_handler - 📩 收到私聊消息 | user_id:  | 内容：
2026-04-25 22:39:57.268 - INFO - message_handler - 📩 收到私聊消息 | user_id:  | 内容：
2026-04-25 22:40:57.267 - INFO - message_handler - 📩 收到私聊消息 | user_id:  | 内容：
2026-04-25 22:41:57.288 - INFO - message_handler - 📩 收到私聊消息 | user_id:  | 内容：
2026-04-25 22:42:57.267 - INFO - message_handler - 📩 收到私聊消息 | user_id:  | 内容：
2026-04-25 22:43:57.267 - INFO - message_handler - 📩 收到私聊消息 | user_id:  | 内容：
2026-04-25 22:44:57.285 - INFO - message_handler - 📩 收到私聊消息 | user_id:  | 内容：
2026-04-25 22:45:57.269 - INFO - message_handler - 📩 收到私聊消息 | user_id:  | 内容：
2026-04-25 22:46:57.280 - INFO - message_handler - 📩 收到私聊消息 | user_id:  | 内容：
2026-04-25 22:47:57.288 - INFO - message_handler - 📩 收到私聊消息 | user_id:  | 内容：
2026-04-25 22:48:57.271 - INFO - message_handler - 📩 收到私聊消息 | user_id:  | 内容：
2026-04-25 22:49:57.271 - INFO - message_handler - 📩 收到私聊消息 | user_id:  | 内容：
2026-04-25 22:50:57.273 - INFO - message_handler - 📩 收到私聊消息 | user_id:  | 内容：
2026-04-25 22:51:57.275 - INFO - message_handler - 📩 收到私聊消息 | user_id:  | 内容：
2026-04-25 22:52:57.274 - INFO - message_handler - 📩 收到私聊消息 | user_id:  | 内容：
2026-04-25 22:53:57.273 - INFO - message_handler - 📩 收到私聊消息 | user_id:  | 内容：
2026-04-25 22:54:57.274 - INFO - message_handler - 📩 收到私聊消息 | user_id:  | 内容：
2026-04-25 22:55:57.274 - INFO - message_handler - 📩 收到私聊消息 | user_id:  | 内容：
2026-04-25 22:56:57.275 - INFO - message_handler - 📩 收到私聊消息 | user_id:  | 内容：
2026-04-25 22:57:57.279 - INFO - message_handler - 📩 收到私聊消息 | user_id:  | 内容：
2026-04-25 22:58:57.275 - INFO - message_handler - 📩 收到私聊消息 | user_id:  | 内容：
2026-04-25 22:59:57.274 - INFO - message_handler - 📩 收到私聊消息 | user_id:  | 内容：
2026-04-25 23:00:57.279 - INFO - message_handler - 📩 收到私聊消息 | user_id:  | 内容：
2026-04-25 23:01:57.276 - INFO - message_handler - 📩 收到私聊消息 | user_id:  | 内容：
2026-04-25 23:02:57.280 - INFO - message_handler - 📩 收到私聊消息 | user_id:  | 内容：
2026-04-25 23:03:57.280 - INFO - message_handler - 📩 收到私聊消息 | user_id:  | 内容：
2026-04-25 23:04:57.277 - INFO - message_handler - 📩 收到私聊消息 | user_id:  | 内容：
2026-04-25 23:05:57.276 - INFO - message_handler - 📩 收到私聊消息 | user_id:  | 内容：
2026-04-25 23:06:57.294 - INFO - message_handler - 📩 收到私聊消息 | user_id:  | 内容：
2026-04-25 23:07:57.276 - INFO - message_handler - 📩 收到私聊消息 | user_id:  | 内容：
2026-04-25 23:08:57.280 - INFO - message_handler - 📩 收到私聊消息 | user_id:  | 内容：
2026-04-25 23:09:57.280 - INFO - message_handler - 📩 收到私聊消息 | user_id:  | 内容：
2026-04-25 23:10:57.282 - INFO - message_handler - 📩 收到私聊消息 | user_id:  | 内容：
2026-04-25 23:11:57.284 - INFO - message_handler - 📩 收到私聊消息 | user_id:  | 内容：
2026-04-25 23:12:57.321 - INFO - message_handler - 📩 收到私聊消息 | user_id:  | 内容：
2026-04-25 23:13:57.284 - INFO - message_handler - 📩 收到私聊消息 | user_id:  | 内容：
2026-04-25 23:14:57.283 - INFO - message_handler - 📩 收到私聊消息 | user_id:  | 内容：
2026-04-25 23:15:57.285 - INFO - message_handler - 📩 收到私聊消息 | user_id:  | 内容：
2026-04-25 23:16:57.280 - INFO - message_handler - 📩 收到私聊消息 | user_id:  | 内容：
2026-04-25 23:17:57.281 - INFO - message_handler - 📩 收到私聊消息 | user_id:  | 内容：
2026-04-25 23:18:57.286 - INFO - message_handler - 📩 收到私聊消息 | user_id:  | 内容：
2026-04-25 23:19:57.287 - INFO - message_handler - 📩 收到私聊消息 | user_id:  | 内容：
2026-04-25 23:20:57.285 - INFO - message_handler - 📩 收到私聊消息 | user_id:  | 内容：
2026-04-25 23:21:57.315 - INFO - message_handler - 📩 收到私聊消息 | user_id:  | 内容：
2026-04-25 23:22:57.290 - INFO - message_handler - 📩 收到私聊消息 | user_id:  | 内容：
2026-04-25 23:23:57.288 - INFO - message_handler - 📩 收到私聊消息 | user_id:  | 内容：
2026-04-25 23:24:57.290 - INFO - message_handler - 📩 收到私聊消息 | user_id:  | 内容：
2026-04-25 23:25:57.293 - INFO - message_handler - 📩 收到私聊消息 | user_id:  | 内容：
2026-04-25 23:26:57.285 - INFO - message_handler - 📩 收到私聊消息 | user_id:  | 内容：
2026-04-25 23:27:57.291 - INFO - message_handler - 📩 收到私聊消息 | user_id:  | 内容：
2026-04-25 23:28:57.293 - INFO - message_handler - 📩 收到私聊消息 | user_id:  | 内容：
2026-04-25 23:29:57.287 - INFO - message_handler - 📩 收到私聊消息 | user_id:  | 内容：
2026-04-25 23:30:57.291 - INFO - message_handler - 📩 收到私聊消息 | user_id:  | 内容：
2026-04-25 23:31:57.299 - INFO - message_handler - 📩 收到私聊消息 | user_id:  | 内容：
2026-04-25 23:32:57.289 - INFO - message_handler - 📩 收到私聊消息 | user_id:  | 内容：
2026-04-25 23:33:57.289 - INFO - message_handler - 📩 收到私聊消息 | user_id:  | 内容：
2026-04-25 23:34:57.293 - INFO - message_handler - 📩 收到私聊消息 | user_id:  | 内容：
2026-04-25 23:35:57.293 - INFO - message_handler - 📩 收到私聊消息 | user_id:  | 内容：
2026-04-25 23:36:57.289 - INFO - message_handler - 📩 收到私聊消息 | user_id:  | 内容：
2026-04-25 23:37:57.289 - INFO - message_handler - 📩 收到私聊消息 | user_id:  | 内容：
2026-04-25 23:38:57.291 - INFO - message_handler - 📩 收到私聊消息 | user_id:  | 内容：
2026-04-25 23:39:57.296 - INFO - message_handler - 📩 收到私聊消息 | user_id:  | 内容：
2026-04-25 23:40:57.300 - INFO - message_handler - 📩 收到私聊消息 | user_id:  | 内容：
2026-04-25 23:41:57.298 - INFO - message_handler - 📩 收到私聊消息 | user_id:  | 内容：
2026-04-25 23:42:57.293 - INFO - message_handler - 📩 收到私聊消息 | user_id:  | 内容：
2026-04-25 23:43:57.297 - INFO - message_handler - 📩 收到私聊消息 | user_id:  | 内容：
2026-04-25 23:44:57.300 - INFO - message_handler - 📩 收到私聊消息 | user_id:  | 内容：
2026-04-25 23:45:57.294 - INFO - message_handler - 📩 收到私聊消息 | user_id:  | 内容：
2026-04-25 23:46:57.293 - INFO - message_handler - 📩 收到私聊消息 | user_id:  | 内容：
2026-04-25 23:47:57.298 - INFO - message_handler - 📩 收到私聊消息 | user_id:  | 内容：
2026-04-25 23:48:57.294 - INFO - message_handler - 📩 收到私聊消息 | user_id:  | 内容：
2026-04-25 23:49:57.299 - INFO - message_handler - 📩 收到私聊消息 | user_id:  | 内容：
2026-04-25 23:50:57.300 - INFO - message_handler - 📩 收到私聊消息 | user_id:  | 内容：
2026-04-25 23:51:57.294 - INFO - message_handler - 📩 收到私聊消息 | user_id:  | 内容：
2026-04-25 23:52:57.295 - INFO - message_handler - 📩 收到私聊消息 | user_id:  | 内容：
2026-04-25 23:53:57.306 - INFO - message_handler - 📩 收到私聊消息 | user_id:  | 内容：
2026-04-25 23:54:57.294 - INFO - message_handler - 📩 收到私聊消息 | user_id:  | 内容：
2026-04-25 23:55:57.299 - INFO - message_handler - 📩 收到私聊消息 | user_id:  | 内容：
2026-04-25 23:56:57.306 - INFO - message_handler - 📩 收到私聊消息 | user_id:  | 内容：
2026-04-25 23:57:24.056 - WARNING - server_monitor - ⏱️ 172.17.0.1:25565 玩家列表超时
2026-04-25 23:57:57.295 - INFO - message_handler - 📩 收到私聊消息 | user_id:  | 内容：
2026-04-25 23:58:57.300 - INFO - message_handler - 📩 收到私聊消息 | user_id:  | 内容：
2026-04-25 23:59:57.296 - INFO - message_handler - 📩 收到私聊消息 | user_id:  | 内容：
2026-04-26 00:00:08.755 - INFO - server_monitor - 📈 2026-04-26 最高在线：0 → 3人
2026-04-26 00:00:09.386 - INFO - wordcloud_generator - ✅ 词云生成完成 | 词数：608 | 大小：290.2KB | 耗时：5447.3ms
2026-04-26 00:00:13.443 - INFO - message_sender - ✅ 群图片发送完成 | group: 733890551 | status_code: 200
2026-04-26 00:00:13.443 - INFO - __main__ - ✅ 昨日词云已推送 | group: 733890551 | 消息数: 489
2026-04-26 00:00:15.960 - INFO - wordcloud_generator - ✅ 词云生成完成 | 词数：23 | 大小：115.5KB | 耗时：1851.2ms
2026-04-26 00:00:17.822 - INFO - message_sender - ✅ 群图片发送完成 | group: 967883781 | status_code: 200
2026-04-26 00:00:17.823 - INFO - __main__ - ✅ 昨日词云已推送 | group: 967883781 | 消息数: 49
2026-04-26 00:00:17.824 - INFO - __main__ - 🕛 词云任务等待 24.00h 至 2026-04-27 00:00:03
2026-04-26 00:00:57.295 - INFO - message_handler - 📩 收到私聊消息 | user_id:  | 内容：
2026-04-26 00:01:57.295 - INFO - message_handler - 📩 收到私聊消息 | user_id:  | 内容：
2026-04-26 00:02:57.295 - INFO - message_handler - 📩 收到私聊消息 | user_id:  | 内容：
2026-04-26 00:03:57.296 - INFO - message_handler - 📩 收到私聊消息 | user_id:  | 内容：
2026-04-26 00:04:57.296 - INFO - message_handler - 📩 收到私聊消息 | user_id:  | 内容：
2026-04-26 00:05:57.297 - INFO - message_handler - 📩 收到私聊消息 | user_id:  | 内容：
2026-04-26 00:06:57.296 - INFO - message_handler - 📩 收到私聊消息 | user_id:  | 内容：
2026-04-26 00:07:57.296 - INFO - message_handler - 📩 收到私聊消息 | user_id:  | 内容：
2026-04-26 00:08:57.296 - INFO - message_handler - 📩 收到私聊消息 | user_id:  | 内容：
2026-04-26 00:09:57.296 - INFO - message_handler - 📩 收到私聊消息 | user_id:  | 内容：
2026-04-26 00:10:57.296 - INFO - message_handler - 📩 收到私聊消息 | user_id:  | 内容：
2026-04-26 00:11:57.296 - INFO - message_handler - 📩 收到私聊消息 | user_id:  | 内容：
2026-04-26 00:12:57.297 - INFO - message_handler - 📩 收到私聊消息 | user_id:  | 内容：
2026-04-26 00:13:57.297 - INFO - message_handler - 📩 收到私聊消息 | user_id:  | 内容：
2026-04-26 00:14:57.299 - INFO - message_handler - 📩 收到私聊消息 | user_id:  | 内容：
2026-04-26 00:15:57.297 - INFO - message_handler - 📩 收到私聊消息 | user_id:  | 内容：
2026-04-26 00:16:57.298 - INFO - message_handler - 📩 收到私聊消息 | user_id:  | 内容：
2026-04-26 00:17:57.297 - INFO - message_handler - 📩 收到私聊消息 | user_id:  | 内容：
2026-04-26 00:18:57.300 - INFO - message_handler - 📩 收到私聊消息 | user_id:  | 内容：
2026-04-26 00:19:57.298 - INFO - message_handler - 📩 收到私聊消息 | user_id:  | 内容：
2026-04-26 00:20:57.299 - INFO - message_handler - 📩 收到私聊消息 | user_id:  | 内容：
2026-04-26 00:21:57.299 - INFO - message_handler - 📩 收到私聊消息 | user_id:  | 内容：
2026-04-26 00:22:57.298 - INFO - message_handler - 📩 收到私聊消息 | user_id:  | 内容：
2026-04-26 00:23:57.299 - INFO - message_handler - 📩 收到私聊消息 | user_id:  | 内容：
2026-04-26 00:24:57.320 - INFO - message_handler - 📩 收到私聊消息 | user_id:  | 内容：
2026-04-26 00:25:57.299 - INFO - message_handler - 📩 收到私聊消息 | user_id:  | 内容：
2026-04-26 00:26:57.298 - INFO - message_handler - 📩 收到私聊消息 | user_id:  | 内容：
2026-04-26 00:27:57.300 - INFO - message_handler - 📩 收到私聊消息 | user_id:  | 内容：
2026-04-26 00:28:57.300 - INFO - message_handler - 📩 收到私聊消息 | user_id:  | 内容：
2026-04-26 00:29:57.300 - INFO - message_handler - 📩 收到私聊消息 | user_id:  | 内容：
2026-04-26 00:30:57.301 - INFO - message_handler - 📩 收到私聊消息 | user_id:  | 内容：
2026-04-26 00:31:57.302 - INFO - message_handler - 📩 收到私聊消息 | user_id:  | 内容：
2026-04-26 00:32:57.302 - INFO - message_handler - 📩 收到私聊消息 | user_id:  | 内容：
2026-04-26 00:33:57.304 - INFO - message_handler - 📩 收到私聊消息 | user_id:  | 内容：
2026-04-26 00:34:57.302 - INFO - message_handler - 📩 收到私聊消息 | user_id:  | 内容：
2026-04-26 00:35:57.302 - INFO - message_handler - 📩 收到私聊消息 | user_id:  | 内容：
2026-04-26 00:36:57.302 - INFO - message_handler - 📩 收到私聊消息 | user_id:  | 内容：
2026-04-26 00:37:57.302 - INFO - message_handler - 📩 收到私聊消息 | user_id:  | 内容：
2026-04-26 00:38:57.302 - INFO - message_handler - 📩 收到私聊消息 | user_id:  | 内容：
2026-04-26 00:39:57.303 - INFO - message_handler - 📩 收到私聊消息 | user_id:  | 内容：
2026-04-26 00:40:57.306 - INFO - message_handler - 📩 收到私聊消息 | user_id:  | 内容：
2026-04-26 00:41:57.305 - INFO - message_handler - 📩 收到私聊消息 | user_id:  | 内容：
2026-04-26 00:42:57.306 - INFO - message_handler - 📩 收到私聊消息 | user_id:  | 内容：
2026-04-26 00:43:57.307 - INFO - message_handler - 📩 收到私聊消息 | user_id:  | 内容：
2026-04-26 00:44:57.308 - INFO - message_handler - 📩 收到私聊消息 | user_id:  | 内容：
2026-04-26 00:45:57.309 - INFO - message_handler - 📩 收到私聊消息 | user_id:  | 内容：
2026-04-26 00:46:57.309 - INFO - message_handler - 📩 收到私聊消息 | user_id:  | 内容：
2026-04-26 00:47:57.310 - INFO - message_handler - 📩 收到私聊消息 | user_id:  | 内容：
2026-04-26 00:48:57.310 - INFO - message_handler - 📩 收到私聊消息 | user_id:  | 内容：
2026-04-26 00:49:57.311 - INFO - message_handler - 📩 收到私聊消息 | user_id:  | 内容：
2026-04-26 00:50:57.311 - INFO - message_handler - 📩 收到私聊消息 | user_id:  | 内容：
2026-04-26 00:51:57.311 - INFO - message_handler - 📩 收到私聊消息 | user_id:  | 内容：
2026-04-26 00:52:57.313 - INFO - message_handler - 📩 收到私聊消息 | user_id:  | 内容：
2026-04-26 00:53:57.314 - INFO - message_handler - 📩 收到私聊消息 | user_id:  | 内容：
2026-04-26 00:54:57.315 - INFO - message_handler - 📩 收到私聊消息 | user_id:  | 内容：
2026-04-26 00:55:57.315 - INFO - message_handler - 📩 收到私聊消息 | user_id:  | 内容：
2026-04-26 00:56:57.314 - INFO - message_handler - 📩 收到私聊消息 | user_id:  | 内容：
2026-04-26 00:57:57.314 - INFO - message_handler - 📩 收到私聊消息 | user_id:  | 内容：
2026-04-26 00:58:57.339 - INFO - message_handler - 📩 收到私聊消息 | user_id:  | 内容：
2026-04-26 00:59:57.315 - INFO - message_handler - 📩 收到私聊消息 | user_id:  | 内容：
WARNING:  Invalid HTTP request received.
2026-04-26 01:00:57.316 - INFO - message_handler - 📩 收到私聊消息 | user_id:  | 内容：
2026-04-26 01:01:57.315 - INFO - message_handler - 📩 收到私聊消息 | user_id:  | 内容：
2026-04-26 01:02:57.315 - INFO - message_handler - 📩 收到私聊消息 | user_id:  | 内容：
2026-04-26 01:03:57.316 - INFO - message_handler - 📩 收到私聊消息 | user_id:  | 内容：
2026-04-26 01:04:57.316 - INFO - message_handler - 📩 收到私聊消息 | user_id:  | 内容：
2026-04-26 01:05:57.316 - INFO - message_handler - 📩 收到私聊消息 | user_id:  | 内容：
2026-04-26 01:06:57.316 - INFO - message_handler - 📩 收到私聊消息 | user_id:  | 内容：
2026-04-26 01:07:57.318 - INFO - message_handler - 📩 收到私聊消息 | user_id:  | 内容：
2026-04-26 01:08:57.319 - INFO - message_handler - 📩 收到私聊消息 | user_id:  | 内容：
2026-04-26 01:09:57.319 - INFO - message_handler - 📩 收到私聊消息 | user_id:  | 内容：
2026-04-26 01:10:57.319 - INFO - message_handler - 📩 收到私聊消息 | user_id:  | 内容：
WARNING:  Invalid HTTP request received.
2026-04-26 01:11:57.322 - INFO - message_handler - 📩 收到私聊消息 | user_id:  | 内容：
2026-04-26 01:12:57.321 - INFO - message_handler - 📩 收到私聊消息 | user_id:  | 内容：
2026-04-26 01:13:57.322 - INFO - message_handler - 📩 收到私聊消息 | user_id:  | 内容：
2026-04-26 01:14:57.323 - INFO - message_handler - 📩 收到私聊消息 | user_id:  | 内容：
2026-04-26 01:15:57.323 - INFO - message_handler - 📩 收到私聊消息 | user_id:  | 内容：
2026-04-26 01:16:57.324 - INFO - message_handler - 📩 收到私聊消息 | user_id:  | 内容：
2026-04-26 01:17:57.324 - INFO - message_handler - 📩 收到私聊消息 | user_id:  | 内容：
2026-04-26 01:18:57.325 - INFO - message_handler - 📩 收到私聊消息 | user_id:  | 内容：
2026-04-26 01:19:57.326 - INFO - message_handler - 📩 收到私聊消息 | user_id:  | 内容：
2026-04-26 01:20:57.327 - INFO - message_handler - 📩 收到私聊消息 | user_id:  | 内容：
2026-04-26 01:21:57.327 - INFO - message_handler - 📩 收到私聊消息 | user_id:  | 内容：
2026-04-26 01:22:57.326 - INFO - message_handler - 📩 收到私聊消息 | user_id:  | 内容：
2026-04-26 01:23:57.327 - INFO - message_handler - 📩 收到私聊消息 | user_id:  | 内容：
2026-04-26 01:24:57.326 - INFO - message_handler - 📩 收到私聊消息 | user_id:  | 内容：
2026-04-26 01:25:57.326 - INFO - message_handler - 📩 收到私聊消息 | user_id:  | 内容：
2026-04-26 01:26:57.327 - INFO - message_handler - 📩 收到私聊消息 | user_id:  | 内容：
2026-04-26 01:27:57.781 - INFO - message_handler - 📩 收到私聊消息 | user_id:  | 内容：
2026-04-26 01:28:57.782 - INFO - message_handler - 📩 收到私聊消息 | user_id:  | 内容：
2026-04-26 01:29:57.783 - INFO - message_handler - 📩 收到私聊消息 | user_id:  | 内容：
2026-04-26 01:30:57.783 - INFO - message_handler - 📩 收到私聊消息 | user_id:  | 内容：
2026-04-26 01:31:57.785 - INFO - message_handler - 📩 收到私聊消息 | user_id:  | 内容：
2026-04-26 01:32:57.786 - INFO - message_handler - 📩 收到私聊消息 | user_id:  | 内容：
2026-04-26 01:33:57.787 - INFO - message_handler - 📩 收到私聊消息 | user_id:  | 内容：
2026-04-26 01:34:57.787 - INFO - message_handler - 📩 收到私聊消息 | user_id:  | 内容：
2026-04-26 01:35:57.787 - INFO - message_handler - 📩 收到私聊消息 | user_id:  | 内容：
2026-04-26 01:36:57.787 - INFO - message_handler - 📩 收到私聊消息 | user_id:  | 内容：
2026-04-26 01:37:57.787 - INFO - message_handler - 📩 收到私聊消息 | user_id:  | 内容：
2026-04-26 01:38:57.788 - INFO - message_handler - 📩 收到私聊消息 | user_id:  | 内容：
2026-04-26 01:39:57.788 - INFO - message_handler - 📩 收到私聊消息 | user_id:  | 内容：
2026-04-26 01:40:57.789 - INFO - message_handler - 📩 收到私聊消息 | user_id:  | 内容：
2026-04-26 01:41:57.789 - INFO - message_handler - 📩 收到私聊消息 | user_id:  | 内容：
2026-04-26 01:42:57.793 - INFO - message_handler - 📩 收到私聊消息 | user_id:  | 内容：
2026-04-26 01:43:57.791 - INFO - message_handler - 📩 收到私聊消息 | user_id:  | 内容：
2026-04-26 01:44:57.795 - INFO - message_handler - 📩 收到私聊消息 | user_id:  | 内容：
2026-04-26 01:45:57.817 - INFO - message_handler - 📩 收到私聊消息 | user_id:  | 内容：
2026-04-26 01:46:57.794 - INFO - message_handler - 📩 收到私聊消息 | user_id:  | 内容：
2026-04-26 01:47:57.794 - INFO - message_handler - 📩 收到私聊消息 | user_id:  | 内容：
2026-04-26 01:48:57.795 - INFO - message_handler - 📩 收到私聊消息 | user_id:  | 内容：
2026-04-26 01:49:57.795 - INFO - message_handler - 📩 收到私聊消息 | user_id:  | 内容：
2026-04-26 01:50:57.795 - INFO - message_handler - 📩 收到私聊消息 | user_id:  | 内容：
2026-04-26 01:51:57.795 - INFO - message_handler - 📩 收到私聊消息 | user_id:  | 内容：
2026-04-26 01:52:57.795 - INFO - message_handler - 📩 收到私聊消息 | user_id:  | 内容：
2026-04-26 01:53:23.726 - INFO - message_handler - 📩 收到群消息 | group_id: 967883781 | user_id: 3275298970 | 内容：[CQ:file,file=2026-04-26_01.51.23.png,url=,file_id
2026-04-26 01:53:57.795 - INFO - message_handler - 📩 收到私聊消息 | user_id:  | 内容：
2026-04-26 01:54:57.797 - INFO - message_handler - 📩 收到私聊消息 | user_id:  | 内容：
2026-04-26 01:55:57.798 - INFO - message_handler - 📩 收到私聊消息 | user_id:  | 内容：
2026-04-26 01:56:57.798 - INFO - message_handler - 📩 收到私聊消息 | user_id:  | 内容：
2026-04-26 01:57:57.801 - INFO - message_handler - 📩 收到私聊消息 | user_id:  | 内容：
2026-04-26 01:58:57.800 - INFO - message_handler - 📩 收到私聊消息 | user_id:  | 内容：
2026-04-26 01:59:57.801 - INFO - message_handler - 📩 收到私聊消息 | user_id:  | 内容：
2026-04-26 02:00:57.801 - INFO - message_handler - 📩 收到私聊消息 | user_id:  | 内容：
2026-04-26 02:01:57.802 - INFO - message_handler - 📩 收到私聊消息 | user_id:  | 内容：
2026-04-26 02:02:57.801 - INFO - message_handler - 📩 收到私聊消息 | user_id:  | 内容：
2026-04-26 02:03:57.802 - INFO - message_handler - 📩 收到私聊消息 | user_id:  | 内容：
2026-04-26 02:04:57.803 - INFO - message_handler - 📩 收到私聊消息 | user_id:  | 内容：
2026-04-26 02:05:57.803 - INFO - message_handler - 📩 收到私聊消息 | user_id:  | 内容：
2026-04-26 02:06:57.805 - INFO - message_handler - 📩 收到私聊消息 | user_id:  | 内容：
2026-04-26 02:07:57.804 - INFO - message_handler - 📩 收到私聊消息 | user_id:  | 内容：
2026-04-26 02:08:57.827 - INFO - message_handler - 📩 收到私聊消息 | user_id:  | 内容：
2026-04-26 02:09:57.805 - INFO - message_handler - 📩 收到私聊消息 | user_id:  | 内容：
2026-04-26 02:10:57.810 - INFO - message_handler - 📩 收到私聊消息 | user_id:  | 内容：
2026-04-26 02:11:57.812 - INFO - message_handler - 📩 收到私聊消息 | user_id:  | 内容：
2026-04-26 02:12:57.805 - INFO - message_handler - 📩 收到私聊消息 | user_id:  | 内容：
2026-04-26 02:13:57.806 - INFO - message_handler - 📩 收到私聊消息 | user_id:  | 内容：
2026-04-26 02:14:57.815 - INFO - message_handler - 📩 收到私聊消息 | user_id:  | 内容：
2026-04-26 02:15:57.805 - INFO - message_handler - 📩 收到私聊消息 | user_id:  | 内容：
2026-04-26 02:16:57.806 - INFO - message_handler - 📩 收到私聊消息 | user_id:  | 内容：
2026-04-26 02:17:57.806 - INFO - message_handler - 📩 收到私聊消息 | user_id:  | 内容：
2026-04-26 02:18:57.804 - INFO - message_handler - 📩 收到私聊消息 | user_id:  | 内容：
2026-04-26 02:19:57.806 - INFO - message_handler - 📩 收到私聊消息 | user_id:  | 内容：
2026-04-26 02:20:57.807 - INFO - message_handler - 📩 收到私聊消息 | user_id:  | 内容：
2026-04-26 02:21:57.808 - INFO - message_handler - 📩 收到私聊消息 | user_id:  | 内容：
2026-04-26 02:22:57.809 - INFO - message_handler - 📩 收到私聊消息 | user_id:  | 内容：
2026-04-26 02:23:57.810 - INFO - message_handler - 📩 收到私聊消息 | user_id:  | 内容：
2026-04-26 02:24:57.810 - INFO - message_handler - 📩 收到私聊消息 | user_id:  | 内容：
2026-04-26 02:25:57.811 - INFO - message_handler - 📩 收到私聊消息 | user_id:  | 内容：
2026-04-26 02:26:57.812 - INFO - message_handler - 📩 收到私聊消息 | user_id:  | 内容：
2026-04-26 02:27:57.812 - INFO - message_handler - 📩 收到私聊消息 | user_id:  | 内容：
2026-04-26 02:28:57.814 - INFO - message_handler - 📩 收到私聊消息 | user_id:  | 内容：
2026-04-26 02:29:57.814 - INFO - message_handler - 📩 收到私聊消息 | user_id:  | 内容：
2026-04-26 02:30:57.814 - INFO - message_handler - 📩 收到私聊消息 | user_id:  | 内容：
2026-04-26 02:31:57.815 - INFO - message_handler - 📩 收到私聊消息 | user_id:  | 内容：
2026-04-26 02:32:57.816 - INFO - message_handler - 📩 收到私聊消息 | user_id:  | 内容：
2026-04-26 02:33:57.815 - INFO - message_handler - 📩 收到私聊消息 | user_id:  | 内容：
2026-04-26 02:34:57.817 - INFO - message_handler - 📩 收到私聊消息 | user_id:  | 内容：
2026-04-26 02:35:57.815 - INFO - message_handler - 📩 收到私聊消息 | user_id:  | 内容：
2026-04-26 02:36:57.816 - INFO - message_handler - 📩 收到私聊消息 | user_id:  | 内容：
2026-04-26 02:37:57.817 - INFO - message_handler - 📩 收到私聊消息 | user_id:  | 内容：
2026-04-26 02:38:57.816 - INFO - message_handler - 📩 收到私聊消息 | user_id:  | 内容：
2026-04-26 02:39:57.816 - INFO - message_handler - 📩 收到私聊消息 | user_id:  | 内容：
2026-04-26 02:40:57.816 - INFO - message_handler - 📩 收到私聊消息 | user_id:  | 内容：
2026-04-26 02:41:57.816 - INFO - message_handler - 📩 收到私聊消息 | user_id:  | 内容：
2026-04-26 02:42:57.816 - INFO - message_handler - 📩 收到私聊消息 | user_id:  | 内容：
2026-04-26 02:43:57.815 - INFO - message_handler - 📩 收到私聊消息 | user_id:  | 内容：
2026-04-26 02:44:57.818 - INFO - message_handler - 📩 收到私聊消息 | user_id:  | 内容：
2026-04-26 02:45:57.819 - INFO - message_handler - 📩 收到私聊消息 | user_id:  | 内容：
2026-04-26 02:46:57.819 - INFO - message_handler - 📩 收到私聊消息 | user_id:  | 内容：
2026-04-26 02:47:57.820 - INFO - message_handler - 📩 收到私聊消息 | user_id:  | 内容：
2026-04-26 02:48:57.821 - INFO - message_handler - 📩 收到私聊消息 | user_id:  | 内容：
2026-04-26 02:49:57.821 - INFO - message_handler - 📩 收到私聊消息 | user_id:  | 内容：
2026-04-26 02:50:57.822 - INFO - message_handler - 📩 收到私聊消息 | user_id:  | 内容：
2026-04-26 02:51:57.823 - INFO - message_handler - 📩 收到私聊消息 | user_id:  | 内容：
2026-04-26 02:52:57.824 - INFO - message_handler - 📩 收到私聊消息 | user_id:  | 内容：
2026-04-26 02:53:57.825 - INFO - message_handler - 📩 收到私聊消息 | user_id:  | 内容：
2026-04-26 02:54:57.826 - INFO - message_handler - 📩 收到私聊消息 | user_id:  | 内容：
2026-04-26 02:55:57.826 - INFO - message_handler - 📩 收到私聊消息 | user_id:  | 内容：
2026-04-26 02:56:57.826 - INFO - message_handler - 📩 收到私聊消息 | user_id:  | 内容：
2026-04-26 02:57:57.826 - INFO - message_handler - 📩 收到私聊消息 | user_id:  | 内容：
2026-04-26 02:58:57.827 - INFO - message_handler - 📩 收到私聊消息 | user_id:  | 内容：
2026-04-26 02:59:57.828 - INFO - message_handler - 📩 收到私聊消息 | user_id:  | 内容：
2026-04-26 03:00:21.923 - WARNING - api_client - ❌ 服务器 ef7c08f2d6ca41f2a465631a064b47e5 重试5次后仍失败 | ClientResponseError: 521, message='HTTP 521', url='https://server-backend.mooire.top/api/instance?daemonId=85f05f4168334f
2026-04-26 03:00:22.920 - WARNING - api_client - ❌ 服务器 ef7c08f2d6ca41f2a465631a064b47e5 MCSM API 重试5次后仍失败，将回退至 Minecraft 协议 | ClientResponseError: 521, message='HTTP 521', url='https://server-backend.mooire.top/api/instance?daemonId=85f05f4168334f
2026-04-26 03:00:30.726 - WARNING - api_client - ❌ 服务器 1f678fdfacfa42cba4823361aaf47ce9 重试5次后仍失败 | ClientResponseError: 521, message='HTTP 521', url='https://server-backend.mooire.top/api/instance?daemonId=85f05f4168334f
2026-04-26 03:00:30.926 - WARNING - api_client - ❌ 服务器 1f678fdfacfa42cba4823361aaf47ce9 MCSM API 重试5次后仍失败，将回退至 Minecraft 协议 | ClientResponseError: 521, message='HTTP 521', url='https://server-backend.mooire.top/api/instance?daemonId=85f05f4168334f
2026-04-26 03:00:38.762 - WARNING - api_client - ❌ 服务器 809b760b152e4c21960d676554eac4c2 MCSM API 重试5次后仍失败，将回退至 Minecraft 协议 | ClientResponseError: 521, message='HTTP 521', url='https://server-backend.mooire.top/api/instance?daemonId=85f05f4168334f
2026-04-26 03:00:38.870 - WARNING - api_client - ❌ 服务器 809b760b152e4c21960d676554eac4c2 重试5次后仍失败 | ClientResponseError: 521, message='HTTP 521', url='https://server-backend.mooire.top/api/instance?daemonId=85f05f4168334f
2026-04-26 03:00:46.474 - WARNING - api_client - ❌ 服务器 3365e3b2fa8e441d82010c192f32aa7e 重试5次后仍失败 | ClientResponseError: 521, message='HTTP 521', url='https://server-backend.mooire.top/api/instance?daemonId=85f05f4168334f
2026-04-26 03:00:46.505 - WARNING - api_client - ❌ 服务器 3365e3b2fa8e441d82010c192f32aa7e MCSM API 重试5次后仍失败，将回退至 Minecraft 协议 | ClientResponseError: 521, message='HTTP 521', url='https://server-backend.mooire.top/api/instance?daemonId=85f05f4168334f
2026-04-26 03:00:57.828 - INFO - message_handler - 📩 收到私聊消息 | user_id:  | 内容：
2026-04-26 03:01:04.129 - WARNING - api_client - ❌ 服务器 ef7c08f2d6ca41f2a465631a064b47e5 重试5次后仍失败 | ClientResponseError: 521, message='HTTP 521', url='https://server-backend.mooire.top/api/instance?daemonId=85f05f4168334f
2026-04-26 03:01:04.450 - WARNING - api_client - ❌ 服务器 ef7c08f2d6ca41f2a465631a064b47e5 MCSM API 重试5次后仍失败，将回退至 Minecraft 协议 | ClientResponseError: 521, message='HTTP 521', url='https://server-backend.mooire.top/api/instance?daemonId=85f05f4168334f
2026-04-26 03:01:12.128 - WARNING - api_client - ❌ 服务器 1f678fdfacfa42cba4823361aaf47ce9 MCSM API 重试5次后仍失败，将回退至 Minecraft 协议 | ClientResponseError: 521, message='HTTP 521', url='https://server-backend.mooire.top/api/instance?daemonId=85f05f4168334f
2026-04-26 03:01:12.515 - WARNING - api_client - ❌ 服务器 1f678fdfacfa42cba4823361aaf47ce9 重试5次后仍失败 | ClientResponseError: 521, message='HTTP 521', url='https://server-backend.mooire.top/api/instance?daemonId=85f05f4168334f
2026-04-26 03:01:20.109 - WARNING - api_client - ❌ 服务器 809b760b152e4c21960d676554eac4c2 重试5次后仍失败 | ClientResponseError: 521, message='HTTP 521', url='https://server-backend.mooire.top/api/instance?daemonId=85f05f4168334f
2026-04-26 03:01:20.462 - WARNING - api_client - ❌ 服务器 809b760b152e4c21960d676554eac4c2 MCSM API 重试5次后仍失败，将回退至 Minecraft 协议 | ClientResponseError: 521, message='HTTP 521', url='https://server-backend.mooire.top/api/instance?daemonId=85f05f4168334f
2026-04-26 03:01:28.106 - WARNING - api_client - ❌ 服务器 3365e3b2fa8e441d82010c192f32aa7e MCSM API 重试5次后仍失败，将回退至 Minecraft 协议 | ClientResponseError: 521, message='HTTP 521', url='https://server-backend.mooire.top/api/instance?daemonId=85f05f4168334f
2026-04-26 03:01:28.160 - WARNING - api_client - ❌ 服务器 3365e3b2fa8e441d82010c192f32aa7e 重试5次后仍失败 | ClientResponseError: 521, message='HTTP 521', url='https://server-backend.mooire.top/api/instance?daemonId=85f05f4168334f
2026-04-26 03:01:45.730 - WARNING - api_client - ❌ 服务器 ef7c08f2d6ca41f2a465631a064b47e5 重试5次后仍失败 | ClientResponseError: 521, message='HTTP 521', url='https://server-backend.mooire.top/api/instance?daemonId=85f05f4168334f
2026-04-26 03:01:46.239 - WARNING - api_client - ❌ 服务器 ef7c08f2d6ca41f2a465631a064b47e5 MCSM API 重试5次后仍失败，将回退至 Minecraft 协议 | ClientResponseError: 521, message='HTTP 521', url='https://server-backend.mooire.top/api/instance?daemonId=85f05f4168334f
2026-04-26 03:01:54.047 - WARNING - api_client - ❌ 服务器 1f678fdfacfa42cba4823361aaf47ce9 MCSM API 重试5次后仍失败，将回退至 Minecraft 协议 | ClientResponseError: 521, message='HTTP 521', url='https://server-backend.mooire.top/api/instance?daemonId=85f05f4168334f
2026-04-26 03:01:54.145 - WARNING - api_client - ❌ 服务器 1f678fdfacfa42cba4823361aaf47ce9 重试5次后仍失败 | ClientResponseError: 521, message='HTTP 521', url='https://server-backend.mooire.top/api/instance?daemonId=85f05f4168334f
2026-04-26 03:01:57.828 - INFO - message_handler - 📩 收到私聊消息 | user_id:  | 内容：
2026-04-26 03:02:01.678 - WARNING - api_client - ❌ 服务器 809b760b152e4c21960d676554eac4c2 重试5次后仍失败 | ClientResponseError: 521, message='HTTP 521', url='https://server-backend.mooire.top/api/instance?daemonId=85f05f4168334f
2026-04-26 03:02:01.795 - WARNING - api_client - ❌ 服务器 809b760b152e4c21960d676554eac4c2 MCSM API 重试5次后仍失败，将回退至 Minecraft 协议 | ClientResponseError: 521, message='HTTP 521', url='https://server-backend.mooire.top/api/instance?daemonId=85f05f4168334f
2026-04-26 03:02:09.353 - WARNING - api_client - ❌ 服务器 3365e3b2fa8e441d82010c192f32aa7e MCSM API 重试5次后仍失败，将回退至 Minecraft 协议 | ClientResponseError: 521, message='HTTP 521', url='https://server-backend.mooire.top/api/instance?daemonId=85f05f4168334f
2026-04-26 03:02:09.519 - WARNING - api_client - ❌ 服务器 3365e3b2fa8e441d82010c192f32aa7e 重试5次后仍失败 | ClientResponseError: 521, message='HTTP 521', url='https://server-backend.mooire.top/api/instance?daemonId=85f05f4168334f
2026-04-26 03:02:26.993 - WARNING - api_client - ❌ 服务器 ef7c08f2d6ca41f2a465631a064b47e5 MCSM API 重试5次后仍失败，将回退至 Minecraft 协议 | ClientResponseError: 521, message='HTTP 521', url='https://server-backend.mooire.top/api/instance?daemonId=85f05f4168334f
2026-04-26 03:02:27.246 - WARNING - api_client - ❌ 服务器 ef7c08f2d6ca41f2a465631a064b47e5 重试5次后仍失败 | ClientResponseError: 521, message='HTTP 521', url='https://server-backend.mooire.top/api/instance?daemonId=85f05f4168334f
2026-04-26 03:02:34.876 - WARNING - api_client - ❌ 服务器 1f678fdfacfa42cba4823361aaf47ce9 重试5次后仍失败 | ClientResponseError: 521, message='HTTP 521', url='https://server-backend.mooire.top/api/instance?daemonId=85f05f4168334f
2026-04-26 03:02:34.962 - WARNING - api_client - ❌ 服务器 1f678fdfacfa42cba4823361aaf47ce9 MCSM API 重试5次后仍失败，将回退至 Minecraft 协议 | ClientResponseError: 521, message='HTTP 521', url='https://server-backend.mooire.top/api/instance?daemonId=85f05f4168334f
2026-04-26 03:02:43.017 - WARNING - api_client - ❌ 服务器 809b760b152e4c21960d676554eac4c2 MCSM API 重试5次后仍失败，将回退至 Minecraft 协议 | ClientResponseError: 521, message='HTTP 521', url='https://server-backend.mooire.top/api/instance?daemonId=85f05f4168334f
2026-04-26 03:02:43.107 - WARNING - api_client - ❌ 服务器 809b760b152e4c21960d676554eac4c2 重试5次后仍失败 | ClientResponseError: 521, message='HTTP 521', url='https://server-backend.mooire.top/api/instance?daemonId=85f05f4168334f
2026-04-26 03:02:50.594 - WARNING - api_client - ❌ 服务器 3365e3b2fa8e441d82010c192f32aa7e 重试5次后仍失败 | ClientResponseError: 521, message='HTTP 521', url='https://server-backend.mooire.top/api/instance?daemonId=85f05f4168334f
2026-04-26 03:02:50.605 - WARNING - api_client - ❌ 服务器 3365e3b2fa8e441d82010c192f32aa7e MCSM API 重试5次后仍失败，将回退至 Minecraft 协议 | ClientResponseError: 521, message='HTTP 521', url='https://server-backend.mooire.top/api/instance?daemonId=85f05f4168334f
2026-04-26 03:02:57.831 - INFO - message_handler - 📩 收到私聊消息 | user_id:  | 内容：
2026-04-26 03:03:08.249 - WARNING - api_client - ❌ 服务器 ef7c08f2d6ca41f2a465631a064b47e5 MCSM API 重试5次后仍失败，将回退至 Minecraft 协议 | ClientResponseError: 521, message='HTTP 521', url='https://server-backend.mooire.top/api/instance?daemonId=85f05f4168334f
2026-04-26 03:03:08.415 - WARNING - api_client - ❌ 服务器 ef7c08f2d6ca41f2a465631a064b47e5 重试5次后仍失败 | ClientResponseError: 521, message='HTTP 521', url='https://server-backend.mooire.top/api/instance?daemonId=85f05f4168334f
2026-04-26 03:03:16.017 - WARNING - api_client - ❌ 服务器 1f678fdfacfa42cba4823361aaf47ce9 重试5次后仍失败 | ClientResponseError: 521, message='HTTP 521', url='https://server-backend.mooire.top/api/instance?daemonId=85f05f4168334f
2026-04-26 03:03:16.309 - WARNING - api_client - ❌ 服务器 1f678fdfacfa42cba4823361aaf47ce9 MCSM API 重试5次后仍失败，将回退至 Minecraft 协议 | ClientResponseError: 521, message='HTTP 521', url='https://server-backend.mooire.top/api/instance?daemonId=85f05f4168334f
2026-04-26 03:03:23.985 - WARNING - api_client - ❌ 服务器 809b760b152e4c21960d676554eac4c2 MCSM API 重试5次后仍失败，将回退至 Minecraft 协议 | ClientResponseError: 521, message='HTTP 521', url='https://server-backend.mooire.top/api/instance?daemonId=85f05f4168334f
2026-04-26 03:03:24.098 - WARNING - api_client - ❌ 服务器 809b760b152e4c21960d676554eac4c2 重试5次后仍失败 | ClientResponseError: 521, message='HTTP 521', url='https://server-backend.mooire.top/api/instance?daemonId=85f05f4168334f
2026-04-26 03:03:31.587 - WARNING - api_client - ❌ 服务器 3365e3b2fa8e441d82010c192f32aa7e 重试5次后仍失败 | ClientResponseError: 521, message='HTTP 521', url='https://server-backend.mooire.top/api/instance?daemonId=85f05f4168334f
2026-04-26 03:03:31.950 - WARNING - api_client - ❌ 服务器 3365e3b2fa8e441d82010c192f32aa7e MCSM API 重试5次后仍失败，将回退至 Minecraft 协议 | ClientResponseError: 521, message='HTTP 521', url='https://server-backend.mooire.top/api/instance?daemonId=85f05f4168334f
2026-04-26 03:03:49.807 - WARNING - api_client - ❌ 服务器 ef7c08f2d6ca41f2a465631a064b47e5 MCSM API 重试5次后仍失败，将回退至 Minecraft 协议 | ClientResponseError: 521, message='HTTP 521', url='https://server-backend.mooire.top/api/instance?daemonId=85f05f4168334f
2026-04-26 03:03:50.027 - WARNING - api_client - ❌ 服务器 ef7c08f2d6ca41f2a465631a064b47e5 重试5次后仍失败 | ClientResponseError: 521, message='HTTP 521', url='https://server-backend.mooire.top/api/instance?daemonId=85f05f4168334f
2026-04-26 03:03:57.548 - WARNING - api_client - ❌ 服务器 1f678fdfacfa42cba4823361aaf47ce9 MCSM API 重试5次后仍失败，将回退至 Minecraft 协议 | ClientResponseError: 521, message='HTTP 521', url='https://server-backend.mooire.top/api/instance?daemonId=85f05f4168334f
2026-04-26 03:03:57.621 - WARNING - api_client - ❌ 服务器 1f678fdfacfa42cba4823361aaf47ce9 重试5次后仍失败 | ClientResponseError: 521, message='HTTP 521', url='https://server-backend.mooire.top/api/instance?daemonId=85f05f4168334f
2026-04-26 03:03:57.831 - INFO - message_handler - 📩 收到私聊消息 | user_id:  | 内容：
2026-04-26 03:04:05.407 - WARNING - api_client - ❌ 服务器 809b760b152e4c21960d676554eac4c2 重试5次后仍失败 | ClientResponseError: 521, message='HTTP 521', url='https://server-backend.mooire.top/api/instance?daemonId=85f05f4168334f
2026-04-26 03:04:05.425 - WARNING - api_client - ❌ 服务器 809b760b152e4c21960d676554eac4c2 MCSM API 重试5次后仍失败，将回退至 Minecraft 协议 | ClientResponseError: 521, message='HTTP 521', url='https://server-backend.mooire.top/api/instance?daemonId=85f05f4168334f
2026-04-26 03:04:12.978 - WARNING - api_client - ❌ 服务器 3365e3b2fa8e441d82010c192f32aa7e 重试5次后仍失败 | ClientResponseError: 521, message='HTTP 521', url='https://server-backend.mooire.top/api/instance?daemonId=85f05f4168334f
2026-04-26 03:04:13.191 - WARNING - api_client - ❌ 服务器 3365e3b2fa8e441d82010c192f32aa7e MCSM API 重试5次后仍失败，将回退至 Minecraft 协议 | ClientResponseError: 521, message='HTTP 521', url='https://server-backend.mooire.top/api/instance?daemonId=85f05f4168334f
2026-04-26 03:04:30.831 - WARNING - api_client - ❌ 服务器 ef7c08f2d6ca41f2a465631a064b47e5 MCSM API 重试5次后仍失败，将回退至 Minecraft 协议 | ClientResponseError: 500, message='HTTP 500', url='https://server-backend.mooire.top/api/instance?daemonId=85f05f4168334f
2026-04-26 03:04:30.949 - WARNING - api_client - ❌ 服务器 ef7c08f2d6ca41f2a465631a064b47e5 重试5次后仍失败 | ClientResponseError: 500, message='HTTP 500', url='https://server-backend.mooire.top/api/instance?daemonId=85f05f4168334f
2026-04-26 03:04:57.831 - INFO - message_handler - 📩 收到私聊消息 | user_id:  | 内容：
2026-04-26 03:05:57.831 - INFO - message_handler - 📩 收到私聊消息 | user_id:  | 内容：
2026-04-26 03:06:57.832 - INFO - message_handler - 📩 收到私聊消息 | user_id:  | 内容：
2026-04-26 03:07:57.832 - INFO - message_handler - 📩 收到私聊消息 | user_id:  | 内容：
2026-04-26 03:08:57.833 - INFO - message_handler - 📩 收到私聊消息 | user_id:  | 内容：
2026-04-26 03:09:57.840 - INFO - message_handler - 📩 收到私聊消息 | user_id:  | 内容：
2026-04-26 03:10:57.832 - INFO - message_handler - 📩 收到私聊消息 | user_id:  | 内容：
2026-04-26 03:11:57.832 - INFO - message_handler - 📩 收到私聊消息 | user_id:  | 内容：
2026-04-26 03:12:57.833 - INFO - message_handler - 📩 收到私聊消息 | user_id:  | 内容：
2026-04-26 03:13:57.834 - INFO - message_handler - 📩 收到私聊消息 | user_id:  | 内容：
2026-04-26 03:14:57.834 - INFO - message_handler - 📩 收到私聊消息 | user_id:  | 内容：
2026-04-26 03:15:57.836 - INFO - message_handler - 📩 收到私聊消息 | user_id:  | 内容：
2026-04-26 03:16:57.836 - INFO - message_handler - 📩 收到私聊消息 | user_id:  | 内容：
2026-04-26 03:17:57.837 - INFO - message_handler - 📩 收到私聊消息 | user_id:  | 内容：
2026-04-26 03:18:57.839 - INFO - message_handler - 📩 收到私聊消息 | user_id:  | 内容：
2026-04-26 03:19:57.839 - INFO - message_handler - 📩 收到私聊消息 | user_id:  | 内容：
2026-04-26 03:20:57.838 - INFO - message_handler - 📩 收到私聊消息 | user_id:  | 内容：
2026-04-26 03:21:57.839 - INFO - message_handler - 📩 收到私聊消息 | user_id:  | 内容：
2026-04-26 03:22:57.840 - INFO - message_handler - 📩 收到私聊消息 | user_id:  | 内容：
2026-04-26 03:23:57.840 - INFO - message_handler - 📩 收到私聊消息 | user_id:  | 内容：
2026-04-26 03:24:57.840 - INFO - message_handler - 📩 收到私聊消息 | user_id:  | 内容：
2026-04-26 03:25:57.842 - INFO - message_handler - 📩 收到私聊消息 | user_id:  | 内容：
2026-04-26 03:26:57.840 - INFO - message_handler - 📩 收到私聊消息 | user_id:  | 内容：
2026-04-26 03:27:57.840 - INFO - message_handler - 📩 收到私聊消息 | user_id:  | 内容：
2026-04-26 03:28:57.841 - INFO - message_handler - 📩 收到私聊消息 | user_id:  | 内容：
2026-04-26 03:29:57.843 - INFO - message_handler - 📩 收到私聊消息 | user_id:  | 内容：
2026-04-26 03:30:57.842 - INFO - message_handler - 📩 收到私聊消息 | user_id:  | 内容：
2026-04-26 03:31:57.844 - INFO - message_handler - 📩 收到私聊消息 | user_id:  | 内容：
2026-04-26 03:32:57.842 - INFO - message_handler - 📩 收到私聊消息 | user_id:  | 内容：
2026-04-26 03:33:57.843 - INFO - message_handler - 📩 收到私聊消息 | user_id:  | 内容：
2026-04-26 03:34:57.844 - INFO - message_handler - 📩 收到私聊消息 | user_id:  | 内容：
2026-04-26 03:35:57.845 - INFO - message_handler - 📩 收到私聊消息 | user_id:  | 内容：
2026-04-26 03:36:57.844 - INFO - message_handler - 📩 收到私聊消息 | user_id:  | 内容：
2026-04-26 03:37:57.844 - INFO - message_handler - 📩 收到私聊消息 | user_id:  | 内容：
2026-04-26 03:38:57.844 - INFO - message_handler - 📩 收到私聊消息 | user_id:  | 内容：
2026-04-26 03:39:57.846 - INFO - message_handler - 📩 收到私聊消息 | user_id:  | 内容：
2026-04-26 03:40:57.847 - INFO - message_handler - 📩 收到私聊消息 | user_id:  | 内容：
2026-04-26 03:41:57.848 - INFO - message_handler - 📩 收到私聊消息 | user_id:  | 内容：
2026-04-26 03:42:57.849 - INFO - message_handler - 📩 收到私聊消息 | user_id:  | 内容：
2026-04-26 03:43:57.849 - INFO - message_handler - 📩 收到私聊消息 | user_id:  | 内容：
2026-04-26 03:44:57.849 - INFO - message_handler - 📩 收到私聊消息 | user_id:  | 内容：
2026-04-26 03:45:57.850 - INFO - message_handler - 📩 收到私聊消息 | user_id:  | 内容：
2026-04-26 03:46:57.851 - INFO - message_handler - 📩 收到私聊消息 | user_id:  | 内容：
2026-04-26 03:47:57.852 - INFO - message_handler - 📩 收到私聊消息 | user_id:  | 内容：
2026-04-26 03:48:57.852 - INFO - message_handler - 📩 收到私聊消息 | user_id:  | 内容：
2026-04-26 03:49:57.853 - INFO - message_handler - 📩 收到私聊消息 | user_id:  | 内容：
2026-04-26 03:50:57.855 - INFO - message_handler - 📩 收到私聊消息 | user_id:  | 内容：
2026-04-26 03:51:57.855 - INFO - message_handler - 📩 收到私聊消息 | user_id:  | 内容：
2026-04-26 03:52:57.856 - INFO - message_handler - 📩 收到私聊消息 | user_id:  | 内容：
2026-04-26 03:53:57.856 - INFO - message_handler - 📩 收到私聊消息 | user_id:  | 内容：
2026-04-26 03:54:57.856 - INFO - message_handler - 📩 收到私聊消息 | user_id:  | 内容：
2026-04-26 03:55:57.856 - INFO - message_handler - 📩 收到私聊消息 | user_id:  | 内容：
2026-04-26 03:56:57.857 - INFO - message_handler - 📩 收到私聊消息 | user_id:  | 内容：
2026-04-26 03:57:57.857 - INFO - message_handler - 📩 收到私聊消息 | user_id:  | 内容：
2026-04-26 03:58:57.857 - INFO - message_handler - 📩 收到私聊消息 | user_id:  | 内容：
2026-04-26 03:59:57.857 - INFO - message_handler - 📩 收到私聊消息 | user_id:  | 内容：
2026-04-26 04:00:57.857 - INFO - message_handler - 📩 收到私聊消息 | user_id:  | 内容：
2026-04-26 04:01:57.857 - INFO - message_handler - 📩 收到私聊消息 | user_id:  | 内容：
2026-04-26 04:02:57.857 - INFO - message_handler - 📩 收到私聊消息 | user_id:  | 内容：
2026-04-26 04:03:57.858 - INFO - message_handler - 📩 收到私聊消息 | user_id:  | 内容：
2026-04-26 04:04:57.858 - INFO - message_handler - 📩 收到私聊消息 | user_id:  | 内容：
2026-04-26 04:05:57.859 - INFO - message_handler - 📩 收到私聊消息 | user_id:  | 内容：
2026-04-26 04:06:57.858 - INFO - message_handler - 📩 收到私聊消息 | user_id:  | 内容：
2026-04-26 04:07:57.859 - INFO - message_handler - 📩 收到私聊消息 | user_id:  | 内容：
2026-04-26 04:08:57.860 - INFO - message_handler - 📩 收到私聊消息 | user_id:  | 内容：
2026-04-26 04:09:57.860 - INFO - message_handler - 📩 收到私聊消息 | user_id:  | 内容：
2026-04-26 04:10:57.862 - INFO - message_handler - 📩 收到私聊消息 | user_id:  | 内容：
2026-04-26 04:11:57.862 - INFO - message_handler - 📩 收到私聊消息 | user_id:  | 内容：
2026-04-26 04:12:57.862 - INFO - message_handler - 📩 收到私聊消息 | user_id:  | 内容：
2026-04-26 04:13:57.862 - INFO - message_handler - 📩 收到私聊消息 | user_id:  | 内容：
2026-04-26 04:14:57.863 - INFO - message_handler - 📩 收到私聊消息 | user_id:  | 内容：
2026-04-26 04:15:57.863 - INFO - message_handler - 📩 收到私聊消息 | user_id:  | 内容：
2026-04-26 04:16:57.864 - INFO - message_handler - 📩 收到私聊消息 | user_id:  | 内容：
2026-04-26 04:17:57.864 - INFO - message_handler - 📩 收到私聊消息 | user_id:  | 内容：
2026-04-26 04:18:57.865 - INFO - message_handler - 📩 收到私聊消息 | user_id:  | 内容：
WARNING:  Invalid HTTP request received.
2026-04-26 04:19:57.865 - INFO - message_handler - 📩 收到私聊消息 | user_id:  | 内容：
2026-04-26 04:20:57.866 - INFO - message_handler - 📩 收到私聊消息 | user_id:  | 内容：
2026-04-26 04:21:57.867 - INFO - message_handler - 📩 收到私聊消息 | user_id:  | 内容：
2026-04-26 04:22:57.866 - INFO - message_handler - 📩 收到私聊消息 | user_id:  | 内容：
2026-04-26 04:23:57.867 - INFO - message_handler - 📩 收到私聊消息 | user_id:  | 内容：
2026-04-26 04:24:57.866 - INFO - message_handler - 📩 收到私聊消息 | user_id:  | 内容：
2026-04-26 04:25:57.866 - INFO - message_handler - 📩 收到私聊消息 | user_id:  | 内容：
2026-04-26 04:26:57.866 - INFO - message_handler - 📩 收到私聊消息 | user_id:  | 内容：
2026-04-26 04:27:57.866 - INFO - message_handler - 📩 收到私聊消息 | user_id:  | 内容：
2026-04-26 04:28:57.867 - INFO - message_handler - 📩 收到私聊消息 | user_id:  | 内容：
2026-04-26 04:29:57.867 - INFO - message_handler - 📩 收到私聊消息 | user_id:  | 内容：
2026-04-26 04:30:57.868 - INFO - message_handler - 📩 收到私聊消息 | user_id:  | 内容：
2026-04-26 04:31:57.868 - INFO - message_handler - 📩 收到私聊消息 | user_id:  | 内容：
2026-04-26 04:32:57.868 - INFO - message_handler - 📩 收到私聊消息 | user_id:  | 内容：
2026-04-26 04:33:57.869 - INFO - message_handler - 📩 收到私聊消息 | user_id:  | 内容：
2026-04-26 04:34:57.870 - INFO - message_handler - 📩 收到私聊消息 | user_id:  | 内容：
2026-04-26 04:35:57.871 - INFO - message_handler - 📩 收到私聊消息 | user_id:  | 内容：
2026-04-26 04:36:57.871 - INFO - message_handler - 📩 收到私聊消息 | user_id:  | 内容：
2026-04-26 04:37:57.876 - INFO - message_handler - 📩 收到私聊消息 | user_id:  | 内容：
2026-04-26 04:38:57.873 - INFO - message_handler - 📩 收到私聊消息 | user_id:  | 内容：
2026-04-26 04:39:57.873 - INFO - message_handler - 📩 收到私聊消息 | user_id:  | 内容：
2026-04-26 04:40:57.874 - INFO - message_handler - 📩 收到私聊消息 | user_id:  | 内容：
2026-04-26 04:41:57.874 - INFO - message_handler - 📩 收到私聊消息 | user_id:  | 内容：
2026-04-26 04:42:57.875 - INFO - message_handler - 📩 收到私聊消息 | user_id:  | 内容：
2026-04-26 04:43:57.876 - INFO - message_handler - 📩 收到私聊消息 | user_id:  | 内容：
2026-04-26 04:44:57.877 - INFO - message_handler - 📩 收到私聊消息 | user_id:  | 内容：
2026-04-26 04:45:57.876 - INFO - message_handler - 📩 收到私聊消息 | user_id:  | 内容：
2026-04-26 04:46:57.876 - INFO - message_handler - 📩 收到私聊消息 | user_id:  | 内容：
2026-04-26 04:47:57.877 - INFO - message_handler - 📩 收到私聊消息 | user_id:  | 内容：
2026-04-26 04:48:57.878 - INFO - message_handler - 📩 收到私聊消息 | user_id:  | 内容：
2026-04-26 04:49:57.878 - INFO - message_handler - 📩 收到私聊消息 | user_id:  | 内容：
2026-04-26 04:50:57.878 - INFO - message_handler - 📩 收到私聊消息 | user_id:  | 内容：
2026-04-26 04:51:57.878 - INFO - message_handler - 📩 收到私聊消息 | user_id:  | 内容：
2026-04-26 04:52:57.879 - INFO - message_handler - 📩 收到私聊消息 | user_id:  | 内容：
2026-04-26 04:53:57.880 - INFO - message_handler - 📩 收到私聊消息 | user_id:  | 内容：
2026-04-26 04:54:57.879 - INFO - message_handler - 📩 收到私聊消息 | user_id:  | 内容：
2026-04-26 04:55:57.879 - INFO - message_handler - 📩 收到私聊消息 | user_id:  | 内容：
2026-04-26 04:56:57.879 - INFO - message_handler - 📩 收到私聊消息 | user_id:  | 内容：
2026-04-26 04:57:57.880 - INFO - message_handler - 📩 收到私聊消息 | user_id:  | 内容：
2026-04-26 04:58:57.880 - INFO - message_handler - 📩 收到私聊消息 | user_id:  | 内容：
2026-04-26 04:59:57.901 - INFO - message_handler - 📩 收到私聊消息 | user_id:  | 内容：
2026-04-26 05:00:57.883 - INFO - message_handler - 📩 收到私聊消息 | user_id:  | 内容：
2026-04-26 05:01:57.883 - INFO - message_handler - 📩 收到私聊消息 | user_id:  | 内容：
2026-04-26 05:02:57.882 - INFO - message_handler - 📩 收到私聊消息 | user_id:  | 内容：
2026-04-26 05:03:57.883 - INFO - message_handler - 📩 收到私聊消息 | user_id:  | 内容：
2026-04-26 05:04:57.884 - INFO - message_handler - 📩 收到私聊消息 | user_id:  | 内容：
2026-04-26 05:05:57.886 - INFO - message_handler - 📩 收到私聊消息 | user_id:  | 内容：
2026-04-26 05:06:57.886 - INFO - message_handler - 📩 收到私聊消息 | user_id:  | 内容：
2026-04-26 05:07:57.887 - INFO - message_handler - 📩 收到私聊消息 | user_id:  | 内容：
2026-04-26 05:08:57.887 - INFO - message_handler - 📩 收到私聊消息 | user_id:  | 内容：
2026-04-26 05:09:57.888 - INFO - message_handler - 📩 收到私聊消息 | user_id:  | 内容：
2026-04-26 05:10:57.889 - INFO - message_handler - 📩 收到私聊消息 | user_id:  | 内容：
2026-04-26 05:11:57.890 - INFO - message_handler - 📩 收到私聊消息 | user_id:  | 内容：
2026-04-26 05:12:57.890 - INFO - message_handler - 📩 收到私聊消息 | user_id:  | 内容：
2026-04-26 05:13:57.890 - INFO - message_handler - 📩 收到私聊消息 | user_id:  | 内容：
2026-04-26 05:14:57.891 - INFO - message_handler - 📩 收到私聊消息 | user_id:  | 内容：
2026-04-26 05:15:57.893 - INFO - message_handler - 📩 收到私聊消息 | user_id:  | 内容：
2026-04-26 05:16:57.891 - INFO - message_handler - 📩 收到私聊消息 | user_id:  | 内容：
2026-04-26 05:17:57.891 - INFO - message_handler - 📩 收到私聊消息 | user_id:  | 内容：
2026-04-26 05:18:57.892 - INFO - message_handler - 📩 收到私聊消息 | user_id:  | 内容：
2026-04-26 05:19:57.893 - INFO - message_handler - 📩 收到私聊消息 | user_id:  | 内容：
2026-04-26 05:20:57.892 - INFO - message_handler - 📩 收到私聊消息 | user_id:  | 内容：
2026-04-26 05:21:57.892 - INFO - message_handler - 📩 收到私聊消息 | user_id:  | 内容：
2026-04-26 05:22:57.892 - INFO - message_handler - 📩 收到私聊消息 | user_id:  | 内容：
2026-04-26 05:23:57.892 - INFO - message_handler - 📩 收到私聊消息 | user_id:  | 内容：
2026-04-26 05:24:57.892 - INFO - message_handler - 📩 收到私聊消息 | user_id:  | 内容：
2026-04-26 05:25:57.893 - INFO - message_handler - 📩 收到私聊消息 | user_id:  | 内容：
2026-04-26 05:26:57.894 - INFO - message_handler - 📩 收到私聊消息 | user_id:  | 内容：
2026-04-26 05:27:57.895 - INFO - message_handler - 📩 收到私聊消息 | user_id:  | 内容：
2026-04-26 05:28:57.895 - INFO - message_handler - 📩 收到私聊消息 | user_id:  | 内容：
2026-04-26 05:29:57.895 - INFO - message_handler - 📩 收到私聊消息 | user_id:  | 内容：
2026-04-26 05:30:57.896 - INFO - message_handler - 📩 收到私聊消息 | user_id:  | 内容：
2026-04-26 05:31:57.896 - INFO - message_handler - 📩 收到私聊消息 | user_id:  | 内容：
2026-04-26 05:32:57.897 - INFO - message_handler - 📩 收到私聊消息 | user_id:  | 内容：
2026-04-26 05:33:57.896 - INFO - message_handler - 📩 收到私聊消息 | user_id:  | 内容：
2026-04-26 05:34:57.896 - INFO - message_handler - 📩 收到私聊消息 | user_id:  | 内容：
2026-04-26 05:35:57.897 - INFO - message_handler - 📩 收到私聊消息 | user_id:  | 内容：
2026-04-26 05:36:57.920 - INFO - message_handler - 📩 收到私聊消息 | user_id:  | 内容：
2026-04-26 05:37:57.896 - INFO - message_handler - 📩 收到私聊消息 | user_id:  | 内容：
2026-04-26 05:38:57.897 - INFO - message_handler - 📩 收到私聊消息 | user_id:  | 内容：
2026-04-26 05:39:57.896 - INFO - message_handler - 📩 收到私聊消息 | user_id:  | 内容：
2026-04-26 05:40:57.896 - INFO - message_handler - 📩 收到私聊消息 | user_id:  | 内容：
2026-04-26 05:41:57.897 - INFO - message_handler - 📩 收到私聊消息 | user_id:  | 内容：
2026-04-26 05:42:57.913 - INFO - message_handler - 📩 收到私聊消息 | user_id:  | 内容：
2026-04-26 05:43:57.897 - INFO - message_handler - 📩 收到私聊消息 | user_id:  | 内容：
2026-04-26 05:44:57.899 - INFO - message_handler - 📩 收到私聊消息 | user_id:  | 内容：
2026-04-26 05:45:57.898 - INFO - message_handler - 📩 收到私聊消息 | user_id:  | 内容：
2026-04-26 05:46:57.898 - INFO - message_handler - 📩 收到私聊消息 | user_id:  | 内容：
2026-04-26 05:47:57.899 - INFO - message_handler - 📩 收到私聊消息 | user_id:  | 内容：
2026-04-26 05:48:57.900 - INFO - message_handler - 📩 收到私聊消息 | user_id:  | 内容：
2026-04-26 05:49:57.899 - INFO - message_handler - 📩 收到私聊消息 | user_id:  | 内容：
2026-04-26 05:50:57.899 - INFO - message_handler - 📩 收到私聊消息 | user_id:  | 内容：
2026-04-26 05:51:57.899 - INFO - message_handler - 📩 收到私聊消息 | user_id:  | 内容：
2026-04-26 05:52:57.900 - INFO - message_handler - 📩 收到私聊消息 | user_id:  | 内容：
2026-04-26 05:53:57.900 - INFO - message_handler - 📩 收到私聊消息 | user_id:  | 内容：
2026-04-26 05:54:57.901 - INFO - message_handler - 📩 收到私聊消息 | user_id:  | 内容：
2026-04-26 05:55:57.917 - INFO - message_handler - 📩 收到私聊消息 | user_id:  | 内容：
2026-04-26 05:56:57.903 - INFO - message_handler - 📩 收到私聊消息 | user_id:  | 内容：
2026-04-26 05:57:57.904 - INFO - message_handler - 📩 收到私聊消息 | user_id:  | 内容：
2026-04-26 05:58:57.904 - INFO - message_handler - 📩 收到私聊消息 | user_id:  | 内容：
2026-04-26 05:59:57.905 - INFO - message_handler - 📩 收到私聊消息 | user_id:  | 内容：
2026-04-26 06:00:57.904 - INFO - message_handler - 📩 收到私聊消息 | user_id:  | 内容：
2026-04-26 06:01:57.904 - INFO - message_handler - 📩 收到私聊消息 | user_id:  | 内容：
2026-04-26 06:02:57.905 - INFO - message_handler - 📩 收到私聊消息 | user_id:  | 内容：
2026-04-26 06:03:57.925 - INFO - message_handler - 📩 收到私聊消息 | user_id:  | 内容：
2026-04-26 06:04:57.921 - INFO - message_handler - 📩 收到私聊消息 | user_id:  | 内容：
2026-04-26 06:05:57.921 - INFO - message_handler - 📩 收到私聊消息 | user_id:  | 内容：
2026-04-26 06:06:57.922 - INFO - message_handler - 📩 收到私聊消息 | user_id:  | 内容：
2026-04-26 06:07:57.922 - INFO - message_handler - 📩 收到私聊消息 | user_id:  | 内容：
2026-04-26 06:08:57.924 - INFO - message_handler - 📩 收到私聊消息 | user_id:  | 内容：
2026-04-26 06:09:57.923 - INFO - message_handler - 📩 收到私聊消息 | user_id:  | 内容：
2026-04-26 06:10:57.923 - INFO - message_handler - 📩 收到私聊消息 | user_id:  | 内容：
2026-04-26 06:11:57.923 - INFO - message_handler - 📩 收到私聊消息 | user_id:  | 内容：
2026-04-26 06:12:57.924 - INFO - message_handler - 📩 收到私聊消息 | user_id:  | 内容：
2026-04-26 06:13:57.924 - INFO - message_handler - 📩 收到私聊消息 | user_id:  | 内容：
2026-04-26 06:14:57.931 - INFO - message_handler - 📩 收到私聊消息 | user_id:  | 内容：
2026-04-26 06:15:57.924 - INFO - message_handler - 📩 收到私聊消息 | user_id:  | 内容：
WARNING:  Invalid HTTP request received.
WARNING:  Invalid HTTP request received.
2026-04-26 06:16:57.925 - INFO - message_handler - 📩 收到私聊消息 | user_id:  | 内容：
2026-04-26 06:17:57.926 - INFO - message_handler - 📩 收到私聊消息 | user_id:  | 内容：
2026-04-26 06:18:57.925 - INFO - message_handler - 📩 收到私聊消息 | user_id:  | 内容：
2026-04-26 06:19:57.925 - INFO - message_handler - 📩 收到私聊消息 | user_id:  | 内容：
2026-04-26 06:20:57.926 - INFO - message_handler - 📩 收到私聊消息 | user_id:  | 内容：
2026-04-26 06:21:57.928 - INFO - message_handler - 📩 收到私聊消息 | user_id:  | 内容：
2026-04-26 06:22:57.930 - INFO - message_handler - 📩 收到私聊消息 | user_id:  | 内容：
2026-04-26 06:23:57.929 - INFO - message_handler - 📩 收到私聊消息 | user_id:  | 内容：
2026-04-26 06:24:57.931 - INFO - message_handler - 📩 收到私聊消息 | user_id:  | 内容：
2026-04-26 06:25:57.930 - INFO - message_handler - 📩 收到私聊消息 | user_id:  | 内容：
2026-04-26 06:26:57.931 - INFO - message_handler - 📩 收到私聊消息 | user_id:  | 内容：
2026-04-26 06:27:57.946 - INFO - message_handler - 📩 收到私聊消息 | user_id:  | 内容：
2026-04-26 06:28:57.931 - INFO - message_handler - 📩 收到私聊消息 | user_id:  | 内容：
2026-04-26 06:29:57.931 - INFO - message_handler - 📩 收到私聊消息 | user_id:  | 内容：
2026-04-26 06:30:57.932 - INFO - message_handler - 📩 收到私聊消息 | user_id:  | 内容：
2026-04-26 06:31:57.932 - INFO - message_handler - 📩 收到私聊消息 | user_id:  | 内容：
2026-04-26 06:32:57.934 - INFO - message_handler - 📩 收到私聊消息 | user_id:  | 内容：
2026-04-26 06:33:57.933 - INFO - message_handler - 📩 收到私聊消息 | user_id:  | 内容：
2026-04-26 06:34:57.932 - INFO - message_handler - 📩 收到私聊消息 | user_id:  | 内容：
2026-04-26 06:35:57.933 - INFO - message_handler - 📩 收到私聊消息 | user_id:  | 内容：
2026-04-26 06:36:57.933 - INFO - message_handler - 📩 收到私聊消息 | user_id:  | 内容：
2026-04-26 06:37:57.933 - INFO - message_handler - 📩 收到私聊消息 | user_id:  | 内容：
2026-04-26 06:38:57.934 - INFO - message_handler - 📩 收到私聊消息 | user_id:  | 内容：
2026-04-26 06:39:57.934 - INFO - message_handler - 📩 收到私聊消息 | user_id:  | 内容：
2026-04-26 06:40:57.935 - INFO - message_handler - 📩 收到私聊消息 | user_id:  | 内容：
2026-04-26 06:41:57.935 - INFO - message_handler - 📩 收到私聊消息 | user_id:  | 内容：
2026-04-26 06:42:57.935 - INFO - message_handler - 📩 收到私聊消息 | user_id:  | 内容：
2026-04-26 06:43:57.936 - INFO - message_handler - 📩 收到私聊消息 | user_id:  | 内容：
2026-04-26 06:44:57.937 - INFO - message_handler - 📩 收到私聊消息 | user_id:  | 内容：
2026-04-26 06:45:57.939 - INFO - message_handler - 📩 收到私聊消息 | user_id:  | 内容：
2026-04-26 06:46:57.947 - INFO - message_handler - 📩 收到私聊消息 | user_id:  | 内容：
2026-04-26 06:47:57.938 - INFO - message_handler - 📩 收到私聊消息 | user_id:  | 内容：
2026-04-26 06:48:57.939 - INFO - message_handler - 📩 收到私聊消息 | user_id:  | 内容：
2026-04-26 06:49:57.939 - INFO - message_handler - 📩 收到私聊消息 | user_id:  | 内容：
2026-04-26 06:50:57.940 - INFO - message_handler - 📩 收到私聊消息 | user_id:  | 内容：
2026-04-26 06:51:57.941 - INFO - message_handler - 📩 收到私聊消息 | user_id:  | 内容：
2026-04-26 06:52:57.941 - INFO - message_handler - 📩 收到私聊消息 | user_id:  | 内容：
WARNING:  Invalid HTTP request received.
2026-04-26 06:53:57.942 - INFO - message_handler - 📩 收到私聊消息 | user_id:  | 内容：
2026-04-26 06:54:57.942 - INFO - message_handler - 📩 收到私聊消息 | user_id:  | 内容：
2026-04-26 06:55:57.942 - INFO - message_handler - 📩 收到私聊消息 | user_id:  | 内容：
2026-04-26 06:56:57.942 - INFO - message_handler - 📩 收到私聊消息 | user_id:  | 内容：
2026-04-26 06:57:57.942 - INFO - message_handler - 📩 收到私聊消息 | user_id:  | 内容：
2026-04-26 06:58:57.943 - INFO - message_handler - 📩 收到私聊消息 | user_id:  | 内容：
2026-04-26 06:59:57.945 - INFO - message_handler - 📩 收到私聊消息 | user_id:  | 内容：
2026-04-26 07:00:57.946 - INFO - message_handler - 📩 收到私聊消息 | user_id:  | 内容：
2026-04-26 07:01:57.946 - INFO - message_handler - 📩 收到私聊消息 | user_id:  | 内容：
2026-04-26 07:02:57.945 - INFO - message_handler - 📩 收到私聊消息 | user_id:  | 内容：
2026-04-26 07:03:57.947 - INFO - message_handler - 📩 收到私聊消息 | user_id:  | 内容：
2026-04-26 07:04:57.948 - INFO - message_handler - 📩 收到私聊消息 | user_id:  | 内容：
2026-04-26 07:05:57.947 - INFO - message_handler - 📩 收到私聊消息 | user_id:  | 内容：
2026-04-26 07:06:57.947 - INFO - message_handler - 📩 收到私聊消息 | user_id:  | 内容：
2026-04-26 07:07:57.949 - INFO - message_handler - 📩 收到私聊消息 | user_id:  | 内容：
2026-04-26 07:08:57.949 - INFO - message_handler - 📩 收到私聊消息 | user_id:  | 内容：
2026-04-26 07:09:57.950 - INFO - message_handler - 📩 收到私聊消息 | user_id:  | 内容：
2026-04-26 07:10:57.950 - INFO - message_handler - 📩 收到私聊消息 | user_id:  | 内容：
2026-04-26 07:11:57.950 - INFO - message_handler - 📩 收到私聊消息 | user_id:  | 内容：
2026-04-26 07:12:57.950 - INFO - message_handler - 📩 收到私聊消息 | user_id:  | 内容：
2026-04-26 07:13:57.952 - INFO - message_handler - 📩 收到私聊消息 | user_id:  | 内容：
2026-04-26 07:14:57.950 - INFO - message_handler - 📩 收到私聊消息 | user_id:  | 内容：
2026-04-26 07:15:57.952 - INFO - message_handler - 📩 收到私聊消息 | user_id:  | 内容：
2026-04-26 07:16:57.952 - INFO - message_handler - 📩 收到私聊消息 | user_id:  | 内容：
2026-04-26 07:17:57.953 - INFO - message_handler - 📩 收到私聊消息 | user_id:  | 内容：
2026-04-26 07:18:57.955 - INFO - message_handler - 📩 收到私聊消息 | user_id:  | 内容：
2026-04-26 07:19:57.956 - INFO - message_handler - 📩 收到私聊消息 | user_id:  | 内容：
2026-04-26 07:20:57.956 - INFO - message_handler - 📩 收到私聊消息 | user_id:  | 内容：
2026-04-26 07:21:57.974 - INFO - message_handler - 📩 收到私聊消息 | user_id:  | 内容：
2026-04-26 07:22:57.957 - INFO - message_handler - 📩 收到私聊消息 | user_id:  | 内容：
2026-04-26 07:23:57.957 - INFO - message_handler - 📩 收到私聊消息 | user_id:  | 内容：
2026-04-26 07:24:57.958 - INFO - message_handler - 📩 收到私聊消息 | user_id:  | 内容：
2026-04-26 07:25:57.958 - INFO - message_handler - 📩 收到私聊消息 | user_id:  | 内容：
2026-04-26 07:26:57.959 - INFO - message_handler - 📩 收到私聊消息 | user_id:  | 内容：
2026-04-26 07:27:57.960 - INFO - message_handler - 📩 收到私聊消息 | user_id:  | 内容：
2026-04-26 07:28:57.960 - INFO - message_handler - 📩 收到私聊消息 | user_id:  | 内容：
2026-04-26 07:29:57.960 - INFO - message_handler - 📩 收到私聊消息 | user_id:  | 内容：
2026-04-26 07:30:57.962 - INFO - message_handler - 📩 收到私聊消息 | user_id:  | 内容：
2026-04-26 07:31:57.961 - INFO - message_handler - 📩 收到私聊消息 | user_id:  | 内容：
2026-04-26 07:32:57.961 - INFO - message_handler - 📩 收到私聊消息 | user_id:  | 内容：
2026-04-26 07:33:57.963 - INFO - message_handler - 📩 收到私聊消息 | user_id:  | 内容：
2026-04-26 07:34:57.970 - INFO - message_handler - 📩 收到私聊消息 | user_id:  | 内容：
2026-04-26 07:35:57.962 - INFO - message_handler - 📩 收到私聊消息 | user_id:  | 内容：
2026-04-26 07:36:57.961 - INFO - message_handler - 📩 收到私聊消息 | user_id:  | 内容：
2026-04-26 07:37:57.962 - INFO - message_handler - 📩 收到私聊消息 | user_id:  | 内容：
2026-04-26 07:38:57.961 - INFO - message_handler - 📩 收到私聊消息 | user_id:  | 内容：
2026-04-26 07:39:57.962 - INFO - message_handler - 📩 收到私聊消息 | user_id:  | 内容：
2026-04-26 07:40:57.961 - INFO - message_handler - 📩 收到私聊消息 | user_id:  | 内容：
2026-04-26 07:41:57.962 - INFO - message_handler - 📩 收到私聊消息 | user_id:  | 内容：
2026-04-26 07:42:57.962 - INFO - message_handler - 📩 收到私聊消息 | user_id:  | 内容：
2026-04-26 07:43:57.963 - INFO - message_handler - 📩 收到私聊消息 | user_id:  | 内容：
2026-04-26 07:44:57.963 - INFO - message_handler - 📩 收到私聊消息 | user_id:  | 内容：
2026-04-26 07:45:57.963 - INFO - message_handler - 📩 收到私聊消息 | user_id:  | 内容：
2026-04-26 07:46:57.964 - INFO - message_handler - 📩 收到私聊消息 | user_id:  | 内容：
2026-04-26 07:47:57.963 - INFO - message_handler - 📩 收到私聊消息 | user_id:  | 内容：
2026-04-26 07:48:57.964 - INFO - message_handler - 📩 收到私聊消息 | user_id:  | 内容：
2026-04-26 07:49:57.965 - INFO - message_handler - 📩 收到私聊消息 | user_id:  | 内容：
2026-04-26 07:50:57.965 - INFO - message_handler - 📩 收到私聊消息 | user_id:  | 内容：
2026-04-26 07:51:57.965 - INFO - message_handler - 📩 收到私聊消息 | user_id:  | 内容：
2026-04-26 07:52:57.966 - INFO - message_handler - 📩 收到私聊消息 | user_id:  | 内容：
2026-04-26 07:53:57.967 - INFO - message_handler - 📩 收到私聊消息 | user_id:  | 内容：
2026-04-26 07:54:57.968 - INFO - message_handler - 📩 收到私聊消息 | user_id:  | 内容：
2026-04-26 07:55:57.968 - INFO - message_handler - 📩 收到私聊消息 | user_id:  | 内容：
2026-04-26 07:56:57.969 - INFO - message_handler - 📩 收到私聊消息 | user_id:  | 内容：
2026-04-26 07:57:57.969 - INFO - message_handler - 📩 收到私聊消息 | user_id:  | 内容：
2026-04-26 07:58:57.969 - INFO - message_handler - 📩 收到私聊消息 | user_id:  | 内容：
2026-04-26 07:59:57.969 - INFO - message_handler - 📩 收到私聊消息 | user_id:  | 内容：
2026-04-26 08:00:57.969 - INFO - message_handler - 📩 收到私聊消息 | user_id:  | 内容：
2026-04-26 08:01:57.969 - INFO - message_handler - 📩 收到私聊消息 | user_id:  | 内容：
2026-04-26 08:02:57.969 - INFO - message_handler - 📩 收到私聊消息 | user_id:  | 内容：
2026-04-26 08:03:57.969 - INFO - message_handler - 📩 收到私聊消息 | user_id:  | 内容：
2026-04-26 08:04:57.969 - INFO - message_handler - 📩 收到私聊消息 | user_id:  | 内容：
2026-04-26 08:05:57.977 - INFO - message_handler - 📩 收到私聊消息 | user_id:  | 内容：
2026-04-26 08:06:57.970 - INFO - message_handler - 📩 收到私聊消息 | user_id:  | 内容：
2026-04-26 08:07:57.969 - INFO - message_handler - 📩 收到私聊消息 | user_id:  | 内容：
2026-04-26 08:08:57.969 - INFO - message_handler - 📩 收到私聊消息 | user_id:  | 内容：
2026-04-26 08:09:57.970 - INFO - message_handler - 📩 收到私聊消息 | user_id:  | 内容：
2026-04-26 08:10:57.971 - INFO - message_handler - 📩 收到私聊消息 | user_id:  | 内容：
2026-04-26 08:11:57.972 - INFO - message_handler - 📩 收到私聊消息 | user_id:  | 内容：
2026-04-26 08:12:57.973 - INFO - message_handler - 📩 收到私聊消息 | user_id:  | 内容：
2026-04-26 08:13:57.973 - INFO - message_handler - 📩 收到私聊消息 | user_id:  | 内容：
2026-04-26 08:14:57.974 - INFO - message_handler - 📩 收到私聊消息 | user_id:  | 内容：
2026-04-26 08:15:57.974 - INFO - message_handler - 📩 收到私聊消息 | user_id:  | 内容：
2026-04-26 08:16:57.975 - INFO - message_handler - 📩 收到私聊消息 | user_id:  | 内容：
2026-04-26 08:17:57.977 - INFO - message_handler - 📩 收到私聊消息 | user_id:  | 内容：
2026-04-26 08:18:57.977 - INFO - message_handler - 📩 收到私聊消息 | user_id:  | 内容：
2026-04-26 08:19:57.974 - INFO - message_handler - 📩 收到私聊消息 | user_id:  | 内容：
2026-04-26 08:20:57.974 - INFO - message_handler - 📩 收到私聊消息 | user_id:  | 内容：
2026-04-26 08:21:41.659 - INFO - message_handler - 📩 收到群消息 | group_id: 967883781 | user_id: 3897490568 | 内容：[CQ:image,file=F6AEE34E62E8D06CA7B3AC041AF622B8.jp
2026-04-26 08:21:57.974 - INFO - message_handler - 📩 收到私聊消息 | user_id:  | 内容：
2026-04-26 08:22:57.976 - INFO - message_handler - 📩 收到私聊消息 | user_id:  | 内容：
2026-04-26 08:23:57.974 - INFO - message_handler - 📩 收到私聊消息 | user_id:  | 内容：
2026-04-26 08:24:57.975 - INFO - message_handler - 📩 收到私聊消息 | user_id:  | 内容：
2026-04-26 08:25:57.975 - INFO - message_handler - 📩 收到私聊消息 | user_id:  | 内容：
2026-04-26 08:26:57.975 - INFO - message_handler - 📩 收到私聊消息 | user_id:  | 内容：
2026-04-26 08:27:57.976 - INFO - message_handler - 📩 收到私聊消息 | user_id:  | 内容：
2026-04-26 08:28:57.976 - INFO - message_handler - 📩 收到私聊消息 | user_id:  | 内容：
2026-04-26 08:29:57.976 - INFO - message_handler - 📩 收到私聊消息 | user_id:  | 内容：
2026-04-26 08:30:57.975 - INFO - message_handler - 📩 收到私聊消息 | user_id:  | 内容：
2026-04-26 08:31:57.975 - INFO - message_handler - 📩 收到私聊消息 | user_id:  | 内容：
2026-04-26 08:32:57.975 - INFO - message_handler - 📩 收到私聊消息 | user_id:  | 内容：
2026-04-26 08:33:57.977 - INFO - message_handler - 📩 收到私聊消息 | user_id:  | 内容：
2026-04-26 08:34:57.978 - INFO - message_handler - 📩 收到私聊消息 | user_id:  | 内容：
2026-04-26 08:35:57.979 - INFO - message_handler - 📩 收到私聊消息 | user_id:  | 内容：
2026-04-26 08:36:57.980 - INFO - message_handler - 📩 收到私聊消息 | user_id:  | 内容：
2026-04-26 08:37:57.981 - INFO - message_handler - 📩 收到私聊消息 | user_id:  | 内容：
2026-04-26 08:38:57.981 - INFO - message_handler - 📩 收到私聊消息 | user_id:  | 内容：
2026-04-26 08:39:57.981 - INFO - message_handler - 📩 收到私聊消息 | user_id:  | 内容：
2026-04-26 08:40:57.981 - INFO - message_handler - 📩 收到私聊消息 | user_id:  | 内容：
2026-04-26 08:41:57.983 - INFO - message_handler - 📩 收到私聊消息 | user_id:  | 内容：
2026-04-26 08:42:57.983 - INFO - message_handler - 📩 收到私聊消息 | user_id:  | 内容：
2026-04-26 08:43:57.984 - INFO - message_handler - 📩 收到私聊消息 | user_id:  | 内容：
2026-04-26 08:44:57.984 - INFO - message_handler - 📩 收到私聊消息 | user_id:  | 内容：
2026-04-26 08:45:57.984 - INFO - message_handler - 📩 收到私聊消息 | user_id:  | 内容：
2026-04-26 08:46:57.984 - INFO - message_handler - 📩 收到私聊消息 | user_id:  | 内容：
2026-04-26 08:47:57.985 - INFO - message_handler - 📩 收到私聊消息 | user_id:  | 内容：
2026-04-26 08:48:57.985 - INFO - message_handler - 📩 收到私聊消息 | user_id:  | 内容：
2026-04-26 08:49:57.985 - INFO - message_handler - 📩 收到私聊消息 | user_id:  | 内容：
2026-04-26 08:50:57.985 - INFO - message_handler - 📩 收到私聊消息 | user_id:  | 内容：
2026-04-26 08:51:57.985 - INFO - message_handler - 📩 收到私聊消息 | user_id:  | 内容：
2026-04-26 08:52:57.985 - INFO - message_handler - 📩 收到私聊消息 | user_id:  | 内容：
2026-04-26 08:53:57.985 - INFO - message_handler - 📩 收到私聊消息 | user_id:  | 内容：
2026-04-26 08:54:57.985 - INFO - message_handler - 📩 收到私聊消息 | user_id:  | 内容：
2026-04-26 08:55:57.985 - INFO - message_handler - 📩 收到私聊消息 | user_id:  | 内容：
2026-04-26 08:56:57.985 - INFO - message_handler - 📩 收到私聊消息 | user_id:  | 内容：
2026-04-26 08:57:57.997 - INFO - message_handler - 📩 收到私聊消息 | user_id:  | 内容：
2026-04-26 08:58:57.985 - INFO - message_handler - 📩 收到私聊消息 | user_id:  | 内容：
2026-04-26 08:59:57.986 - INFO - message_handler - 📩 收到私聊消息 | user_id:  | 内容：
2026-04-26 09:00:57.987 - INFO - message_handler - 📩 收到私聊消息 | user_id:  | 内容：
2026-04-26 09:01:57.989 - INFO - message_handler - 📩 收到私聊消息 | user_id:  | 内容：
2026-04-26 09:02:57.987 - INFO - message_handler - 📩 收到私聊消息 | user_id:  | 内容：
2026-04-26 09:03:57.988 - INFO - message_handler - 📩 收到私聊消息 | user_id:  | 内容：
2026-04-26 09:04:57.987 - INFO - message_handler - 📩 收到私聊消息 | user_id:  | 内容：
2026-04-26 09:05:57.989 - INFO - message_handler - 📩 收到私聊消息 | user_id:  | 内容：
2026-04-26 09:06:57.990 - INFO - message_handler - 📩 收到私聊消息 | user_id:  | 内容：
2026-04-26 09:07:57.991 - INFO - message_handler - 📩 收到私聊消息 | user_id:  | 内容：
WARNING:  Invalid HTTP request received.
2026-04-26 09:08:57.992 - INFO - message_handler - 📩 收到私聊消息 | user_id:  | 内容：
2026-04-26 09:09:57.993 - INFO - message_handler - 📩 收到私聊消息 | user_id:  | 内容：
2026-04-26 09:10:57.993 - INFO - message_handler - 📩 收到私聊消息 | user_id:  | 内容：
2026-04-26 09:11:57.993 - INFO - message_handler - 📩 收到私聊消息 | user_id:  | 内容：
2026-04-26 09:12:57.994 - INFO - message_handler - 📩 收到私聊消息 | user_id:  | 内容：
2026-04-26 09:13:57.995 - INFO - message_handler - 📩 收到私聊消息 | user_id:  | 内容：
2026-04-26 09:14:57.995 - INFO - message_handler - 📩 收到私聊消息 | user_id:  | 内容：
2026-04-26 09:15:57.995 - INFO - message_handler - 📩 收到私聊消息 | user_id:  | 内容：
2026-04-26 09:16:58.001 - INFO - message_handler - 📩 收到私聊消息 | user_id:  | 内容：
2026-04-26 09:17:57.996 - INFO - message_handler - 📩 收到私聊消息 | user_id:  | 内容：
2026-04-26 09:18:57.996 - INFO - message_handler - 📩 收到私聊消息 | user_id:  | 内容：
2026-04-26 09:19:57.996 - INFO - message_handler - 📩 收到私聊消息 | user_id:  | 内容：
2026-04-26 09:20:57.997 - INFO - message_handler - 📩 收到私聊消息 | user_id:  | 内容：
2026-04-26 09:21:57.996 - INFO - message_handler - 📩 收到私聊消息 | user_id:  | 内容：
2026-04-26 09:22:57.996 - INFO - message_handler - 📩 收到私聊消息 | user_id:  | 内容：
2026-04-26 09:23:57.996 - INFO - message_handler - 📩 收到私聊消息 | user_id:  | 内容：
2026-04-26 09:24:57.996 - INFO - message_handler - 📩 收到私聊消息 | user_id:  | 内容：
2026-04-26 09:25:57.998 - INFO - message_handler - 📩 收到私聊消息 | user_id:  | 内容：
2026-04-26 09:26:57.999 - INFO - message_handler - 📩 收到私聊消息 | user_id:  | 内容：
2026-04-26 09:27:58.000 - INFO - message_handler - 📩 收到私聊消息 | user_id:  | 内容：
2026-04-26 09:28:58.001 - INFO - message_handler - 📩 收到私聊消息 | user_id:  | 内容：
2026-04-26 09:29:58.002 - INFO - message_handler - 📩 收到私聊消息 | user_id:  | 内容：
2026-04-26 09:30:58.001 - INFO - message_handler - 📩 收到私聊消息 | user_id:  | 内容：
2026-04-26 09:31:58.002 - INFO - message_handler - 📩 收到私聊消息 | user_id:  | 内容：
2026-04-26 09:32:58.013 - INFO - message_handler - 📩 收到私聊消息 | user_id:  | 内容：
2026-04-26 09:33:58.004 - INFO - message_handler - 📩 收到私聊消息 | user_id:  | 内容：
2026-04-26 09:34:58.004 - INFO - message_handler - 📩 收到私聊消息 | user_id:  | 内容：
2026-04-26 09:35:58.004 - INFO - message_handler - 📩 收到私聊消息 | user_id:  | 内容：
2026-04-26 09:36:58.010 - INFO - message_handler - 📩 收到私聊消息 | user_id:  | 内容：
2026-04-26 09:37:58.006 - INFO - message_handler - 📩 收到私聊消息 | user_id:  | 内容：
2026-04-26 09:38:58.007 - INFO - message_handler - 📩 收到私聊消息 | user_id:  | 内容：
2026-04-26 09:39:58.008 - INFO - message_handler - 📩 收到私聊消息 | user_id:  | 内容：
2026-04-26 09:40:58.009 - INFO - message_handler - 📩 收到私聊消息 | user_id:  | 内容：
2026-04-26 09:41:58.009 - INFO - message_handler - 📩 收到私聊消息 | user_id:  | 内容：
2026-04-26 09:42:16.047 - INFO - message_handler - 📩 收到群消息 | group_id: 733890551 | user_id: 2707835027 | 内容：[CQ:forward,id=7632877301345553750]
2026-04-26 09:42:44.937 - INFO - message_handler - 📩 收到群消息 | group_id: 733890551 | user_id: 177471451 | 内容：？
2026-04-26 09:42:58.009 - INFO - message_handler - 📩 收到私聊消息 | user_id:  | 内容：
2026-04-26 09:43:58.009 - INFO - message_handler - 📩 收到私聊消息 | user_id:  | 内容：
2026-04-26 09:44:58.010 - INFO - message_handler - 📩 收到私聊消息 | user_id:  | 内容：
2026-04-26 09:45:58.011 - INFO - message_handler - 📩 收到私聊消息 | user_id:  | 内容：
2026-04-26 09:46:58.010 - INFO - message_handler - 📩 收到私聊消息 | user_id:  | 内容：
2026-04-26 09:47:45.367 - INFO - message_handler - 📩 收到群消息 | group_id: 733890551 | user_id: 2029626166 | 内容：杂鱼欠调了😋
2026-04-26 09:47:58.012 - INFO - message_handler - 📩 收到私聊消息 | user_id:  | 内容：
2026-04-26 09:48:01.675 - INFO - message_handler - 📩 收到群消息 | group_id: 733890551 | user_id: 2707835027 | 内容：[CQ:at,qq=177471451,name=Robot_ao] 叫我哥哥
2026-04-26 09:48:06.718 - INFO - message_handler - 📩 收到群消息 | group_id: 733890551 | user_id: 2707835027 | 内容：[CQ:at,qq=2029626166,name=未回复请@] 叫我哥哥
2026-04-26 09:48:58.012 - INFO - message_handler - 📩 收到私聊消息 | user_id:  | 内容：
2026-04-26 09:48:58.262 - INFO - message_handler - 📩 收到群消息 | group_id: 733890551 | user_id: 2029626166 | 内容：谁是你哥，叫他干啥🤔
2026-04-26 09:49:35.649 - INFO - message_handler - 📩 收到群消息 | group_id: 733890551 | user_id: 2707835027 | 内容：叫
2026-04-26 09:49:58.011 - INFO - message_handler - 📩 收到私聊消息 | user_id:  | 内容：
2026-04-26 09:50:58.012 - INFO - message_handler - 📩 收到私聊消息 | user_id:  | 内容：
2026-04-26 09:51:58.011 - INFO - message_handler - 📩 收到私聊消息 | user_id:  | 内容：
2026-04-26 09:52:58.012 - INFO - message_handler - 📩 收到私聊消息 | user_id:  | 内容：
2026-04-26 09:53:58.013 - INFO - message_handler - 📩 收到私聊消息 | user_id:  | 内容：
2026-04-26 09:54:58.014 - INFO - message_handler - 📩 收到私聊消息 | user_id:  | 内容：
2026-04-26 09:55:58.015 - INFO - message_handler - 📩 收到私聊消息 | user_id:  | 内容：
2026-04-26 09:56:58.016 - INFO - message_handler - 📩 收到私聊消息 | user_id:  | 内容：
2026-04-26 09:57:58.016 - INFO - message_handler - 📩 收到私聊消息 | user_id:  | 内容：
2026-04-26 09:58:18.874 - INFO - message_handler - 📩 收到群消息 | group_id: 733890551 | user_id: 2079390238 | 内容：[CQ:reply,id=-298708399][CQ:at,qq=2029626166,name=
2026-04-26 09:58:27.642 - INFO - message_handler - 📩 收到群消息 | group_id: 733890551 | user_id: 177471451 | 内容：？
2026-04-26 09:58:39.406 - INFO - message_handler - 📩 收到群消息 | group_id: 733890551 | user_id: 2707835027 | 内容：[CQ:reply,id=2129605857][CQ:at,qq=2079390238,name=
WARNING:  Invalid HTTP request received.
WARNING:  Invalid HTTP request received.
2026-04-26 09:58:58.017 - INFO - message_handler - 📩 收到私聊消息 | user_id:  | 内容：
2026-04-26 09:59:04.648 - INFO - message_handler - 📩 收到私聊消息 | user_id:  | 内容：
WARNING:  Invalid HTTP request received.
2026-04-26 09:59:58.016 - INFO - message_handler - 📩 收到私聊消息 | user_id:  | 内容：
2026-04-26 10:00:58.017 - INFO - message_handler - 📩 收到私聊消息 | user_id:  | 内容：
2026-04-26 10:01:58.018 - INFO - message_handler - 📩 收到私聊消息 | user_id:  | 内容：
2026-04-26 10:02:58.019 - INFO - message_handler - 📩 收到私聊消息 | user_id:  | 内容：
2026-04-26 10:03:58.020 - INFO - message_handler - 📩 收到私聊消息 | user_id:  | 内容：
2026-04-26 10:04:58.020 - INFO - message_handler - 📩 收到私聊消息 | user_id:  | 内容：
2026-04-26 10:05:58.020 - INFO - message_handler - 📩 收到私聊消息 | user_id:  | 内容：
2026-04-26 10:06:49.299 - INFO - message_handler - 📩 收到群消息 | group_id: 733890551 | user_id: 2029626166 | 内容：杂鱼快叫叠
2026-04-26 10:06:58.021 - INFO - message_handler - 📩 收到私聊消息 | user_id:  | 内容：
2026-04-26 10:07:01.718 - INFO - message_handler - 📩 收到群消息 | group_id: 733890551 | user_id: 2707835027 | 内容：不叫
2026-04-26 10:07:32.252 - INFO - message_handler - 📩 收到群消息 | group_id: 733890551 | user_id: 2029626166 | 内容：😡
2026-04-26 10:07:58.022 - INFO - message_handler - 📩 收到私聊消息 | user_id:  | 内容：
2026-04-26 10:08:58.022 - INFO - message_handler - 📩 收到私聊消息 | user_id:  | 内容：
2026-04-26 10:09:58.022 - INFO - message_handler - 📩 收到私聊消息 | user_id:  | 内容：
2026-04-26 10:10:58.023 - INFO - message_handler - 📩 收到私聊消息 | user_id:  | 内容：
2026-04-26 10:11:58.024 - INFO - message_handler - 📩 收到私聊消息 | user_id:  | 内容：
2026-04-26 10:12:58.024 - INFO - message_handler - 📩 收到私聊消息 | user_id:  | 内容：
2026-04-26 10:13:58.023 - INFO - message_handler - 📩 收到私聊消息 | user_id:  | 内容：
2026-04-26 10:14:58.023 - INFO - message_handler - 📩 收到私聊消息 | user_id:  | 内容：
2026-04-26 10:15:04.357 - INFO - message_handler - 📩 收到群消息 | group_id: 733890551 | user_id: 177471451 | 内容：[CQ:at,qq=2707835027,name=天依啦一只] 叫哥
2026-04-26 10:15:12.897 - INFO - message_handler - 📩 收到群消息 | group_id: 733890551 | user_id: 2707835027 | 内容：不叫
2026-04-26 10:15:58.024 - INFO - message_handler - 📩 收到私聊消息 | user_id:  | 内容：
2026-04-26 10:16:58.022 - INFO - message_handler - 📩 收到私聊消息 | user_id:  | 内容：
2026-04-26 10:17:58.024 - INFO - message_handler - 📩 收到私聊消息 | user_id:  | 内容：
2026-04-26 10:18:58.025 - INFO - message_handler - 📩 收到私聊消息 | user_id:  | 内容：
2026-04-26 10:19:58.026 - INFO - message_handler - 📩 收到私聊消息 | user_id:  | 内容：
2026-04-26 10:20:58.027 - INFO - message_handler - 📩 收到私聊消息 | user_id:  | 内容：
2026-04-26 10:21:58.028 - INFO - message_handler - 📩 收到私聊消息 | user_id:  | 内容：
2026-04-26 10:22:58.029 - INFO - message_handler - 📩 收到私聊消息 | user_id:  | 内容：
2026-04-26 10:23:58.029 - INFO - message_handler - 📩 收到私聊消息 | user_id:  | 内容：
2026-04-26 10:24:58.029 - INFO - message_handler - 📩 收到私聊消息 | user_id:  | 内容：
2026-04-26 10:25:58.029 - INFO - message_handler - 📩 收到私聊消息 | user_id:  | 内容：
2026-04-26 10:26:58.030 - INFO - message_handler - 📩 收到私聊消息 | user_id:  | 内容：
2026-04-26 10:27:58.031 - INFO - message_handler - 📩 收到私聊消息 | user_id:  | 内容：
2026-04-26 10:28:58.030 - INFO - message_handler - 📩 收到私聊消息 | user_id:  | 内容：
2026-04-26 10:29:50.267 - INFO - message_handler - 📩 收到群消息 | group_id: 733890551 | user_id: 2029626166 | 内容：想泡浴缸了🤔
2026-04-26 10:29:58.030 - INFO - message_handler - 📩 收到私聊消息 | user_id:  | 内容：
2026-04-26 10:30:42.450 - INFO - message_handler - 📩 收到群消息 | group_id: 733890551 | user_id: 2707835027 | 内容：我负责倒福尔马林
2026-04-26 10:30:58.030 - INFO - message_handler - 📩 收到私聊消息 | user_id:  | 内容：
2026-04-26 10:31:58.031 - INFO - message_handler - 📩 收到私聊消息 | user_id:  | 内容：
2026-04-26 10:32:19.619 - INFO - message_handler - 📩 收到群消息 | group_id: 733890551 | user_id: 2029626166 | 内容：真得控制你了
2026-04-26 10:32:58.031 - INFO - message_handler - 📩 收到私聊消息 | user_id:  | 内容：
2026-04-26 10:32:58.150 - INFO - message_handler - 📩 收到群消息 | group_id: 733890551 | user_id: 2029626166 | 内容：[CQ:image,file=AC993F9F14B6B2C1E5B72F805AAC5332.jp
2026-04-26 10:33:20.499 - INFO - message_handler - 📩 收到群消息 | group_id: 733890551 | user_id: 2707835027 | 内容：[CQ:at,qq=2029626166,name=未回复请@] 贵庚啊
2026-04-26 10:33:36.012 - INFO - message_handler - 📩 收到群消息 | group_id: 733890551 | user_id: 177471451 | 内容：平滑的曲线怎么画😶
2026-04-26 10:33:43.731 - INFO - message_handler - 📩 收到群消息 | group_id: 733890551 | user_id: 2707835027 | 内容：要是岁数大了的话，我给你泡完福尔马林后还能替你拿养老金
2026-04-26 10:33:58.030 - INFO - message_handler - 📩 收到私聊消息 | user_id:  | 内容：
2026-04-26 10:34:33.608 - INFO - message_handler - 📩 收到群消息 | group_id: 733890551 | user_id: 177471451 | 内容：[CQ:at,qq=2707835027,name=天依啦一只] 杂鱼快来教我
2026-04-26 10:34:58.030 - INFO - message_handler - 📩 收到私聊消息 | user_id:  | 内容：
2026-04-26 10:35:13.122 - INFO - message_handler - 📩 收到群消息 | group_id: 733890551 | user_id: 2707835027 | 内容：杂鱼 ❌
小鱼鱼 ✅
2026-04-26 10:35:28.986 - INFO - message_handler - 📩 收到群消息 | group_id: 733890551 | user_id: 177471451 | 内容：小鱼鱼～
2026-04-26 10:35:34.070 - INFO - message_handler - 📩 收到群消息 | group_id: 733890551 | user_id: 2029626166 | 内容：我2#10110岁了😋
2026-04-26 10:35:50.139 - INFO - message_handler - 📩 收到群消息 | group_id: 733890551 | user_id: 2707835027 | 内容：[CQ:reply,id=22064210][CQ:at,qq=177471451,name=Rob
2026-04-26 10:35:58.031 - INFO - message_handler - 📩 收到私聊消息 | user_id:  | 内容：
2026-04-26 10:36:10.512 - INFO - message_handler - 📩 收到群消息 | group_id: 733890551 | user_id: 177471451 | 内容：我手会抖怎么办
2026-04-26 10:36:28.959 - INFO - message_handler - 📩 收到群消息 | group_id: 733890551 | user_id: 2029626166 | 内容：导一O
2026-04-26 10:36:54.763 - INFO - message_handler - 📩 收到群消息 | group_id: 733890551 | user_id: 2707835027 | 内容：[CQ:reply,id=-1009957020][CQ:at,qq=177471451,name=
2026-04-26 10:36:58.029 - INFO - message_handler - 📩 收到私聊消息 | user_id:  | 内容：
2026-04-26 10:37:00.625 - INFO - message_handler - 📩 收到群消息 | group_id: 733890551 | user_id: 177471451 | 内容：[CQ:image,file=119EA6FEBE2C89F3E6E44E4155E46EC8.jp
2026-04-26 10:37:58.031 - INFO - message_handler - 📩 收到私聊消息 | user_id:  | 内容：
2026-04-26 10:38:58.031 - INFO - message_handler - 📩 收到私聊消息 | user_id:  | 内容：
2026-04-26 10:39:05.144 - INFO - message_handler - 📩 收到群消息 | group_id: 733890551 | user_id: 2029626166 | 内容：杂鱼v我NaN块钱给我换新手机😋
2026-04-26 10:39:58.031 - INFO - message_handler - 📩 收到私聊消息 | user_id:  | 内容：
2026-04-26 10:40:58.031 - INFO - message_handler - 📩 收到私聊消息 | user_id:  | 内容：
2026-04-26 10:41:55.666 - INFO - message_handler - 📩 收到群消息 | group_id: 733890551 | user_id: 177471451 | 内容：小米售后换电池还会锁容😡
2026-04-26 10:41:58.030 - INFO - message_handler - 📩 收到私聊消息 | user_id:  | 内容：
2026-04-26 10:42:21.226 - INFO - message_handler - 📩 收到群消息 | group_id: 967883781 | user_id: 3275298970 | 内容：/fuck
2026-04-26 10:42:21.227 - INFO - message_handler - 🔍 收到词云命令 | group_id: 967883781 | 内容：/fuck
2026-04-26 10:42:21.232 - INFO - message_handler - 🚀 开始任务：/fuck 词云 (最近 24 小时)
2026-04-26 10:42:21.233 - INFO - message_handler - ⏱️ [1/3] 获取群消息 | 耗时：1.15ms
2026-04-26 10:42:21.810 - INFO - message_handler - ⏱️ [2/3] 生成词云图 | 耗时：577.62ms
2026-04-26 10:42:23.865 - INFO - wordcloud_generator - ✅ 词云生成完成 | 词数：17 | 大小：94.1KB | 耗时：2050.9ms
2026-04-26 10:42:23.867 - INFO - message_handler - ⏱️ [3/3] 发送词云图 | 耗时：2056.65ms
2026-04-26 10:42:26.297 - INFO - message_sender - ✅ 群图片发送完成 | group: 967883781 | status_code: 200
2026-04-26 10:42:26.299 - INFO - message_handler - 📊 任务完成：/fuck 词云 (最近 24 小时) | 总耗时：5067.18ms | 范围：最近 24 小时 | 消息数：48
2026-04-26 10:42:46.119 - INFO - message_handler - 📩 收到群消息 | group_id: 733890551 | user_id: 2707835027 | 内容：[CQ:reply,id=-595153000][CQ:at,qq=2029626166,name=
2026-04-26 10:42:58.031 - INFO - message_handler - 📩 收到私聊消息 | user_id:  | 内容：
2026-04-26 10:42:59.852 - INFO - message_handler - 📩 收到群消息 | group_id: 967883781 | user_id: 3275298970 | 内容：/fuck 24d
2026-04-26 10:42:59.854 - INFO - message_handler - 🔍 收到词云命令 | group_id: 967883781 | 内容：/fuck 24d
2026-04-26 10:42:59.858 - INFO - message_handler - 🚀 开始任务：/fuck 词云 (最近 24 天)
2026-04-26 10:42:59.858 - INFO - message_handler - ⏱️ [1/3] 获取群消息 | 耗时：0.11ms
2026-04-26 10:42:59.889 - INFO - message_handler - ⏱️ [2/3] 生成词云图 | 耗时：31.04ms
2026-04-26 10:43:03.316 - INFO - wordcloud_generator - ✅ 词云生成完成 | 词数：587 | 大小：284.4KB | 耗时：3426.5ms
2026-04-26 10:43:03.316 - INFO - message_handler - ⏱️ [3/3] 发送词云图 | 耗时：3427.79ms
2026-04-26 10:43:05.213 - INFO - message_sender - ✅ 群图片发送完成 | group: 967883781 | status_code: 200
2026-04-26 10:43:05.215 - INFO - message_handler - 📊 任务完成：/fuck 词云 (最近 24 天) | 总耗时：5357.21ms | 范围：最近 24 天 | 消息数：549
2026-04-26 10:43:14.994 - INFO - message_handler - 📩 收到群消息 | group_id: 733890551 | user_id: 2029626166 | 内容：😯
2026-04-26 10:43:27.341 - INFO - message_handler - 📩 收到群消息 | group_id: 733890551 | user_id: 2029626166 | 内容：疑似打给滚木了
2026-04-26 10:43:34.716 - INFO - message_handler - 📩 收到群消息 | group_id: 967883781 | user_id: 3275298970 | 内容：/fuck 50d
2026-04-26 10:43:34.717 - INFO - message_handler - 🔍 收到词云命令 | group_id: 967883781 | 内容：/fuck 50d
2026-04-26 10:43:34.717 - INFO - message_handler - 🚀 开始任务：/fuck 词云 (最近 50 天)
2026-04-26 10:43:34.717 - INFO - message_handler - ⏱️ [1/3] 获取群消息 | 耗时：0.17ms
2026-04-26 10:43:35.043 - INFO - message_handler - ⏱️ [2/3] 生成词云图 | 耗时：326.20ms
2026-04-26 10:43:38.138 - INFO - wordcloud_generator - ✅ 词云生成完成 | 词数：1439 | 大小：278.0KB | 耗时：3094.0ms
2026-04-26 10:43:38.138 - INFO - message_handler - ⏱️ [3/3] 发送词云图 | 耗时：3094.82ms
2026-04-26 10:43:40.242 - INFO - message_sender - ✅ 群图片发送完成 | group: 967883781 | status_code: 200
2026-04-26 10:43:40.242 - INFO - message_handler - 📊 任务完成：/fuck 词云 (最近 50 天) | 总耗时：5525.51ms | 范围：最近 50 天 | 消息数：1613
2026-04-26 10:43:58.032 - INFO - message_handler - 📩 收到私聊消息 | user_id:  | 内容：
2026-04-26 10:44:14.928 - INFO - message_handler - 📩 收到群消息 | group_id: 733890551 | user_id: 2707835027 | 内容：[CQ:image,file=7A54F25AD4DC1736D22354CFB54BF449.jp
2026-04-26 10:44:18.537 - INFO - message_handler - 📩 收到群消息 | group_id: 733890551 | user_id: 2707835027 | 内容：[CQ:reply,id=-1621035908][CQ:at,qq=2029626166,name
2026-04-26 10:44:53.091 - INFO - message_handler - 📩 收到群消息 | group_id: 733890551 | user_id: 2029626166 | 内容：等于根号下637分之601😋
2026-04-26 10:44:58.034 - INFO - message_handler - 📩 收到私聊消息 | user_id:  | 内容：
2026-04-26 10:45:58.034 - INFO - message_handler - 📩 收到私聊消息 | user_id:  | 内容：
2026-04-26 10:46:57.534 - INFO - message_handler - 📩 收到群消息 | group_id: 733890551 | user_id: 2707835027 | 内容：[CQ:image,file=646A168FB258587905DC7D7AC2A63AE5.jp
2026-04-26 10:46:58.033 - INFO - message_handler - 📩 收到私聊消息 | user_id:  | 内容：
2026-04-26 10:47:00.035 - INFO - message_handler - 📩 收到群消息 | group_id: 733890551 | user_id: 2707835027 | 内容：[CQ:reply,id=1843328556][CQ:at,qq=2029626166,name=
2026-04-26 10:47:44.460 - INFO - message_handler - 📩 收到群消息 | group_id: 733890551 | user_id: 2029626166 | 内容：你才没功能😋
2026-04-26 10:47:58.035 - INFO - message_handler - 📩 收到私聊消息 | user_id:  | 内容：
2026-04-26 10:48:08.290 - INFO - message_handler - 📩 收到群消息 | group_id: 733890551 | user_id: 2029626166 | 内容：你快阉了算了😋
2026-04-26 10:48:23.440 - INFO - message_handler - 📩 收到群消息 | group_id: 733890551 | user_id: 177471451 | 内容：小馋猫
2026-04-26 10:48:33.965 - INFO - message_handler - 📩 收到群消息 | group_id: 733890551 | user_id: 2707835027 | 内容：[CQ:face,id=318,sub_type=2]
2026-04-26 10:48:44.326 - INFO - message_handler - 📩 收到群消息 | group_id: 733890551 | user_id: 177471451 | 内容：鱼鞭好吃吗就吃
2026-04-26 10:48:58.036 - INFO - message_handler - 📩 收到私聊消息 | user_id:  | 内容：
2026-04-26 10:49:07.801 - INFO - message_handler - 📩 收到群消息 | group_id: 733890551 | user_id: 2029626166 | 内容：鱼没有那玩意😋
2026-04-26 10:49:58.037 - INFO - message_handler - 📩 收到私聊消息 | user_id:  | 内容：
2026-04-26 10:50:10.967 - INFO - message_handler - 📩 收到群消息 | group_id: 733890551 | user_id: 2707835027 | 内容：[CQ:image,file=DBEB0F45972415E6D36BFC7CA611C908.jp
2026-04-26 10:50:11.403 - INFO - message_handler - 📩 收到群消息 | group_id: 733890551 | user_id: 2707835027 | 内容：[CQ:image,file=DBEB0F45972415E6D36BFC7CA611C908.jp
2026-04-26 10:50:12.051 - INFO - message_handler - 📩 收到群消息 | group_id: 733890551 | user_id: 2707835027 | 内容：[CQ:image,file=DBEB0F45972415E6D36BFC7CA611C908.jp
2026-04-26 10:50:12.271 - INFO - message_handler - 📩 收到群消息 | group_id: 733890551 | user_id: 2707835027 | 内容：[CQ:image,file=DBEB0F45972415E6D36BFC7CA611C908.jp
2026-04-26 10:50:32.313 - INFO - message_handler - 📩 收到群消息 | group_id: 733890551 | user_id: 2029626166 | 内容：叉出去
2026-04-26 10:50:48.154 - INFO - message_handler - 📩 收到群消息 | group_id: 733890551 | user_id: 2707835027 | 内容：喵呜
2026-04-26 10:50:58.038 - INFO - message_handler - 📩 收到私聊消息 | user_id:  | 内容：
2026-04-26 10:50:59.169 - INFO - message_handler - 📩 收到群消息 | group_id: 733890551 | user_id: 2707835027 | 内容：[CQ:at,qq=2029626166,name=未回复请@] 你是gay
2026-04-26 10:51:08.452 - INFO - message_handler - 📩 收到群消息 | group_id: 733890551 | user_id: 2029626166 | 内容：我是逆蝶
2026-04-26 10:51:58.038 - INFO - message_handler - 📩 收到私聊消息 | user_id:  | 内容：
2026-04-26 10:52:58.041 - INFO - message_handler - 📩 收到私聊消息 | user_id:  | 内容：
2026-04-26 10:53:58.041 - INFO - message_handler - 📩 收到私聊消息 | user_id:  | 内容：
2026-04-26 10:54:58.041 - INFO - message_handler - 📩 收到私聊消息 | user_id:  | 内容：
2026-04-26 10:55:58.042 - INFO - message_handler - 📩 收到私聊消息 | user_id:  | 内容：
2026-04-26 10:56:58.041 - INFO - message_handler - 📩 收到私聊消息 | user_id:  | 内容：
2026-04-26 10:57:58.042 - INFO - message_handler - 📩 收到私聊消息 | user_id:  | 内容：
2026-04-26 10:58:58.056 - INFO - message_handler - 📩 收到私聊消息 | user_id:  | 内容：
2026-04-26 10:59:58.043 - INFO - message_handler - 📩 收到私聊消息 | user_id:  | 内容：
2026-04-26 11:00:58.043 - INFO - message_handler - 📩 收到私聊消息 | user_id:  | 内容：
2026-04-26 11:01:58.051 - INFO - message_handler - 📩 收到私聊消息 | user_id:  | 内容：
2026-04-26 11:02:58.043 - INFO - message_handler - 📩 收到私聊消息 | user_id:  | 内容：
2026-04-26 11:03:58.043 - INFO - message_handler - 📩 收到私聊消息 | user_id:  | 内容：
2026-04-26 11:04:58.043 - INFO - message_handler - 📩 收到私聊消息 | user_id:  | 内容：
2026-04-26 11:05:58.044 - INFO - message_handler - 📩 收到私聊消息 | user_id:  | 内容：
2026-04-26 11:06:58.044 - INFO - message_handler - 📩 收到私聊消息 | user_id:  | 内容：
2026-04-26 11:07:58.045 - INFO - message_handler - 📩 收到私聊消息 | user_id:  | 内容：
2026-04-26 11:08:46.136 - INFO - message_handler - 📩 收到群消息 | group_id: 733890551 | user_id: 2707835027 | 内容：兄弟对不起，昨天晚上你邀请我去吃我没同意，实在是我太饱了吃不下了。那天人多我以为有你，结果你又邀请我
2026-04-26 11:08:58.044 - INFO - message_handler - 📩 收到私聊消息 | user_id:  | 内容：
2026-04-26 11:09:58.044 - INFO - message_handler - 📩 收到私聊消息 | user_id:  | 内容：
2026-04-26 11:10:58.045 - INFO - message_handler - 📩 收到私聊消息 | user_id:  | 内容：
2026-04-26 11:11:58.045 - INFO - message_handler - 📩 收到私聊消息 | user_id:  | 内容：
2026-04-26 11:12:58.047 - INFO - message_handler - 📩 收到私聊消息 | user_id:  | 内容：
2026-04-26 11:13:58.046 - INFO - message_handler - 📩 收到私聊消息 | user_id:  | 内容：
2026-04-26 11:14:58.056 - INFO - message_handler - 📩 收到私聊消息 | user_id:  | 内容：
2026-04-26 11:15:58.048 - INFO - message_handler - 📩 收到私聊消息 | user_id:  | 内容：
2026-04-26 11:16:58.048 - INFO - message_handler - 📩 收到私聊消息 | user_id:  | 内容：
2026-04-26 11:17:58.050 - INFO - message_handler - 📩 收到私聊消息 | user_id:  | 内容：
2026-04-26 11:18:58.050 - INFO - message_handler - 📩 收到私聊消息 | user_id:  | 内容：
2026-04-26 11:19:58.052 - INFO - message_handler - 📩 收到私聊消息 | user_id:  | 内容：
2026-04-26 11:20:58.052 - INFO - message_handler - 📩 收到私聊消息 | user_id:  | 内容：
2026-04-26 11:21:58.053 - INFO - message_handler - 📩 收到私聊消息 | user_id:  | 内容：
2026-04-26 11:22:58.053 - INFO - message_handler - 📩 收到私聊消息 | user_id:  | 内容：
2026-04-26 11:23:58.054 - INFO - message_handler - 📩 收到私聊消息 | user_id:  | 内容：
2026-04-26 11:24:58.053 - INFO - message_handler - 📩 收到私聊消息 | user_id:  | 内容：
2026-04-26 11:25:58.053 - INFO - message_handler - 📩 收到私聊消息 | user_id:  | 内容：
2026-04-26 11:26:58.055 - INFO - message_handler - 📩 收到私聊消息 | user_id:  | 内容：
2026-04-26 11:27:58.054 - INFO - message_handler - 📩 收到私聊消息 | user_id:  | 内容：
2026-04-26 11:28:58.056 - INFO - message_handler - 📩 收到私聊消息 | user_id:  | 内容：
2026-04-26 11:29:58.056 - INFO - message_handler - 📩 收到私聊消息 | user_id:  | 内容：
2026-04-26 11:30:58.057 - INFO - message_handler - 📩 收到私聊消息 | user_id:  | 内容：
2026-04-26 11:31:58.057 - INFO - message_handler - 📩 收到私聊消息 | user_id:  | 内容：
WARNING:  Invalid HTTP request received.
WARNING:  Invalid HTTP request received.
2026-04-26 11:32:58.057 - INFO - message_handler - 📩 收到私聊消息 | user_id:  | 内容：
2026-04-26 11:33:58.058 - INFO - message_handler - 📩 收到私聊消息 | user_id:  | 内容：
2026-04-26 11:34:58.057 - INFO - message_handler - 📩 收到私聊消息 | user_id:  | 内容：
2026-04-26 11:35:58.059 - INFO - message_handler - 📩 收到私聊消息 | user_id:  | 内容：
2026-04-26 11:36:58.074 - INFO - message_handler - 📩 收到私聊消息 | user_id:  | 内容：
2026-04-26 11:37:58.057 - INFO - message_handler - 📩 收到私聊消息 | user_id:  | 内容：
2026-04-26 11:38:58.057 - INFO - message_handler - 📩 收到私聊消息 | user_id:  | 内容：
2026-04-26 11:39:58.057 - INFO - message_handler - 📩 收到私聊消息 | user_id:  | 内容：
2026-04-26 11:40:58.058 - INFO - message_handler - 📩 收到私聊消息 | user_id:  | 内容：
2026-04-26 11:41:58.058 - INFO - message_handler - 📩 收到私聊消息 | user_id:  | 内容：
2026-04-26 11:42:58.059 - INFO - message_handler - 📩 收到私聊消息 | user_id:  | 内容：
2026-04-26 11:43:58.059 - INFO - message_handler - 📩 收到私聊消息 | user_id:  | 内容：
2026-04-26 11:44:58.059 - INFO - message_handler - 📩 收到私聊消息 | user_id:  | 内容：
2026-04-26 11:45:58.061 - INFO - message_handler - 📩 收到私聊消息 | user_id:  | 内容：
2026-04-26 11:46:58.061 - INFO - message_handler - 📩 收到私聊消息 | user_id:  | 内容：
2026-04-26 11:47:58.060 - INFO - message_handler - 📩 收到私聊消息 | user_id:  | 内容：
2026-04-26 11:48:58.060 - INFO - message_handler - 📩 收到私聊消息 | user_id:  | 内容：
2026-04-26 11:49:58.062 - INFO - message_handler - 📩 收到私聊消息 | user_id:  | 内容：
2026-04-26 11:50:58.066 - INFO - message_handler - 📩 收到私聊消息 | user_id:  | 内容：
2026-04-26 11:51:58.069 - INFO - message_handler - 📩 收到私聊消息 | user_id:  | 内容：
2026-04-26 11:52:58.064 - INFO - message_handler - 📩 收到私聊消息 | user_id:  | 内容：
2026-04-26 11:53:58.069 - INFO - message_handler - 📩 收到私聊消息 | user_id:  | 内容：
2026-04-26 11:54:58.067 - INFO - message_handler - 📩 收到私聊消息 | user_id:  | 内容：
2026-04-26 11:55:58.068 - INFO - message_handler - 📩 收到私聊消息 | user_id:  | 内容：
WARNING:  Invalid HTTP request received.
WARNING:  Invalid HTTP request received.
WARNING:  Invalid HTTP request received.
WARNING:  Invalid HTTP request received.
WARNING:  Invalid HTTP request received.
WARNING:  Invalid HTTP request received.
WARNING:  Invalid HTTP request received.
WARNING:  Invalid HTTP request received.
WARNING:  Invalid HTTP request received.
WARNING:  Invalid HTTP request received.
WARNING:  Invalid HTTP request received.
WARNING:  Invalid HTTP request received.
2026-04-26 11:56:58.072 - INFO - message_handler - 📩 收到私聊消息 | user_id:  | 内容：
2026-04-26 11:57:58.068 - INFO - message_handler - 📩 收到私聊消息 | user_id:  | 内容：
2026-04-26 11:58:58.065 - INFO - message_handler - 📩 收到私聊消息 | user_id:  | 内容：
2026-04-26 11:59:58.073 - INFO - message_handler - 📩 收到私聊消息 | user_id:  | 内容：
2026-04-26 12:00:58.066 - INFO - message_handler - 📩 收到私聊消息 | user_id:  | 内容：
2026-04-26 12:01:58.067 - INFO - message_handler - 📩 收到私聊消息 | user_id:  | 内容：
2026-04-26 12:02:31.759 - INFO - message_handler - 📩 收到群消息 | group_id: 733890551 | user_id: 2029626166 | 内容：[CQ:image,file=CA4061C7A4F3AA982564FBB964532D8C.jp
2026-04-26 12:02:58.066 - INFO - message_handler - 📩 收到私聊消息 | user_id:  | 内容：
2026-04-26 12:03:58.068 - INFO - message_handler - 📩 收到私聊消息 | user_id:  | 内容：
2026-04-26 12:04:24.057 - INFO - message_handler - 📩 收到群消息 | group_id: 733890551 | user_id: 177471451 | 内容：你们有人现在能看 GitHub 吗
2026-04-26 12:04:39.149 - INFO - message_handler - 📩 收到群消息 | group_id: 733890551 | user_id: 2707835027 | 内容：github是什么
2026-04-26 12:04:44.244 - INFO - message_handler - 📩 收到群消息 | group_id: 733890551 | user_id: 2707835027 | 内容：我们都看p（）（）（）hub
2026-04-26 12:04:58.066 - INFO - message_handler - 📩 收到私聊消息 | user_id:  | 内容：
2026-04-26 12:04:59.523 - INFO - message_handler - 📩 收到群消息 | group_id: 733890551 | user_id: 177471451 | 内容：？
2026-04-26 12:05:45.424 - INFO - message_handler - 📩 收到群消息 | group_id: 733890551 | user_id: 177471451 | 内容：能不能看
2026-04-26 12:05:58.068 - INFO - message_handler - 📩 收到私聊消息 | user_id:  | 内容：
2026-04-26 12:06:04.622 - INFO - message_handler - 📩 收到群消息 | group_id: 733890551 | user_id: 177471451 | 内容：帮我看一下这个链接啥内容
2026-04-26 12:06:16.047 - INFO - message_handler - 📩 收到群消息 | group_id: 733890551 | user_id: 177471451 | 内容：我梯子似乎 4️⃣掉了
2026-04-26 12:06:40.410 - INFO - message_handler - 📩 收到群消息 | group_id: 733890551 | user_id: 177471451 | 内容：😭
2026-04-26 12:06:48.124 - INFO - message_handler - 📩 收到群消息 | group_id: 733890551 | user_id: 2707835027 | 内容：哪个
2026-04-26 12:06:58.069 - INFO - message_handler - 📩 收到私聊消息 | user_id:  | 内容：
2026-04-26 12:07:03.128 - INFO - message_handler - 📩 收到群消息 | group_id: 733890551 | user_id: 177471451 | 内容：https://github.com/Kyant0/AndroidLiquidGlass/blob/
2026-04-26 12:07:31.396 - INFO - message_handler - 📩 收到群消息 | group_id: 733890551 | user_id: 2707835027 | 内容：全是日本女优
2026-04-26 12:07:51.241 - INFO - message_handler - 📩 收到群消息 | group_id: 733890551 | user_id: 177471451 | 内容：？
2026-04-26 12:07:58.070 - INFO - message_handler - 📩 收到私聊消息 | user_id:  | 内容：
2026-04-26 12:08:40.398 - INFO - message_handler - 📩 收到群消息 | group_id: 733890551 | user_id: 2029626166 | 内容：[CQ:image,file=F3F4636CE9787F3761EF2D922AA6293D.jp
2026-04-26 12:08:58.071 - INFO - message_handler - 📩 收到私聊消息 | user_id:  | 内容：
2026-04-26 12:09:51.565 - INFO - message_handler - 📩 收到群消息 | group_id: 733890551 | user_id: 2707835027 | 内容：[CQ:image,file=51ED33561FAB79EB60461E2CAE769A6C.pn
2026-04-26 12:09:58.073 - INFO - message_handler - 📩 收到私聊消息 | user_id:  | 内容：
2026-04-26 12:10:58.085 - INFO - message_handler - 📩 收到私聊消息 | user_id:  | 内容：
2026-04-26 12:11:32.906 - INFO - message_handler - 📩 收到群消息 | group_id: 733890551 | user_id: 2029626166 | 内容：gayhub说（文件）太大了它受不了
2026-04-26 12:11:52.014 - INFO - message_handler - 📩 收到群消息 | group_id: 733890551 | user_id: 2029626166 | 内容：不是，是显示不了😋
2026-04-26 12:11:58.073 - INFO - message_handler - 📩 收到私聊消息 | user_id:  | 内容：
2026-04-26 12:12:58.075 - INFO - message_handler - 📩 收到私聊消息 | user_id:  | 内容：
2026-04-26 12:13:58.075 - INFO - message_handler - 📩 收到私聊消息 | user_id:  | 内容：
2026-04-26 12:14:16.306 - INFO - message_handler - 📩 收到群消息 | group_id: 733890551 | user_id: 2029626166 | 内容：杂鱼vivo11个琪露诺数买街霸6😋
2026-04-26 12:14:58.075 - INFO - message_handler - 📩 收到私聊消息 | user_id:  | 内容：
2026-04-26 12:15:55.341 - INFO - message_handler - 📩 收到群消息 | group_id: 733890551 | user_id: 2707835027 | 内容：？
2026-04-26 12:15:58.074 - INFO - message_handler - 📩 收到私聊消息 | user_id:  | 内容：
2026-04-26 12:16:09.894 - INFO - message_handler - 📩 收到群消息 | group_id: 733890551 | user_id: 2707835027 | 内容：11*9是多少baka算不清楚
2026-04-26 12:16:42.651 - INFO - message_handler - 📩 收到群消息 | group_id: 733890551 | user_id: 2029626166 | 内容：[CQ:image,file=3FD6830996F25658C91E761F0F6EEFEC.jp
2026-04-26 12:16:58.077 - INFO - message_handler - 📩 收到私聊消息 | user_id:  | 内容：
2026-04-26 12:17:39.754 - INFO - message_handler - 📩 收到群消息 | group_id: 733890551 | user_id: 2029626166 | 内容：来点乐子
2026-04-26 12:17:58.077 - INFO - message_handler - 📩 收到私聊消息 | user_id:  | 内容：
2026-04-26 12:18:50.908 - INFO - message_handler - 📩 收到群消息 | group_id: 733890551 | user_id: 177471451 | 内容：我这有乐子你要不要
2026-04-26 12:18:58.077 - INFO - message_handler - 📩 收到私聊消息 | user_id:  | 内容：
2026-04-26 12:19:41.807 - INFO - message_handler - 📩 收到群消息 | group_id: 733890551 | user_id: 2029626166 | 内容：不要了
2026-04-26 12:19:46.097 - INFO - message_handler - 📩 收到群消息 | group_id: 733890551 | user_id: 2029626166 | 内容：我去打牌😋
2026-04-26 12:19:58.079 - INFO - message_handler - 📩 收到私聊消息 | user_id:  | 内容：
2026-04-26 12:20:58.078 - INFO - message_handler - 📩 收到私聊消息 | user_id:  | 内容：
2026-04-26 12:21:58.094 - INFO - message_handler - 📩 收到私聊消息 | user_id:  | 内容：
2026-04-26 12:22:58.080 - INFO - message_handler - 📩 收到私聊消息 | user_id:  | 内容：
2026-04-26 12:23:58.080 - INFO - message_handler - 📩 收到私聊消息 | user_id:  | 内容：
2026-04-26 12:24:04.730 - INFO - message_handler - 📩 收到群消息 | group_id: 733890551 | user_id: 2707835027 | 内容：[CQ:at,qq=2029626166,name=未回复请@]
2026-04-26 12:24:58.079 - INFO - message_handler - 📩 收到私聊消息 | user_id:  | 内容：
2026-04-26 12:25:58.079 - INFO - message_handler - 📩 收到私聊消息 | user_id:  | 内容：
2026-04-26 12:26:58.079 - INFO - message_handler - 📩 收到私聊消息 | user_id:  | 内容：
2026-04-26 12:27:58.079 - INFO - message_handler - 📩 收到私聊消息 | user_id:  | 内容：
2026-04-26 12:28:30.353 - INFO - message_handler - 📩 收到群消息 | group_id: 733890551 | user_id: 2029626166 | 内容：手机用了快5年了
2026-04-26 12:28:41.921 - INFO - message_handler - 📩 收到群消息 | group_id: 733890551 | user_id: 2029626166 | 内容：想换个又感觉没什么必要🤔
2026-04-26 12:28:58.079 - INFO - message_handler - 📩 收到私聊消息 | user_id:  | 内容：
2026-04-26 12:29:58.081 - INFO - message_handler - 📩 收到私聊消息 | user_id:  | 内容：
2026-04-26 12:30:58.080 - INFO - message_handler - 📩 收到私聊消息 | user_id:  | 内容：
2026-04-26 12:31:58.081 - INFO - message_handler - 📩 收到私聊消息 | user_id:  | 内容：
2026-04-26 12:32:58.080 - INFO - message_handler - 📩 收到私聊消息 | user_id:  | 内容：
2026-04-26 12:33:58.081 - INFO - message_handler - 📩 收到私聊消息 | user_id:  | 内容：
2026-04-26 12:34:40.640 - INFO - message_handler - 📩 收到群消息 | group_id: 733890551 | user_id: 177471451 | 内容：小鱼鱼
2026-04-26 12:34:45.789 - INFO - message_handler - 📩 收到群消息 | group_id: 733890551 | user_id: 177471451 | 内容：帮个忙
2026-04-26 12:34:47.817 - INFO - message_handler - 📩 收到群消息 | group_id: 733890551 | user_id: 177471451 | 内容：[CQ:at,qq=2707835027,name=天依啦一只]
2026-04-26 12:34:53.899 - INFO - message_handler - 📩 收到群消息 | group_id: 733890551 | user_id: 2707835027 | 内容：说话喵呜
2026-04-26 12:34:58.080 - INFO - message_handler - 📩 收到私聊消息 | user_id:  | 内容：
2026-04-26 12:35:22.290 - INFO - message_handler - 📩 收到群消息 | group_id: 733890551 | user_id: 177471451 | 内容：[CQ:reply,id=-43811803][CQ:at,qq=2707835027,name=天
2026-04-26 12:35:40.229 - INFO - message_handler - 📩 收到群消息 | group_id: 733890551 | user_id: 2707835027 | 内容：一百块一个字节
2026-04-26 12:35:53.807 - INFO - message_handler - 📩 收到群消息 | group_id: 733890551 | user_id: 177471451 | 内容：？
2026-04-26 12:35:58.081 - INFO - message_handler - 📩 收到私聊消息 | user_id:  | 内容：
2026-04-26 12:36:01.851 - INFO - message_handler - 📩 收到群消息 | group_id: 733890551 | user_id: 2707835027 | 内容：[CQ:file,file=catalog-release.apk.1,url=,file_id=/
2026-04-26 12:36:58.081 - INFO - message_handler - 📩 收到私聊消息 | user_id:  | 内容：
2026-04-26 12:37:10.518 - INFO - message_handler - 📩 收到群消息 | group_id: 733890551 | user_id: 177471451 | 内容：谢谢小鱼鱼
2026-04-26 12:37:13.456 - INFO - message_handler - 📩 收到群消息 | group_id: 733890551 | user_id: 177471451 | 内容：哥
2026-04-26 12:37:23.255 - INFO - message_handler - 📩 收到群消息 | group_id: 733890551 | user_id: 2079390238 | 内容：给钱
2026-04-26 12:37:53.832 - INFO - message_handler - 📩 收到群消息 | group_id: 733890551 | user_id: 177471451 | 内容：？
2026-04-26 12:37:58.082 - INFO - message_handler - 📩 收到私聊消息 | user_id:  | 内容：
2026-04-26 12:38:58.081 - INFO - message_handler - 📩 收到私聊消息 | user_id:  | 内容：
2026-04-26 12:39:42.714 - INFO - message_handler - 📩 收到群消息 | group_id: 733890551 | user_id: 2079390238 | 内容：这效果不错啊
2026-04-26 12:39:51.763 - INFO - message_handler - 📩 收到群消息 | group_id: 733890551 | user_id: 177471451 | 内容：啥
2026-04-26 12:39:53.280 - INFO - message_handler - 📩 收到群消息 | group_id: 733890551 | user_id: 2079390238 | 内容：那天给我们官网加上
2026-04-26 12:39:58.084 - INFO - message_handler - 📩 收到私聊消息 | user_id:  | 内容：
2026-04-26 12:40:05.541 - INFO - message_handler - 📩 收到群消息 | group_id: 733890551 | user_id: 2079390238 | 内容：[CQ:reply,id=715724433][CQ:at,qq=177471451,name=Ro
2026-04-26 12:40:34.825 - INFO - message_handler - 📩 收到群消息 | group_id: 733890551 | user_id: 177471451 | 内容：这个咋用啊
2026-04-26 12:40:42.490 - INFO - message_handler - 📩 收到群消息 | group_id: 733890551 | user_id: 177471451 | 内容：我用来改控制中心的
2026-04-26 12:40:58.087 - INFO - message_handler - 📩 收到私聊消息 | user_id:  | 内容：
2026-04-26 12:41:58.085 - INFO - message_handler - 📩 收到私聊消息 | user_id:  | 内容：
2026-04-26 12:42:01.276 - INFO - message_handler - 📩 收到群消息 | group_id: 733890551 | user_id: 2079390238 | 内容：[CQ:reply,id=1120643416][CQ:at,qq=177471451,name=R
2026-04-26 12:42:58.087 - INFO - message_handler - 📩 收到私聊消息 | user_id:  | 内容：
2026-04-26 12:43:36.208 - INFO - message_handler - 📩 收到群消息 | group_id: 733890551 | user_id: 177471451 | 内容：改这个是要 root 吧[CQ:image,file=3B9055E7D519A145AD16518
2026-04-26 12:43:58.086 - INFO - message_handler - 📩 收到私聊消息 | user_id:  | 内容：
2026-04-26 12:44:58.089 - INFO - message_handler - 📩 收到私聊消息 | user_id:  | 内容：
2026-04-26 12:45:58.094 - INFO - message_handler - 📩 收到私聊消息 | user_id:  | 内容：
2026-04-26 12:46:58.094 - INFO - message_handler - 📩 收到私聊消息 | user_id:  | 内容：
2026-04-26 12:47:58.093 - INFO - message_handler - 📩 收到私聊消息 | user_id:  | 内容：
2026-04-26 12:48:58.097 - INFO - message_handler - 📩 收到私聊消息 | user_id:  | 内容：
2026-04-26 12:49:58.095 - INFO - message_handler - 📩 收到私聊消息 | user_id:  | 内容：
2026-04-26 12:50:58.088 - INFO - message_handler - 📩 收到私聊消息 | user_id:  | 内容：
2026-04-26 12:51:58.096 - INFO - message_handler - 📩 收到私聊消息 | user_id:  | 内容：
2026-04-26 12:52:12.560 - INFO - message_handler - 📩 收到群消息 | group_id: 733890551 | user_id: 2079390238 | 内容：你自己写啊
2026-04-26 12:52:58.094 - INFO - message_handler - 📩 收到私聊消息 | user_id:  | 内容：
2026-04-26 12:53:58.093 - INFO - message_handler - 📩 收到私聊消息 | user_id:  | 内容：
2026-04-26 12:54:58.096 - INFO - message_handler - 📩 收到私聊消息 | user_id:  | 内容：
2026-04-26 12:55:58.095 - INFO - message_handler - 📩 收到私聊消息 | user_id:  | 内容：
2026-04-26 12:56:13.050 - INFO - message_handler - 📩 收到群消息 | group_id: 733890551 | user_id: 177471451 | 内容：要 root 不搞了
2026-04-26 12:56:58.097 - INFO - message_handler - 📩 收到私聊消息 | user_id:  | 内容：
2026-04-26 12:57:58.100 - INFO - message_handler - 📩 收到私聊消息 | user_id:  | 内容：
2026-04-26 12:58:58.102 - INFO - message_handler - 📩 收到私聊消息 | user_id:  | 内容：
2026-04-26 12:59:58.098 - INFO - message_handler - 📩 收到私聊消息 | user_id:  | 内容：
2026-04-26 13:00:58.099 - INFO - message_handler - 📩 收到私聊消息 | user_id:  | 内容：
2026-04-26 13:01:58.100 - INFO - message_handler - 📩 收到私聊消息 | user_id:  | 内容：
2026-04-26 13:02:58.101 - INFO - message_handler - 📩 收到私聊消息 | user_id:  | 内容：
2026-04-26 13:03:58.119 - INFO - message_handler - 📩 收到私聊消息 | user_id:  | 内容：
2026-04-26 13:04:58.102 - INFO - message_handler - 📩 收到私聊消息 | user_id:  | 内容：
2026-04-26 13:05:58.102 - INFO - message_handler - 📩 收到私聊消息 | user_id:  | 内容：
2026-04-26 13:06:58.104 - INFO - message_handler - 📩 收到私聊消息 | user_id:  | 内容：
2026-04-26 13:07:58.104 - INFO - message_handler - 📩 收到私聊消息 | user_id:  | 内容：
2026-04-26 13:08:58.104 - INFO - message_handler - 📩 收到私聊消息 | user_id:  | 内容：
2026-04-26 13:09:58.107 - INFO - message_handler - 📩 收到私聊消息 | user_id:  | 内容：
2026-04-26 13:10:58.106 - INFO - message_handler - 📩 收到私聊消息 | user_id:  | 内容：
2026-04-26 13:11:58.106 - INFO - message_handler - 📩 收到私聊消息 | user_id:  | 内容：
2026-04-26 13:12:58.107 - INFO - message_handler - 📩 收到私聊消息 | user_id:  | 内容：
2026-04-26 13:13:58.107 - INFO - message_handler - 📩 收到私聊消息 | user_id:  | 内容：
2026-04-26 13:14:58.108 - INFO - message_handler - 📩 收到私聊消息 | user_id:  | 内容：
2026-04-26 13:15:58.108 - INFO - message_handler - 📩 收到私聊消息 | user_id:  | 内容：
2026-04-26 13:16:58.107 - INFO - message_handler - 📩 收到私聊消息 | user_id:  | 内容：
2026-04-26 13:17:58.108 - INFO - message_handler - 📩 收到私聊消息 | user_id:  | 内容：
2026-04-26 13:18:58.108 - INFO - message_handler - 📩 收到私聊消息 | user_id:  | 内容：
2026-04-26 13:19:26.164 - INFO - message_handler - 📩 收到群消息 | group_id: 733890551 | user_id: 2079390238 | 内容：这就是个demook
2026-04-26 13:19:29.734 - INFO - message_handler - 📩 收到群消息 | group_id: 733890551 | user_id: 2079390238 | 内容：写给你看的
2026-04-26 13:19:45.676 - INFO - message_handler - 📩 收到群消息 | group_id: 733890551 | user_id: 2079390238 | 内容：你要改自己去反编译控制中心
2026-04-26 13:19:52.218 - INFO - message_handler - 📩 收到群消息 | group_id: 733890551 | user_id: 2079390238 | 内容：改完root覆盖安装
2026-04-26 13:19:58.110 - INFO - message_handler - 📩 收到私聊消息 | user_id:  | 内容：
2026-04-26 13:20:07.121 - INFO - message_handler - 📩 收到群消息 | group_id: 733890551 | user_id: 177471451 | 内容：root 有风险
2026-04-26 13:20:58.109 - INFO - message_handler - 📩 收到私聊消息 | user_id:  | 内容：
2026-04-26 13:21:58.110 - INFO - message_handler - 📩 收到私聊消息 | user_id:  | 内容：
2026-04-26 13:22:58.111 - INFO - message_handler - 📩 收到私聊消息 | user_id:  | 内容：
2026-04-26 13:23:58.112 - INFO - message_handler - 📩 收到私聊消息 | user_id:  | 内容：
2026-04-26 13:24:58.111 - INFO - message_handler - 📩 收到私聊消息 | user_id:  | 内容：
2026-04-26 13:26:03.157 - INFO - message_handler - 📩 收到私聊消息 | user_id:  | 内容：
2026-04-26 13:26:58.113 - INFO - message_handler - 📩 收到私聊消息 | user_id:  | 内容：
2026-04-26 13:27:58.113 - INFO - message_handler - 📩 收到私聊消息 | user_id:  | 内容：
2026-04-26 13:28:58.113 - INFO - message_handler - 📩 收到私聊消息 | user_id:  | 内容：
2026-04-26 13:29:58.113 - INFO - message_handler - 📩 收到私聊消息 | user_id:  | 内容：
WARNING:  Invalid HTTP request received.
2026-04-26 13:30:58.126 - INFO - message_handler - 📩 收到私聊消息 | user_id:  | 内容：
2026-04-26 13:31:58.115 - INFO - message_handler - 📩 收到私聊消息 | user_id:  | 内容：
2026-04-26 13:32:58.115 - INFO - message_handler - 📩 收到私聊消息 | user_id:  | 内容：
2026-04-26 13:33:58.115 - INFO - message_handler - 📩 收到私聊消息 | user_id:  | 内容：
2026-04-26 13:34:58.116 - INFO - message_handler - 📩 收到私聊消息 | user_id:  | 内容：
2026-04-26 13:35:58.117 - INFO - message_handler - 📩 收到私聊消息 | user_id:  | 内容：
2026-04-26 13:36:58.117 - INFO - message_handler - 📩 收到私聊消息 | user_id:  | 内容：
2026-04-26 13:37:58.117 - INFO - message_handler - 📩 收到私聊消息 | user_id:  | 内容：
2026-04-26 13:38:58.119 - INFO - message_handler - 📩 收到私聊消息 | user_id:  | 内容：
2026-04-26 13:39:58.117 - INFO - message_handler - 📩 收到私聊消息 | user_id:  | 内容：
2026-04-26 13:40:58.117 - INFO - message_handler - 📩 收到私聊消息 | user_id:  | 内容：
2026-04-26 13:41:58.119 - INFO - message_handler - 📩 收到私聊消息 | user_id:  | 内容：
2026-04-26 13:42:58.117 - INFO - message_handler - 📩 收到私聊消息 | user_id:  | 内容：
2026-04-26 13:43:46.702 - INFO - message_handler - 📩 收到群消息 | group_id: 967883781 | user_id: 3891049040 | 内容：[CQ:at,qq=3889001607,name=海兰德小助手] /车站信息
2026-04-26 13:43:47.413 - INFO - message_handler - 📩 收到群消息 | group_id: 967883781 | user_id: 3889001607 | 内容：[CQ:at,qq=3891049040,name=zhaoyufan] 位置的车站呢，检查下名字再
2026-04-26 13:43:58.117 - INFO - message_handler - 📩 收到私聊消息 | user_id:  | 内容：
2026-04-26 13:44:58.117 - INFO - message_handler - 📩 收到私聊消息 | user_id:  | 内容：
2026-04-26 13:45:58.126 - INFO - message_handler - 📩 收到私聊消息 | user_id:  | 内容：
2026-04-26 13:46:58.118 - INFO - message_handler - 📩 收到私聊消息 | user_id:  | 内容：
2026-04-26 13:47:58.119 - INFO - message_handler - 📩 收到私聊消息 | user_id:  | 内容：
2026-04-26 13:48:58.119 - INFO - message_handler - 📩 收到私聊消息 | user_id:  | 内容：
2026-04-26 13:49:58.122 - INFO - message_handler - 📩 收到私聊消息 | user_id:  | 内容：
2026-04-26 13:50:58.121 - INFO - message_handler - 📩 收到私聊消息 | user_id:  | 内容：
2026-04-26 13:51:58.121 - INFO - message_handler - 📩 收到私聊消息 | user_id:  | 内容：
2026-04-26 13:52:58.121 - INFO - message_handler - 📩 收到私聊消息 | user_id:  | 内容：
2026-04-26 13:53:58.122 - INFO - message_handler - 📩 收到私聊消息 | user_id:  | 内容：
2026-04-26 13:54:58.123 - INFO - message_handler - 📩 收到私聊消息 | user_id:  | 内容：
2026-04-26 13:55:58.125 - INFO - message_handler - 📩 收到私聊消息 | user_id:  | 内容：
2026-04-26 13:56:58.125 - INFO - message_handler - 📩 收到私聊消息 | user_id:  | 内容：
2026-04-26 13:57:58.125 - INFO - message_handler - 📩 收到私聊消息 | user_id:  | 内容：
2026-04-26 13:58:58.136 - INFO - message_handler - 📩 收到私聊消息 | user_id:  | 内容：
2026-04-26 13:59:58.125 - INFO - message_handler - 📩 收到私聊消息 | user_id:  | 内容：
2026-04-26 14:00:58.125 - INFO - message_handler - 📩 收到私聊消息 | user_id:  | 内容：
2026-04-26 14:01:58.125 - INFO - message_handler - 📩 收到私聊消息 | user_id:  | 内容：
2026-04-26 14:02:58.129 - INFO - message_handler - 📩 收到私聊消息 | user_id:  | 内容：
2026-04-26 14:03:58.126 - INFO - message_handler - 📩 收到私聊消息 | user_id:  | 内容：
2026-04-26 14:04:58.127 - INFO - message_handler - 📩 收到私聊消息 | user_id:  | 内容：
2026-04-26 14:05:58.128 - INFO - message_handler - 📩 收到私聊消息 | user_id:  | 内容：
2026-04-26 14:06:58.128 - INFO - message_handler - 📩 收到私聊消息 | user_id:  | 内容：
2026-04-26 14:07:58.128 - INFO - message_handler - 📩 收到私聊消息 | user_id:  | 内容：
2026-04-26 14:08:58.129 - INFO - message_handler - 📩 收到私聊消息 | user_id:  | 内容：
WARNING:  Invalid HTTP request received.
2026-04-26 14:09:58.129 - INFO - message_handler - 📩 收到私聊消息 | user_id:  | 内容：
WARNING:  Invalid HTTP request received.
2026-04-26 14:10:58.128 - INFO - message_handler - 📩 收到私聊消息 | user_id:  | 内容：
WARNING:  Invalid HTTP request received.
2026-04-26 14:11:58.139 - INFO - message_handler - 📩 收到私聊消息 | user_id:  | 内容：
2026-04-26 14:12:58.129 - INFO - message_handler - 📩 收到私聊消息 | user_id:  | 内容：
2026-04-26 14:13:58.130 - INFO - message_handler - 📩 收到私聊消息 | user_id:  | 内容：
2026-04-26 14:14:58.143 - INFO - message_handler - 📩 收到私聊消息 | user_id:  | 内容：
2026-04-26 14:15:58.132 - INFO - message_handler - 📩 收到私聊消息 | user_id:  | 内容：
2026-04-26 14:16:58.131 - INFO - message_handler - 📩 收到私聊消息 | user_id:  | 内容：
2026-04-26 14:17:58.132 - INFO - message_handler - 📩 收到私聊消息 | user_id:  | 内容：
2026-04-26 14:18:58.133 - INFO - message_handler - 📩 收到私聊消息 | user_id:  | 内容：
2026-04-26 14:19:58.134 - INFO - message_handler - 📩 收到私聊消息 | user_id:  | 内容：
2026-04-26 14:20:58.135 - INFO - message_handler - 📩 收到私聊消息 | user_id:  | 内容：
2026-04-26 14:21:58.137 - INFO - message_handler - 📩 收到私聊消息 | user_id:  | 内容：
2026-04-26 14:22:58.137 - INFO - message_handler - 📩 收到私聊消息 | user_id:  | 内容：
2026-04-26 14:23:58.137 - INFO - message_handler - 📩 收到私聊消息 | user_id:  | 内容：
2026-04-26 14:24:58.138 - INFO - message_handler - 📩 收到私聊消息 | user_id:  | 内容：
2026-04-26 14:25:58.139 - INFO - message_handler - 📩 收到私聊消息 | user_id:  | 内容：
2026-04-26 14:26:58.140 - INFO - message_handler - 📩 收到私聊消息 | user_id:  | 内容：
2026-04-26 14:27:58.150 - INFO - message_handler - 📩 收到私聊消息 | user_id:  | 内容：
2026-04-26 14:28:58.139 - INFO - message_handler - 📩 收到私聊消息 | user_id:  | 内容：
2026-04-26 14:29:27.766 - INFO - message_handler - 📩 收到群消息 | group_id: 967883781 | user_id: 3275298970 | 内容：[CQ:file,file=2026-04-26_14.28.43.png,url=,file_id
2026-04-26 14:29:34.289 - INFO - message_handler - 📩 收到群消息 | group_id: 967883781 | user_id: 3275298970 | 内容：[CQ:at,qq=2707835027,name=&#91; 啥事都可找 &#93; Goldfi
2026-04-26 14:29:46.782 - INFO - message_handler - 📩 收到群消息 | group_id: 967883781 | user_id: 3275298970 | 内容：好看
2026-04-26 14:29:58.139 - INFO - message_handler - 📩 收到私聊消息 | user_id:  | 内容：
2026-04-26 14:30:02.556 - INFO - message_handler - 📩 收到群消息 | group_id: 967883781 | user_id: 2707835027 | 内容：[CQ:reply,id=1469932989][CQ:at,qq=3275298970,name=
2026-04-26 14:30:58.139 - INFO - message_handler - 📩 收到私聊消息 | user_id:  | 内容：
2026-04-26 14:31:58.139 - INFO - message_handler - 📩 收到私聊消息 | user_id:  | 内容：
2026-04-26 14:32:58.139 - INFO - message_handler - 📩 收到私聊消息 | user_id:  | 内容：
2026-04-26 14:33:58.140 - INFO - message_handler - 📩 收到私聊消息 | user_id:  | 内容：
2026-04-26 14:34:58.141 - INFO - message_handler - 📩 收到私聊消息 | user_id:  | 内容：
2026-04-26 14:35:58.141 - INFO - message_handler - 📩 收到私聊消息 | user_id:  | 内容：
2026-04-26 14:36:58.141 - INFO - message_handler - 📩 收到私聊消息 | user_id:  | 内容：
2026-04-26 14:37:58.142 - INFO - message_handler - 📩 收到私聊消息 | user_id:  | 内容：
2026-04-26 14:38:58.141 - INFO - message_handler - 📩 收到私聊消息 | user_id:  | 内容：
2026-04-26 14:39:58.141 - INFO - message_handler - 📩 收到私聊消息 | user_id:  | 内容：
2026-04-26 14:40:58.141 - INFO - message_handler - 📩 收到私聊消息 | user_id:  | 内容：
2026-04-26 14:41:58.141 - INFO - message_handler - 📩 收到私聊消息 | user_id:  | 内容：
2026-04-26 14:42:58.142 - INFO - message_handler - 📩 收到私聊消息 | user_id:  | 内容：
2026-04-26 14:43:58.142 - INFO - message_handler - 📩 收到私聊消息 | user_id:  | 内容：
2026-04-26 14:44:58.143 - INFO - message_handler - 📩 收到私聊消息 | user_id:  | 内容：
2026-04-26 14:45:58.142 - INFO - message_handler - 📩 收到私聊消息 | user_id:  | 内容：
2026-04-26 14:46:58.142 - INFO - message_handler - 📩 收到私聊消息 | user_id:  | 内容：
2026-04-26 14:47:58.142 - INFO - message_handler - 📩 收到私聊消息 | user_id:  | 内容：
2026-04-26 14:48:58.143 - INFO - message_handler - 📩 收到私聊消息 | user_id:  | 内容：
2026-04-26 14:49:58.143 - INFO - message_handler - 📩 收到私聊消息 | user_id:  | 内容：
2026-04-26 14:50:58.143 - INFO - message_handler - 📩 收到私聊消息 | user_id:  | 内容：
2026-04-26 14:51:58.143 - INFO - message_handler - 📩 收到私聊消息 | user_id:  | 内容：
2026-04-26 14:52:58.143 - INFO - message_handler - 📩 收到私聊消息 | user_id:  | 内容：
2026-04-26 14:53:58.143 - INFO - message_handler - 📩 收到私聊消息 | user_id:  | 内容：
2026-04-26 14:54:58.143 - INFO - message_handler - 📩 收到私聊消息 | user_id:  | 内容：
2026-04-26 14:55:58.144 - INFO - message_handler - 📩 收到私聊消息 | user_id:  | 内容：
2026-04-26 14:56:58.144 - INFO - message_handler - 📩 收到私聊消息 | user_id:  | 内容：
2026-04-26 14:57:58.144 - INFO - message_handler - 📩 收到私聊消息 | user_id:  | 内容：
2026-04-26 14:58:58.143 - INFO - message_handler - 📩 收到私聊消息 | user_id:  | 内容：
2026-04-26 14:59:58.143 - INFO - message_handler - 📩 收到私聊消息 | user_id:  | 内容：
2026-04-26 15:00:58.144 - INFO - message_handler - 📩 收到私聊消息 | user_id:  | 内容：
2026-04-26 15:01:58.142 - INFO - message_handler - 📩 收到私聊消息 | user_id:  | 内容：
2026-04-26 15:02:58.144 - INFO - message_handler - 📩 收到私聊消息 | user_id:  | 内容：
2026-04-26 15:03:58.143 - INFO - message_handler - 📩 收到私聊消息 | user_id:  | 内容：
2026-04-26 15:04:58.146 - INFO - message_handler - 📩 收到私聊消息 | user_id:  | 内容：
2026-04-26 15:05:58.148 - INFO - message_handler - 📩 收到私聊消息 | user_id:  | 内容：
2026-04-26 15:06:58.145 - INFO - message_handler - 📩 收到私聊消息 | user_id:  | 内容：
2026-04-26 15:07:58.144 - INFO - message_handler - 📩 收到私聊消息 | user_id:  | 内容：
2026-04-26 15:08:58.184 - INFO - message_handler - 📩 收到私聊消息 | user_id:  | 内容：
2026-04-26 15:09:58.145 - INFO - message_handler - 📩 收到私聊消息 | user_id:  | 内容：
2026-04-26 15:10:58.145 - INFO - message_handler - 📩 收到私聊消息 | user_id:  | 内容：
2026-04-26 15:11:58.145 - INFO - message_handler - 📩 收到私聊消息 | user_id:  | 内容：
2026-04-26 15:12:58.147 - INFO - message_handler - 📩 收到私聊消息 | user_id:  | 内容：
2026-04-26 15:13:58.146 - INFO - message_handler - 📩 收到私聊消息 | user_id:  | 内容：
2026-04-26 15:14:58.146 - INFO - message_handler - 📩 收到私聊消息 | user_id:  | 内容：
2026-04-26 15:15:58.150 - INFO - message_handler - 📩 收到私聊消息 | user_id:  | 内容：
2026-04-26 15:16:58.148 - INFO - message_handler - 📩 收到私聊消息 | user_id:  | 内容：
2026-04-26 15:17:58.156 - INFO - message_handler - 📩 收到私聊消息 | user_id:  | 内容：
2026-04-26 15:18:58.161 - INFO - message_handler - 📩 收到私聊消息 | user_id:  | 内容：
2026-04-26 15:19:58.177 - INFO - message_handler - 📩 收到私聊消息 | user_id:  | 内容：
2026-04-26 15:20:58.284 - INFO - message_handler - 📩 收到私聊消息 | user_id:  | 内容：
2026-04-26 15:21:58.157 - INFO - message_handler - 📩 收到私聊消息 | user_id:  | 内容：
2026-04-26 15:22:58.151 - INFO - message_handler - 📩 收到私聊消息 | user_id:  | 内容：
2026-04-26 15:23:58.148 - INFO - message_handler - 📩 收到私聊消息 | user_id:  | 内容：
2026-04-26 15:24:58.154 - INFO - message_handler - 📩 收到私聊消息 | user_id:  | 内容：
2026-04-26 15:25:58.149 - INFO - message_handler - 📩 收到私聊消息 | user_id:  | 内容：
2026-04-26 15:26:58.148 - INFO - message_handler - 📩 收到私聊消息 | user_id:  | 内容：
2026-04-26 15:27:58.158 - INFO - message_handler - 📩 收到私聊消息 | user_id:  | 内容：
2026-04-26 15:28:58.149 - INFO - message_handler - 📩 收到私聊消息 | user_id:  | 内容：
2026-04-26 15:29:58.150 - INFO - message_handler - 📩 收到私聊消息 | user_id:  | 内容：
2026-04-26 15:30:58.150 - INFO - message_handler - 📩 收到私聊消息 | user_id:  | 内容：
2026-04-26 15:31:58.150 - INFO - message_handler - 📩 收到私聊消息 | user_id:  | 内容：
2026-04-26 15:32:58.153 - INFO - message_handler - 📩 收到私聊消息 | user_id:  | 内容：
2026-04-26 15:33:58.150 - INFO - message_handler - 📩 收到私聊消息 | user_id:  | 内容：
2026-04-26 15:34:58.150 - INFO - message_handler - 📩 收到私聊消息 | user_id:  | 内容：
2026-04-26 15:35:58.149 - INFO - message_handler - 📩 收到私聊消息 | user_id:  | 内容：
2026-04-26 15:36:58.150 - INFO - message_handler - 📩 收到私聊消息 | user_id:  | 内容：
2026-04-26 15:37:58.151 - INFO - message_handler - 📩 收到私聊消息 | user_id:  | 内容：
2026-04-26 15:38:58.150 - INFO - message_handler - 📩 收到私聊消息 | user_id:  | 内容：
2026-04-26 15:39:37.253 - WARNING - server_monitor - ⏱️ 172.17.0.1:25565 玩家列表超时
2026-04-26 15:39:58.152 - INFO - message_handler - 📩 收到私聊消息 | user_id:  | 内容：
2026-04-26 15:40:58.151 - INFO - message_handler - 📩 收到私聊消息 | user_id:  | 内容：
2026-04-26 15:41:58.151 - INFO - message_handler - 📩 收到私聊消息 | user_id:  | 内容：
2026-04-26 15:42:58.151 - INFO - message_handler - 📩 收到私聊消息 | user_id:  | 内容：
2026-04-26 15:43:58.152 - INFO - message_handler - 📩 收到私聊消息 | user_id:  | 内容：
2026-04-26 15:44:58.152 - INFO - message_handler - 📩 收到私聊消息 | user_id:  | 内容：
2026-04-26 15:45:58.154 - INFO - message_handler - 📩 收到私聊消息 | user_id:  | 内容：
2026-04-26 15:46:58.153 - INFO - message_handler - 📩 收到私聊消息 | user_id:  | 内容：
2026-04-26 15:47:58.154 - INFO - message_handler - 📩 收到私聊消息 | user_id:  | 内容：
2026-04-26 15:48:58.153 - INFO - message_handler - 📩 收到私聊消息 | user_id:  | 内容：
2026-04-26 15:49:58.154 - INFO - message_handler - 📩 收到私聊消息 | user_id:  | 内容：
2026-04-26 15:50:58.176 - INFO - message_handler - 📩 收到私聊消息 | user_id:  | 内容：
2026-04-26 15:51:58.153 - INFO - message_handler - 📩 收到私聊消息 | user_id:  | 内容：
2026-04-26 15:52:58.174 - INFO - message_handler - 📩 收到私聊消息 | user_id:  | 内容：
2026-04-26 15:53:58.153 - INFO - message_handler - 📩 收到私聊消息 | user_id:  | 内容：
2026-04-26 15:54:58.154 - INFO - message_handler - 📩 收到私聊消息 | user_id:  | 内容：
2026-04-26 15:55:58.161 - INFO - message_handler - 📩 收到私聊消息 | user_id:  | 内容：
2026-04-26 15:56:58.157 - INFO - message_handler - 📩 收到私聊消息 | user_id:  | 内容：
2026-04-26 15:57:58.159 - INFO - message_handler - 📩 收到私聊消息 | user_id:  | 内容：
2026-04-26 15:58:58.157 - INFO - message_handler - 📩 收到私聊消息 | user_id:  | 内容：
2026-04-26 15:59:58.159 - INFO - message_handler - 📩 收到私聊消息 | user_id:  | 内容：
2026-04-26 16:00:58.158 - INFO - message_handler - 📩 收到私聊消息 | user_id:  | 内容：
2026-04-26 16:01:58.159 - INFO - message_handler - 📩 收到私聊消息 | user_id:  | 内容：
2026-04-26 16:02:58.162 - INFO - message_handler - 📩 收到私聊消息 | user_id:  | 内容：
2026-04-26 16:03:58.158 - INFO - message_handler - 📩 收到私聊消息 | user_id:  | 内容：
2026-04-26 16:04:58.158 - INFO - message_handler - 📩 收到私聊消息 | user_id:  | 内容：
2026-04-26 16:05:58.159 - INFO - message_handler - 📩 收到私聊消息 | user_id:  | 内容：
2026-04-26 16:06:58.160 - INFO - message_handler - 📩 收到私聊消息 | user_id:  | 内容：
2026-04-26 16:07:54.948 - WARNING - server_monitor - ⏱️ 172.17.0.1:25565 玩家列表超时
2026-04-26 16:07:58.161 - INFO - message_handler - 📩 收到私聊消息 | user_id:  | 内容：
2026-04-26 16:08:11.464 - WARNING - server_monitor - ⏱️ 172.17.0.1:25565 玩家列表超时
2026-04-26 16:08:27.978 - WARNING - server_monitor - ⏱️ 172.17.0.1:25565 玩家列表超时
2026-04-26 16:08:44.952 - WARNING - server_monitor - ⏱️ 172.17.0.1:25565 玩家列表超时
2026-04-26 16:08:58.165 - INFO - message_handler - 📩 收到私聊消息 | user_id:  | 内容：
2026-04-26 16:09:01.494 - WARNING - server_monitor - ⏱️ 172.17.0.1:25565 玩家列表超时
2026-04-26 16:09:31.877 - WARNING - server_monitor - ⏱️ 172.17.0.1:25565 玩家列表超时
2026-04-26 16:09:48.578 - WARNING - server_monitor - ⏱️ 172.17.0.1:25565 玩家列表超时
2026-04-26 16:09:58.167 - INFO - message_handler - 📩 收到私聊消息 | user_id:  | 内容：
2026-04-26 16:10:05.999 - WARNING - server_monitor - ⏱️ 172.17.0.1:25565 玩家列表超时
2026-04-26 16:10:22.450 - WARNING - server_monitor - ⏱️ 172.17.0.1:25565 玩家列表超时
2026-04-26 16:10:39.041 - WARNING - server_monitor - ⏱️ 172.17.0.1:25565 玩家列表超时
2026-04-26 16:10:55.568 - WARNING - server_monitor - ⏱️ 172.17.0.1:25565 玩家列表超时
2026-04-26 16:10:58.162 - INFO - message_handler - 📩 收到私聊消息 | user_id:  | 内容：
2026-04-26 16:11:12.041 - WARNING - server_monitor - ⏱️ 172.17.0.1:25565 玩家列表超时
WARNING:  Invalid HTTP request received.
2026-04-26 16:11:28.492 - WARNING - server_monitor - ⏱️ 172.17.0.1:25565 玩家列表超时
2026-04-26 16:11:45.310 - WARNING - server_monitor - ⏱️ 172.17.0.1:25565 玩家列表超时
2026-04-26 16:11:58.169 - INFO - message_handler - 📩 收到私聊消息 | user_id:  | 内容：
2026-04-26 16:12:02.073 - WARNING - server_monitor - ⏱️ 172.17.0.1:25565 玩家列表超时
2026-04-26 16:12:18.570 - WARNING - server_monitor - ⏱️ 172.17.0.1:25565 玩家列表超时
2026-04-26 16:12:35.313 - WARNING - server_monitor - ⏱️ 172.17.0.1:25565 玩家列表超时
2026-04-26 16:12:51.943 - WARNING - server_monitor - ⏱️ 172.17.0.1:25565 玩家列表超时
2026-04-26 16:12:58.164 - INFO - message_handler - 📩 收到私聊消息 | user_id:  | 内容：
2026-04-26 16:13:08.685 - WARNING - server_monitor - ⏱️ 172.17.0.1:25565 玩家列表超时
2026-04-26 16:13:25.224 - WARNING - server_monitor - ⏱️ 172.17.0.1:25565 玩家列表超时
2026-04-26 16:13:42.140 - WARNING - server_monitor - ⏱️ 172.17.0.1:25565 玩家列表超时
2026-04-26 16:13:58.164 - INFO - message_handler - 📩 收到私聊消息 | user_id:  | 内容：
2026-04-26 16:13:58.572 - WARNING - server_monitor - ⏱️ 172.17.0.1:25565 玩家列表超时
2026-04-26 16:14:15.377 - WARNING - server_monitor - ⏱️ 172.17.0.1:25565 玩家列表超时
2026-04-26 16:14:32.127 - WARNING - server_monitor - ⏱️ 172.17.0.1:25565 玩家列表超时
2026-04-26 16:14:48.668 - WARNING - server_monitor - ⏱️ 172.17.0.1:25565 玩家列表超时
2026-04-26 16:14:58.170 - INFO - message_handler - 📩 收到私聊消息 | user_id:  | 内容：
2026-04-26 16:15:05.935 - WARNING - server_monitor - ⏱️ 172.17.0.1:25565 玩家列表超时
2026-04-26 16:15:23.069 - WARNING - server_monitor - ⏱️ 172.17.0.1:25565 玩家列表超时
2026-04-26 16:15:39.773 - WARNING - server_monitor - ⏱️ 172.17.0.1:25565 玩家列表超时
2026-04-26 16:15:56.746 - WARNING - server_monitor - ⏱️ 172.17.0.1:25565 玩家列表超时
2026-04-26 16:15:58.191 - INFO - message_handler - 📩 收到私聊消息 | user_id:  | 内容：
2026-04-26 16:16:13.684 - WARNING - server_monitor - ⏱️ 172.17.0.1:25565 玩家列表超时
2026-04-26 16:16:58.162 - INFO - message_handler - 📩 收到私聊消息 | user_id:  | 内容：
2026-04-26 16:17:58.163 - INFO - message_handler - 📩 收到私聊消息 | user_id:  | 内容：
2026-04-26 16:18:58.162 - INFO - message_handler - 📩 收到私聊消息 | user_id:  | 内容：
2026-04-26 16:19:58.163 - INFO - message_handler - 📩 收到私聊消息 | user_id:  | 内容：
2026-04-26 16:20:58.161 - INFO - message_handler - 📩 收到私聊消息 | user_id:  | 内容：
2026-04-26 16:21:58.163 - INFO - message_handler - 📩 收到私聊消息 | user_id:  | 内容：
2026-04-26 16:22:58.164 - INFO - message_handler - 📩 收到私聊消息 | user_id:  | 内容：
2026-04-26 16:23:58.166 - INFO - message_handler - 📩 收到私聊消息 | user_id:  | 内容：
2026-04-26 16:24:58.172 - INFO - message_handler - 📩 收到私聊消息 | user_id:  | 内容：
2026-04-26 16:25:58.167 - INFO - message_handler - 📩 收到私聊消息 | user_id:  | 内容：
2026-04-26 16:26:58.172 - INFO - message_handler - 📩 收到私聊消息 | user_id:  | 内容：
2026-04-26 16:27:58.221 - INFO - message_handler - 📩 收到私聊消息 | user_id:  | 内容：
2026-04-26 16:28:58.174 - INFO - message_handler - 📩 收到私聊消息 | user_id:  | 内容：
2026-04-26 16:29:58.177 - INFO - message_handler - 📩 收到私聊消息 | user_id:  | 内容：
2026-04-26 16:30:58.178 - INFO - message_handler - 📩 收到私聊消息 | user_id:  | 内容：
2026-04-26 16:31:58.177 - INFO - message_handler - 📩 收到私聊消息 | user_id:  | 内容：
2026-04-26 16:32:58.176 - INFO - message_handler - 📩 收到私聊消息 | user_id:  | 内容：
2026-04-26 16:33:58.178 - INFO - message_handler - 📩 收到私聊消息 | user_id:  | 内容：
2026-04-26 16:34:58.177 - INFO - message_handler - 📩 收到私聊消息 | user_id:  | 内容：
2026-04-26 16:35:58.171 - INFO - message_handler - 📩 收到私聊消息 | user_id:  | 内容：
2026-04-26 16:36:58.171 - INFO - message_handler - 📩 收到私聊消息 | user_id:  | 内容：
2026-04-26 16:37:58.176 - INFO - message_handler - 📩 收到私聊消息 | user_id:  | 内容：
2026-04-26 16:38:58.172 - INFO - message_handler - 📩 收到私聊消息 | user_id:  | 内容：
2026-04-26 16:39:58.172 - INFO - message_handler - 📩 收到私聊消息 | user_id:  | 内容：
2026-04-26 16:40:58.172 - INFO - message_handler - 📩 收到私聊消息 | user_id:  | 内容：
2026-04-26 16:41:58.173 - INFO - message_handler - 📩 收到私聊消息 | user_id:  | 内容：
2026-04-26 16:42:58.173 - INFO - message_handler - 📩 收到私聊消息 | user_id:  | 内容：
2026-04-26 16:43:58.178 - INFO - message_handler - 📩 收到私聊消息 | user_id:  | 内容：
2026-04-26 16:44:58.174 - INFO - message_handler - 📩 收到私聊消息 | user_id:  | 内容：
2026-04-26 16:45:58.173 - INFO - message_handler - 📩 收到私聊消息 | user_id:  | 内容：
2026-04-26 16:46:58.181 - INFO - message_handler - 📩 收到私聊消息 | user_id:  | 内容：
2026-04-26 16:47:58.173 - INFO - message_handler - 📩 收到私聊消息 | user_id:  | 内容：
2026-04-26 16:48:58.174 - INFO - message_handler - 📩 收到私聊消息 | user_id:  | 内容：
2026-04-26 16:49:58.174 - INFO - message_handler - 📩 收到私聊消息 | user_id:  | 内容：
2026-04-26 16:50:58.173 - INFO - message_handler - 📩 收到私聊消息 | user_id:  | 内容：
2026-04-26 16:51:58.174 - INFO - message_handler - 📩 收到私聊消息 | user_id:  | 内容：
2026-04-26 16:52:58.184 - INFO - message_handler - 📩 收到私聊消息 | user_id:  | 内容：
2026-04-26 16:53:58.176 - INFO - message_handler - 📩 收到私聊消息 | user_id:  | 内容：
2026-04-26 16:54:58.177 - INFO - message_handler - 📩 收到私聊消息 | user_id:  | 内容：
2026-04-26 16:55:58.183 - INFO - message_handler - 📩 收到私聊消息 | user_id:  | 内容：
2026-04-26 16:56:58.178 - INFO - message_handler - 📩 收到私聊消息 | user_id:  | 内容：
2026-04-26 16:57:58.181 - INFO - message_handler - 📩 收到私聊消息 | user_id:  | 内容：
2026-04-26 16:58:58.179 - INFO - message_handler - 📩 收到私聊消息 | user_id:  | 内容：
2026-04-26 16:59:58.179 - INFO - message_handler - 📩 收到私聊消息 | user_id:  | 内容：
2026-04-26 17:00:58.181 - INFO - message_handler - 📩 收到私聊消息 | user_id:  | 内容：
2026-04-26 17:01:58.184 - INFO - message_handler - 📩 收到私聊消息 | user_id:  | 内容：
2026-04-26 17:02:58.212 - INFO - message_handler - 📩 收到私聊消息 | user_id:  | 内容：
2026-04-26 17:03:58.180 - INFO - message_handler - 📩 收到私聊消息 | user_id:  | 内容：
2026-04-26 17:04:58.182 - INFO - message_handler - 📩 收到私聊消息 | user_id:  | 内容：
2026-04-26 17:05:58.183 - INFO - message_handler - 📩 收到私聊消息 | user_id:  | 内容：
2026-04-26 17:06:58.182 - INFO - message_handler - 📩 收到私聊消息 | user_id:  | 内容：
2026-04-26 17:07:58.181 - INFO - message_handler - 📩 收到私聊消息 | user_id:  | 内容：
2026-04-26 17:08:58.188 - INFO - message_handler - 📩 收到私聊消息 | user_id:  | 内容：
2026-04-26 17:09:58.184 - INFO - message_handler - 📩 收到私聊消息 | user_id:  | 内容：
2026-04-26 17:10:58.182 - INFO - message_handler - 📩 收到私聊消息 | user_id:  | 内容：
2026-04-26 17:11:58.199 - INFO - message_handler - 📩 收到私聊消息 | user_id:  | 内容：
2026-04-26 17:12:58.182 - INFO - message_handler - 📩 收到私聊消息 | user_id:  | 内容：
2026-04-26 17:13:58.183 - INFO - message_handler - 📩 收到私聊消息 | user_id:  | 内容：
2026-04-26 17:14:58.196 - INFO - message_handler - 📩 收到私聊消息 | user_id:  | 内容：
2026-04-26 17:15:58.182 - INFO - message_handler - 📩 收到私聊消息 | user_id:  | 内容：
2026-04-26 17:16:58.185 - INFO - message_handler - 📩 收到私聊消息 | user_id:  | 内容：
2026-04-26 17:17:58.183 - INFO - message_handler - 📩 收到私聊消息 | user_id:  | 内容：
2026-04-26 17:18:58.185 - INFO - message_handler - 📩 收到私聊消息 | user_id:  | 内容：
2026-04-26 17:19:58.185 - INFO - message_handler - 📩 收到私聊消息 | user_id:  | 内容：
2026-04-26 17:20:58.185 - INFO - message_handler - 📩 收到私聊消息 | user_id:  | 内容：
2026-04-26 17:21:58.188 - INFO - message_handler - 📩 收到私聊消息 | user_id:  | 内容：
2026-04-26 17:22:58.186 - INFO - message_handler - 📩 收到私聊消息 | user_id:  | 内容：
2026-04-26 17:23:58.210 - INFO - message_handler - 📩 收到私聊消息 | user_id:  | 内容：
2026-04-26 17:24:58.186 - INFO - message_handler - 📩 收到私聊消息 | user_id:  | 内容：
2026-04-26 17:25:58.187 - INFO - message_handler - 📩 收到私聊消息 | user_id:  | 内容：
2026-04-26 17:26:58.188 - INFO - message_handler - 📩 收到私聊消息 | user_id:  | 内容：
2026-04-26 17:27:58.191 - INFO - message_handler - 📩 收到私聊消息 | user_id:  | 内容：
2026-04-26 17:28:58.188 - INFO - message_handler - 📩 收到私聊消息 | user_id:  | 内容：
2026-04-26 17:29:58.187 - INFO - message_handler - 📩 收到私聊消息 | user_id:  | 内容：
2026-04-26 17:30:58.193 - INFO - message_handler - 📩 收到私聊消息 | user_id:  | 内容：
2026-04-26 17:31:58.188 - INFO - message_handler - 📩 收到私聊消息 | user_id:  | 内容：
2026-04-26 17:32:58.188 - INFO - message_handler - 📩 收到私聊消息 | user_id:  | 内容：
2026-04-26 17:33:58.188 - INFO - message_handler - 📩 收到私聊消息 | user_id:  | 内容：
2026-04-26 17:34:58.190 - INFO - message_handler - 📩 收到私聊消息 | user_id:  | 内容：
2026-04-26 17:35:58.189 - INFO - message_handler - 📩 收到私聊消息 | user_id:  | 内容：
2026-04-26 17:36:58.206 - INFO - message_handler - 📩 收到私聊消息 | user_id:  | 内容：
2026-04-26 17:37:58.189 - INFO - message_handler - 📩 收到私聊消息 | user_id:  | 内容：
2026-04-26 17:38:58.189 - INFO - message_handler - 📩 收到私聊消息 | user_id:  | 内容：
2026-04-26 17:39:58.193 - INFO - message_handler - 📩 收到私聊消息 | user_id:  | 内容：
2026-04-26 17:40:58.193 - INFO - message_handler - 📩 收到私聊消息 | user_id:  | 内容：
2026-04-26 17:41:58.192 - INFO - message_handler - 📩 收到私聊消息 | user_id:  | 内容：
2026-04-26 17:42:58.193 - INFO - message_handler - 📩 收到私聊消息 | user_id:  | 内容：
2026-04-26 17:43:58.193 - INFO - message_handler - 📩 收到私聊消息 | user_id:  | 内容：
2026-04-26 17:44:58.194 - INFO - message_handler - 📩 收到私聊消息 | user_id:  | 内容：
2026-04-26 17:45:58.202 - INFO - message_handler - 📩 收到私聊消息 | user_id:  | 内容：
2026-04-26 17:46:58.196 - INFO - message_handler - 📩 收到私聊消息 | user_id:  | 内容：
2026-04-26 17:47:58.197 - INFO - message_handler - 📩 收到私聊消息 | user_id:  | 内容：
2026-04-26 17:48:58.199 - INFO - message_handler - 📩 收到私聊消息 | user_id:  | 内容：
2026-04-26 17:49:58.197 - INFO - message_handler - 📩 收到私聊消息 | user_id:  | 内容：
2026-04-26 17:50:58.198 - INFO - message_handler - 📩 收到私聊消息 | user_id:  | 内容：
2026-04-26 17:51:58.291 - INFO - message_handler - 📩 收到私聊消息 | user_id:  | 内容：
2026-04-26 17:52:58.205 - INFO - message_handler - 📩 收到私聊消息 | user_id:  | 内容：
2026-04-26 17:53:58.203 - INFO - message_handler - 📩 收到私聊消息 | user_id:  | 内容：
2026-04-26 17:54:58.203 - INFO - message_handler - 📩 收到私聊消息 | user_id:  | 内容：
2026-04-26 17:55:58.203 - INFO - message_handler - 📩 收到私聊消息 | user_id:  | 内容：
2026-04-26 17:56:58.200 - INFO - message_handler - 📩 收到私聊消息 | user_id:  | 内容：
2026-04-26 17:57:58.204 - INFO - message_handler - 📩 收到私聊消息 | user_id:  | 内容：
2026-04-26 17:58:58.207 - INFO - message_handler - 📩 收到私聊消息 | user_id:  | 内容：
2026-04-26 17:59:58.202 - INFO - message_handler - 📩 收到私聊消息 | user_id:  | 内容：
2026-04-26 18:00:58.203 - INFO - message_handler - 📩 收到私聊消息 | user_id:  | 内容：
2026-04-26 18:01:58.206 - INFO - message_handler - 📩 收到私聊消息 | user_id:  | 内容：
2026-04-26 18:02:58.206 - INFO - message_handler - 📩 收到私聊消息 | user_id:  | 内容：
2026-04-26 18:03:58.208 - INFO - message_handler - 📩 收到私聊消息 | user_id:  | 内容：
2026-04-26 18:04:58.210 - INFO - message_handler - 📩 收到私聊消息 | user_id:  | 内容：
2026-04-26 18:05:58.207 - INFO - message_handler - 📩 收到私聊消息 | user_id:  | 内容：
2026-04-26 18:06:58.210 - INFO - message_handler - 📩 收到私聊消息 | user_id:  | 内容：
2026-04-26 18:07:58.211 - INFO - message_handler - 📩 收到私聊消息 | user_id:  | 内容：
2026-04-26 18:08:58.208 - INFO - message_handler - 📩 收到私聊消息 | user_id:  | 内容：
2026-04-26 18:09:58.210 - INFO - message_handler - 📩 收到私聊消息 | user_id:  | 内容：
2026-04-26 18:10:58.210 - INFO - message_handler - 📩 收到私聊消息 | user_id:  | 内容：
2026-04-26 18:11:58.217 - INFO - message_handler - 📩 收到私聊消息 | user_id:  | 内容：
2026-04-26 18:12:58.211 - INFO - message_handler - 📩 收到私聊消息 | user_id:  | 内容：
2026-04-26 18:13:58.210 - INFO - message_handler - 📩 收到私聊消息 | user_id:  | 内容：
2026-04-26 18:14:58.216 - INFO - message_handler - 📩 收到私聊消息 | user_id:  | 内容：
2026-04-26 18:15:58.210 - INFO - message_handler - 📩 收到私聊消息 | user_id:  | 内容：
2026-04-26 18:16:58.211 - INFO - message_handler - 📩 收到私聊消息 | user_id:  | 内容：
2026-04-26 18:17:58.215 - INFO - message_handler - 📩 收到私聊消息 | user_id:  | 内容：
2026-04-26 18:18:58.210 - INFO - message_handler - 📩 收到私聊消息 | user_id:  | 内容：
2026-04-26 18:19:58.211 - INFO - message_handler - 📩 收到私聊消息 | user_id:  | 内容：
2026-04-26 18:20:58.214 - INFO - message_handler - 📩 收到私聊消息 | user_id:  | 内容：
2026-04-26 18:21:58.212 - INFO - message_handler - 📩 收到私聊消息 | user_id:  | 内容：
2026-04-26 18:22:58.212 - INFO - message_handler - 📩 收到私聊消息 | user_id:  | 内容：
2026-04-26 18:23:58.229 - INFO - message_handler - 📩 收到私聊消息 | user_id:  | 内容：
2026-04-26 18:24:23.605 - WARNING - api_client - ❌ 服务器 ef7c08f2d6ca41f2a465631a064b47e5 MCSM API 重试5次后仍失败，将回退至 Minecraft 协议 | ClientResponseError: 500, message='HTTP 500', url='https://server-backend.mooire.top/api/instance?daemonId=85f05f4168334f
2026-04-26 18:24:24.441 - WARNING - api_client - ❌ 服务器 ef7c08f2d6ca41f2a465631a064b47e5 重试5次后仍失败 | ClientResponseError: 500, message='HTTP 500', url='https://server-backend.mooire.top/api/instance?daemonId=85f05f4168334f
2026-04-26 18:24:58.214 - INFO - message_handler - 📩 收到私聊消息 | user_id:  | 内容：
2026-04-26 18:25:58.214 - INFO - message_handler - 📩 收到私聊消息 | user_id:  | 内容：
2026-04-26 18:26:58.230 - INFO - message_handler - 📩 收到私聊消息 | user_id:  | 内容：
2026-04-26 18:27:58.215 - INFO - message_handler - 📩 收到私聊消息 | user_id:  | 内容：
WARNING:  Invalid HTTP request received.
2026-04-26 18:28:57.810 - INFO - message_handler - 📩 收到群消息 | group_id: 733890551 | user_id: 2707835027 | 内容：[CQ:image,file=D1284012EB8A93985B4F07A47AB90533.jp
2026-04-26 18:28:58.214 - INFO - message_handler - 📩 收到私聊消息 | user_id:  | 内容：
2026-04-26 18:29:05.308 - INFO - message_handler - 📩 收到群消息 | group_id: 733890551 | user_id: 2707835027 | 内容：我好像找到了发财之道
2026-04-26 18:29:58.218 - INFO - message_handler - 📩 收到私聊消息 | user_id:  | 内容：
2026-04-26 18:30:58.217 - INFO - message_handler - 📩 收到私聊消息 | user_id:  | 内容：
2026-04-26 18:31:58.217 - INFO - message_handler - 📩 收到私聊消息 | user_id:  | 内容：
2026-04-26 18:32:58.218 - INFO - message_handler - 📩 收到私聊消息 | user_id:  | 内容：
2026-04-26 18:33:58.217 - INFO - message_handler - 📩 收到私聊消息 | user_id:  | 内容：
2026-04-26 18:34:58.218 - INFO - message_handler - 📩 收到私聊消息 | user_id:  | 内容：
2026-04-26 18:35:40.227 - INFO - message_handler - 📩 收到群消息 | group_id: 733890551 | user_id: 177471451 | 内容：锁屏改成这样还看得出这是澎湃吗🤔[CQ:image,file=2DC0CB157E08E4382FB
2026-04-26 18:35:58.218 - INFO - message_handler - 📩 收到私聊消息 | user_id:  | 内容：
2026-04-26 18:36:00.805 - INFO - message_handler - 📩 收到群消息 | group_id: 733890551 | user_id: 2707835027 | 内容：看不出
2026-04-26 18:36:06.296 - INFO - message_handler - 📩 收到群消息 | group_id: 733890551 | user_id: 2707835027 | 内容：应该是miui
2026-04-26 18:36:58.218 - INFO - message_handler - 📩 收到私聊消息 | user_id:  | 内容：
2026-04-26 18:37:58.219 - INFO - message_handler - 📩 收到私聊消息 | user_id:  | 内容：
2026-04-26 18:38:36.835 - WARNING - api_client - ❌ 服务器 ef7c08f2d6ca41f2a465631a064b47e5 重试5次后仍失败 | ClientResponseError: 500, message='HTTP 500', url='https://server-backend.mooire.top/api/instance?daemonId=85f05f4168334f
2026-04-26 18:38:36.842 - WARNING - api_client - ❌ 服务器 ef7c08f2d6ca41f2a465631a064b47e5 MCSM API 重试5次后仍失败，将回退至 Minecraft 协议 | ClientResponseError: 500, message='HTTP 500', url='https://server-backend.mooire.top/api/instance?daemonId=85f05f4168334f
2026-04-26 18:38:58.226 - INFO - message_handler - 📩 收到私聊消息 | user_id:  | 内容：
2026-04-26 18:39:05.845 - INFO - message_handler - 📩 收到群消息 | group_id: 967883781 | user_id: 2707835027 | 内容：有点赶不及时间了
2026-04-26 18:39:58.219 - INFO - message_handler - 📩 收到私聊消息 | user_id:  | 内容：
2026-04-26 18:40:58.219 - INFO - message_handler - 📩 收到私聊消息 | user_id:  | 内容：
2026-04-26 18:41:30.773 - INFO - message_handler - 📩 收到群消息 | group_id: 733890551 | user_id: 2707835027 | 内容：[CQ:at,qq=3574177807,name=梓栀寒] 五千毫秒延迟恭请你来修理
2026-04-26 18:41:58.219 - INFO - message_handler - 📩 收到私聊消息 | user_id:  | 内容：
2026-04-26 18:42:58.218 - INFO - message_handler - 📩 收到私聊消息 | user_id:  | 内容：
2026-04-26 18:43:58.219 - INFO - message_handler - 📩 收到私聊消息 | user_id:  | 内容：
2026-04-26 18:43:58.501 - WARNING - api_client - ❌ 服务器 ef7c08f2d6ca41f2a465631a064b47e5 MCSM API 重试5次后仍失败，将回退至 Minecraft 协议 | TimeoutError: 
2026-04-26 18:43:58.501 - WARNING - api_client - ❌ 服务器 ef7c08f2d6ca41f2a465631a064b47e5 重试5次后仍失败 | TimeoutError: 
2026-04-26 18:44:32.039 - WARNING - api_client - ❌ 服务器 1f678fdfacfa42cba4823361aaf47ce9 重试5次后仍失败 | ClientResponseError: 500, message='HTTP 500', url='https://server-backend.mooire.top/api/instance?daemonId=85f05f4168334f
2026-04-26 18:44:33.502 - WARNING - api_client - ❌ 服务器 1f678fdfacfa42cba4823361aaf47ce9 MCSM API 重试5次后仍失败，将回退至 Minecraft 协议 | TimeoutError: 
2026-04-26 18:44:58.220 - INFO - message_handler - 📩 收到私聊消息 | user_id:  | 内容：
2026-04-26 18:45:58.222 - INFO - message_handler - 📩 收到私聊消息 | user_id:  | 内容：
2026-04-26 18:46:25.250 - INFO - message_handler - 📩 收到群消息 | group_id: 967883781 | user_id: 2902166062 | 内容：=(
2026-04-26 18:46:30.679 - INFO - message_handler - 📩 收到群消息 | group_id: 967883781 | user_id: 2902166062 | 内容：[CQ:image,file=A0F1511045308AFA733B07D5D5836F60.jp
2026-04-26 18:46:40.721 - INFO - message_handler - 📩 收到群消息 | group_id: 967883781 | user_id: 2707835027 | 内容：[CQ:at,qq=3574177807,name=&#91; 全时段勿扰 &#93; 云墨 Jac
2026-04-26 18:46:58.222 - INFO - message_handler - 📩 收到私聊消息 | user_id:  | 内容：
2026-04-26 18:47:04.482 - INFO - message_handler - 📩 收到群消息 | group_id: 967883781 | user_id: 2902166062 | 内容：-1ms
2026-04-26 18:47:58.223 - INFO - message_handler - 📩 收到私聊消息 | user_id:  | 内容：
2026-04-26 18:48:22.502 - WARNING - api_client - ❌ 服务器 ef7c08f2d6ca41f2a465631a064b47e5 MCSM API 重试5次后仍失败，将回退至 Minecraft 协议 | TimeoutError: 
2026-04-26 18:48:22.502 - WARNING - api_client - ❌ 服务器 ef7c08f2d6ca41f2a465631a064b47e5 重试5次后仍失败 | TimeoutError: 
2026-04-26 18:48:57.502 - WARNING - api_client - ❌ 服务器 1f678fdfacfa42cba4823361aaf47ce9 重试5次后仍失败 | TimeoutError: 
2026-04-26 18:48:58.224 - INFO - message_handler - 📩 收到私聊消息 | user_id:  | 内容：
2026-04-26 18:49:10.765 - INFO - message_handler - 📩 收到群消息 | group_id: 967883781 | user_id: 2902166062 | 内容：[CQ:image,file=81B1898C2684DB8A453D71B7861D1413.jp
2026-04-26 18:49:58.225 - INFO - message_handler - 📩 收到私聊消息 | user_id:  | 内容：
2026-04-26 18:50:09.417 - INFO - message_handler - 📩 收到群消息 | group_id: 967883781 | user_id: 2707835027 | 内容：[CQ:at,qq=2902166062,name=wsywsy1st] 基本好了
2026-04-26 18:50:58.226 - INFO - message_handler - 📩 收到私聊消息 | user_id:  | 内容：
2026-04-26 18:51:58.226 - INFO - message_handler - 📩 收到私聊消息 | user_id:  | 内容：
2026-04-26 18:52:58.227 - INFO - message_handler - 📩 收到私聊消息 | user_id:  | 内容：
2026-04-26 18:53:58.228 - INFO - message_handler - 📩 收到私聊消息 | user_id:  | 内容：
2026-04-26 18:54:58.227 - INFO - message_handler - 📩 收到私聊消息 | user_id:  | 内容：
2026-04-26 18:55:58.242 - INFO - message_handler - 📩 收到私聊消息 | user_id:  | 内容：
2026-04-26 18:56:58.229 - INFO - message_handler - 📩 收到私聊消息 | user_id:  | 内容：
2026-04-26 18:57:58.229 - INFO - message_handler - 📩 收到私聊消息 | user_id:  | 内容：
2026-04-26 18:58:58.229 - INFO - message_handler - 📩 收到私聊消息 | user_id:  | 内容：
2026-04-26 18:59:58.232 - INFO - message_handler - 📩 收到私聊消息 | user_id:  | 内容：
2026-04-26 19:00:58.229 - INFO - message_handler - 📩 收到私聊消息 | user_id:  | 内容：
WARNING:  Invalid HTTP request received.
WARNING:  Invalid HTTP request received.
2026-04-26 19:01:58.229 - INFO - message_handler - 📩 收到私聊消息 | user_id:  | 内容：
2026-04-26 19:02:58.309 - INFO - message_handler - 📩 收到私聊消息 | user_id:  | 内容：
2026-04-26 19:03:58.230 - INFO - message_handler - 📩 收到私聊消息 | user_id:  | 内容：
2026-04-26 19:04:58.230 - INFO - message_handler - 📩 收到私聊消息 | user_id:  | 内容：
2026-04-26 19:05:58.234 - INFO - message_handler - 📩 收到私聊消息 | user_id:  | 内容：
2026-04-26 19:06:58.230 - INFO - message_handler - 📩 收到私聊消息 | user_id:  | 内容：
2026-04-26 19:07:58.230 - INFO - message_handler - 📩 收到私聊消息 | user_id:  | 内容：
2026-04-26 19:08:58.230 - INFO - message_handler - 📩 收到私聊消息 | user_id:  | 内容：
2026-04-26 19:09:58.230 - INFO - message_handler - 📩 收到私聊消息 | user_id:  | 内容：
2026-04-26 19:10:58.232 - INFO - message_handler - 📩 收到私聊消息 | user_id:  | 内容：
2026-04-26 19:11:58.260 - INFO - message_handler - 📩 收到私聊消息 | user_id:  | 内容：
2026-04-26 19:12:58.233 - INFO - message_handler - 📩 收到私聊消息 | user_id:  | 内容：
2026-04-26 19:13:58.234 - INFO - message_handler - 📩 收到私聊消息 | user_id:  | 内容：
2026-04-26 19:14:58.241 - INFO - message_handler - 📩 收到私聊消息 | user_id:  | 内容：
2026-04-26 19:15:58.235 - INFO - message_handler - 📩 收到私聊消息 | user_id:  | 内容：
2026-04-26 19:16:58.236 - INFO - message_handler - 📩 收到私聊消息 | user_id:  | 内容：
2026-04-26 19:17:58.262 - INFO - message_handler - 📩 收到私聊消息 | user_id:  | 内容：
2026-04-26 19:18:58.237 - INFO - message_handler - 📩 收到私聊消息 | user_id:  | 内容：
2026-04-26 19:19:58.237 - INFO - message_handler - 📩 收到私聊消息 | user_id:  | 内容：
2026-04-26 19:20:58.238 - INFO - message_handler - 📩 收到私聊消息 | user_id:  | 内容：
2026-04-26 19:21:58.243 - INFO - message_handler - 📩 收到私聊消息 | user_id:  | 内容：
2026-04-26 19:22:58.239 - INFO - message_handler - 📩 收到私聊消息 | user_id:  | 内容：
2026-04-26 19:23:58.240 - INFO - message_handler - 📩 收到私聊消息 | user_id:  | 内容：
2026-04-26 19:24:58.244 - INFO - message_handler - 📩 收到私聊消息 | user_id:  | 内容：
2026-04-26 19:25:58.241 - INFO - message_handler - 📩 收到私聊消息 | user_id:  | 内容：
2026-04-26 19:26:58.241 - INFO - message_handler - 📩 收到私聊消息 | user_id:  | 内容：
2026-04-26 19:27:58.243 - INFO - message_handler - 📩 收到私聊消息 | user_id:  | 内容：
2026-04-26 19:28:56.810 - INFO - message_handler - 📩 收到群消息 | group_id: 733890551 | user_id: 2707835027 | 内容：[CQ:at,qq=3574177807,name=梓栀寒] 五分钟延迟恭请你来修理
2026-04-26 19:28:58.240 - INFO - message_handler - 📩 收到私聊消息 | user_id:  | 内容：
2026-04-26 19:29:58.242 - INFO - message_handler - 📩 收到私聊消息 | user_id:  | 内容：
2026-04-26 19:30:58.242 - INFO - message_handler - 📩 收到私聊消息 | user_id:  | 内容：
2026-04-26 19:31:58.241 - INFO - message_handler - 📩 收到私聊消息 | user_id:  | 内容：
2026-04-26 19:32:58.250 - INFO - message_handler - 📩 收到私聊消息 | user_id:  | 内容：
2026-04-26 19:33:58.243 - INFO - message_handler - 📩 收到私聊消息 | user_id:  | 内容：
2026-04-26 19:34:58.248 - INFO - message_handler - 📩 收到私聊消息 | user_id:  | 内容：
2026-04-26 19:35:58.249 - INFO - message_handler - 📩 收到私聊消息 | user_id:  | 内容：
2026-04-26 19:36:58.243 - INFO - message_handler - 📩 收到私聊消息 | user_id:  | 内容：
2026-04-26 19:37:20.987 - INFO - server_monitor - 📈 2026-04-26 最高在线：3 → 4人
2026-04-26 19:37:58.250 - INFO - message_handler - 📩 收到私聊消息 | user_id:  | 内容：
2026-04-26 19:38:58.248 - INFO - message_handler - 📩 收到私聊消息 | user_id:  | 内容：
2026-04-26 19:39:58.250 - INFO - message_handler - 📩 收到私聊消息 | user_id:  | 内容：
2026-04-26 19:40:58.247 - INFO - message_handler - 📩 收到私聊消息 | user_id:  | 内容：
2026-04-26 19:41:58.253 - INFO - message_handler - 📩 收到私聊消息 | user_id:  | 内容：
2026-04-26 19:42:58.252 - INFO - message_handler - 📩 收到私聊消息 | user_id:  | 内容：
2026-04-26 19:43:58.249 - INFO - message_handler - 📩 收到私聊消息 | user_id:  | 内容：
2026-04-26 19:44:41.971 - INFO - message_handler - 📩 收到群消息 | group_id: 733890551 | user_id: 2707835027 | 内容：[CQ:at,qq=3436642268,name=木眀子] 那个能给我开下后台权限吗

邮箱是go
2026-04-26 19:44:50.613 - INFO - message_handler - 📩 收到群消息 | group_id: 733890551 | user_id: 2707835027 | 内容：[CQ:image,file=77A94C924E9457A2310D79F0AB1916F9.jp
2026-04-26 19:44:58.249 - INFO - message_handler - 📩 收到私聊消息 | user_id:  | 内容：
2026-04-26 19:45:58.250 - INFO - message_handler - 📩 收到私聊消息 | user_id:  | 内容：
2026-04-26 19:46:58.249 - INFO - message_handler - 📩 收到私聊消息 | user_id:  | 内容：
2026-04-26 19:47:58.249 - INFO - message_handler - 📩 收到私聊消息 | user_id:  | 内容：
2026-04-26 19:48:58.249 - INFO - message_handler - 📩 收到私聊消息 | user_id:  | 内容：
2026-04-26 19:49:58.250 - INFO - message_handler - 📩 收到私聊消息 | user_id:  | 内容：
2026-04-26 19:50:58.251 - INFO - message_handler - 📩 收到私聊消息 | user_id:  | 内容：
2026-04-26 19:51:58.250 - INFO - message_handler - 📩 收到私聊消息 | user_id:  | 内容：
2026-04-26 19:52:58.251 - INFO - message_handler - 📩 收到私聊消息 | user_id:  | 内容：
2026-04-26 19:53:58.253 - INFO - message_handler - 📩 收到私聊消息 | user_id:  | 内容：
2026-04-26 19:54:58.252 - INFO - message_handler - 📩 收到私聊消息 | user_id:  | 内容：
2026-04-26 19:55:58.252 - INFO - message_handler - 📩 收到私聊消息 | user_id:  | 内容：
2026-04-26 19:56:58.276 - INFO - message_handler - 📩 收到私聊消息 | user_id:  | 内容：
2026-04-26 19:57:58.253 - INFO - message_handler - 📩 收到私聊消息 | user_id:  | 内容：
2026-04-26 19:58:58.253 - INFO - message_handler - 📩 收到私聊消息 | user_id:  | 内容：
2026-04-26 19:59:58.253 - INFO - message_handler - 📩 收到私聊消息 | user_id:  | 内容：
2026-04-26 20:00:58.256 - INFO - message_handler - 📩 收到私聊消息 | user_id:  | 内容：
2026-04-26 20:01:58.254 - INFO - message_handler - 📩 收到私聊消息 | user_id:  | 内容：
2026-04-26 20:02:58.255 - INFO - message_handler - 📩 收到私聊消息 | user_id:  | 内容：
2026-04-26 20:03:58.253 - INFO - message_handler - 📩 收到私聊消息 | user_id:  | 内容：
2026-04-26 20:04:58.255 - INFO - message_handler - 📩 收到私聊消息 | user_id:  | 内容：
2026-04-26 20:05:58.254 - INFO - message_handler - 📩 收到私聊消息 | user_id:  | 内容：
2026-04-26 20:06:58.256 - INFO - message_handler - 📩 收到私聊消息 | user_id:  | 内容：
2026-04-26 20:07:58.256 - INFO - message_handler - 📩 收到私聊消息 | user_id:  | 内容：
2026-04-26 20:08:17.064 - INFO - message_handler - 📩 收到群消息 | group_id: 733890551 | user_id: 2079390238 | 内容：[CQ:reply,id=-1572904010][CQ:at,qq=2707835027,name
2026-04-26 20:08:58.255 - INFO - message_handler - 📩 收到私聊消息 | user_id:  | 内容：
2026-04-26 20:09:58.256 - INFO - message_handler - 📩 收到私聊消息 | user_id:  | 内容：
2026-04-26 20:10:58.257 - INFO - message_handler - 📩 收到私聊消息 | user_id:  | 内容：
2026-04-26 20:11:22.286 - INFO - message_handler - 📩 收到群消息 | group_id: 733890551 | user_id: 2029626166 | 内容：[CQ:image,file=94584C1F2255F3F38BA31D535F1D95A7.jp
2026-04-26 20:11:58.256 - INFO - message_handler - 📩 收到私聊消息 | user_id:  | 内容：
2026-04-26 20:12:58.255 - INFO - message_handler - 📩 收到私聊消息 | user_id:  | 内容：
2026-04-26 20:13:58.256 - INFO - message_handler - 📩 收到私聊消息 | user_id:  | 内容：
2026-04-26 20:14:58.256 - INFO - message_handler - 📩 收到私聊消息 | user_id:  | 内容：
2026-04-26 20:15:58.257 - INFO - message_handler - 📩 收到私聊消息 | user_id:  | 内容：
2026-04-26 20:16:58.258 - INFO - message_handler - 📩 收到私聊消息 | user_id:  | 内容：
2026-04-26 20:17:58.259 - INFO - message_handler - 📩 收到私聊消息 | user_id:  | 内容：
2026-04-26 20:18:58.260 - INFO - message_handler - 📩 收到私聊消息 | user_id:  | 内容：
2026-04-26 20:19:58.259 - INFO - message_handler - 📩 收到私聊消息 | user_id:  | 内容：
2026-04-26 20:20:58.260 - INFO - message_handler - 📩 收到私聊消息 | user_id:  | 内容：
2026-04-26 20:21:58.261 - INFO - message_handler - 📩 收到私聊消息 | user_id:  | 内容：
2026-04-26 20:22:58.262 - INFO - message_handler - 📩 收到私聊消息 | user_id:  | 内容：
2026-04-26 20:23:58.262 - INFO - message_handler - 📩 收到私聊消息 | user_id:  | 内容：
2026-04-26 20:24:32.432 - INFO - message_handler - 📩 收到群消息 | group_id: 733890551 | user_id: 3436642268 | 内容：[CQ:reply,id=-563236201][CQ:at,qq=2707835027,name=
2026-04-26 20:24:40.400 - INFO - message_handler - 📩 收到群消息 | group_id: 733890551 | user_id: 2707835027 | 内容：[CQ:reply,id=-1673440954][CQ:at,qq=3436642268,name
2026-04-26 20:24:58.264 - INFO - message_handler - 📩 收到私聊消息 | user_id:  | 内容：
2026-04-26 20:25:58.278 - INFO - message_handler - 📩 收到私聊消息 | user_id:  | 内容：
2026-04-26 20:26:58.264 - INFO - message_handler - 📩 收到私聊消息 | user_id:  | 内容：
2026-04-26 20:27:58.265 - INFO - message_handler - 📩 收到私聊消息 | user_id:  | 内容：
2026-04-26 20:28:58.264 - INFO - message_handler - 📩 收到私聊消息 | user_id:  | 内容：
2026-04-26 20:29:58.265 - INFO - message_handler - 📩 收到私聊消息 | user_id:  | 内容：
2026-04-26 20:30:58.266 - INFO - message_handler - 📩 收到私聊消息 | user_id:  | 内容：
2026-04-26 20:31:58.266 - INFO - message_handler - 📩 收到私聊消息 | user_id:  | 内容：
2026-04-26 20:32:58.268 - INFO - message_handler - 📩 收到私聊消息 | user_id:  | 内容：
2026-04-26 20:33:58.266 - INFO - message_handler - 📩 收到私聊消息 | user_id:  | 内容：
2026-04-26 20:34:58.266 - INFO - message_handler - 📩 收到私聊消息 | user_id:  | 内容：
2026-04-26 20:35:58.266 - INFO - message_handler - 📩 收到私聊消息 | user_id:  | 内容：
2026-04-26 20:36:58.267 - INFO - message_handler - 📩 收到私聊消息 | user_id:  | 内容：
2026-04-26 20:37:58.266 - INFO - message_handler - 📩 收到私聊消息 | user_id:  | 内容：
2026-04-26 20:38:58.267 - INFO - message_handler - 📩 收到私聊消息 | user_id:  | 内容：
2026-04-26 20:39:58.267 - INFO - message_handler - 📩 收到私聊消息 | user_id:  | 内容：
2026-04-26 20:40:58.268 - INFO - message_handler - 📩 收到私聊消息 | user_id:  | 内容：
2026-04-26 20:41:58.279 - INFO - message_handler - 📩 收到私聊消息 | user_id:  | 内容：
2026-04-26 20:42:58.270 - INFO - message_handler - 📩 收到私聊消息 | user_id:  | 内容：
2026-04-26 20:43:58.269 - INFO - message_handler - 📩 收到私聊消息 | user_id:  | 内容：
2026-04-26 20:44:58.276 - INFO - message_handler - 📩 收到私聊消息 | user_id:  | 内容：
2026-04-26 20:45:58.275 - INFO - message_handler - 📩 收到私聊消息 | user_id:  | 内容：
2026-04-26 20:46:58.274 - INFO - message_handler - 📩 收到私聊消息 | user_id:  | 内容：
2026-04-26 20:47:58.275 - INFO - message_handler - 📩 收到私聊消息 | user_id:  | 内容：
2026-04-26 20:48:58.271 - INFO - message_handler - 📩 收到私聊消息 | user_id:  | 内容：
2026-04-26 20:49:58.280 - INFO - message_handler - 📩 收到私聊消息 | user_id:  | 内容：
2026-04-26 20:50:58.280 - INFO - message_handler - 📩 收到私聊消息 | user_id:  | 内容：
2026-04-26 20:51:58.274 - INFO - message_handler - 📩 收到私聊消息 | user_id:  | 内容：
2026-04-26 20:52:58.274 - INFO - message_handler - 📩 收到私聊消息 | user_id:  | 内容：
2026-04-26 20:53:43.343 - INFO - message_handler - 📩 收到群消息 | group_id: 733890551 | user_id: 2707835027 | 内容：[CQ:image,file=AA1B39F4EF09A0E70A997F2DFAE832E3.jp
2026-04-26 20:53:44.965 - INFO - message_handler - 📩 收到群消息 | group_id: 733890551 | user_id: 2707835027 | 内容：[CQ:reply,id=338301692][CQ:at,qq=3436642268,name=木
2026-04-26 20:53:58.274 - INFO - message_handler - 📩 收到私聊消息 | user_id:  | 内容：
2026-04-26 20:54:58.275 - INFO - message_handler - 📩 收到私聊消息 | user_id:  | 内容：
2026-04-26 20:55:58.276 - INFO - message_handler - 📩 收到私聊消息 | user_id:  | 内容：
2026-04-26 20:56:58.277 - INFO - message_handler - 📩 收到私聊消息 | user_id:  | 内容：
2026-04-26 20:57:58.279 - INFO - message_handler - 📩 收到私聊消息 | user_id:  | 内容：
2026-04-26 20:58:58.279 - INFO - message_handler - 📩 收到私聊消息 | user_id:  | 内容：
2026-04-26 20:59:58.279 - INFO - message_handler - 📩 收到私聊消息 | user_id:  | 内容：
2026-04-26 21:00:58.284 - INFO - message_handler - 📩 收到私聊消息 | user_id:  | 内容：
2026-04-26 21:01:58.281 - INFO - message_handler - 📩 收到私聊消息 | user_id:  | 内容：
2026-04-26 21:02:58.282 - INFO - message_handler - 📩 收到私聊消息 | user_id:  | 内容：
2026-04-26 21:03:58.284 - INFO - message_handler - 📩 收到私聊消息 | user_id:  | 内容：
2026-04-26 21:04:58.283 - INFO - message_handler - 📩 收到私聊消息 | user_id:  | 内容：
2026-04-26 21:05:58.287 - INFO - message_handler - 📩 收到私聊消息 | user_id:  | 内容：
2026-04-26 21:06:58.286 - INFO - message_handler - 📩 收到私聊消息 | user_id:  | 内容：
2026-04-26 21:07:58.285 - INFO - message_handler - 📩 收到私聊消息 | user_id:  | 内容：
2026-04-26 21:08:58.284 - INFO - message_handler - 📩 收到私聊消息 | user_id:  | 内容：
2026-04-26 21:09:58.290 - INFO - message_handler - 📩 收到私聊消息 | user_id:  | 内容：
2026-04-26 21:10:58.287 - INFO - message_handler - 📩 收到私聊消息 | user_id:  | 内容：
2026-04-26 21:11:58.285 - INFO - message_handler - 📩 收到私聊消息 | user_id:  | 内容：
2026-04-26 21:12:58.287 - INFO - message_handler - 📩 收到私聊消息 | user_id:  | 内容：
2026-04-26 21:13:58.293 - INFO - message_handler - 📩 收到私聊消息 | user_id:  | 内容：
2026-04-26 21:14:58.286 - INFO - message_handler - 📩 收到私聊消息 | user_id:  | 内容：
2026-04-26 21:15:58.294 - INFO - message_handler - 📩 收到私聊消息 | user_id:  | 内容：
2026-04-26 21:16:58.288 - INFO - message_handler - 📩 收到私聊消息 | user_id:  | 内容：
2026-04-26 21:17:58.287 - INFO - message_handler - 📩 收到私聊消息 | user_id:  | 内容：
2026-04-26 21:18:58.287 - INFO - message_handler - 📩 收到私聊消息 | user_id:  | 内容：
2026-04-26 21:19:58.291 - INFO - message_handler - 📩 收到私聊消息 | user_id:  | 内容：
2026-04-26 21:20:58.288 - INFO - message_handler - 📩 收到私聊消息 | user_id:  | 内容：
2026-04-26 21:21:58.291 - INFO - message_handler - 📩 收到私聊消息 | user_id:  | 内容：
2026-04-26 21:22:58.297 - INFO - message_handler - 📩 收到私聊消息 | user_id:  | 内容：
2026-04-26 21:23:58.293 - INFO - message_handler - 📩 收到私聊消息 | user_id:  | 内容：
2026-04-26 21:24:58.292 - INFO - message_handler - 📩 收到私聊消息 | user_id:  | 内容：
2026-04-26 21:25:58.308 - INFO - message_handler - 📩 收到私聊消息 | user_id:  | 内容：
2026-04-26 21:26:58.292 - INFO - message_handler - 📩 收到私聊消息 | user_id:  | 内容：
2026-04-26 21:27:58.293 - INFO - message_handler - 📩 收到私聊消息 | user_id:  | 内容：
2026-04-26 21:28:58.294 - INFO - message_handler - 📩 收到私聊消息 | user_id:  | 内容：
2026-04-26 21:29:58.294 - INFO - message_handler - 📩 收到私聊消息 | user_id:  | 内容：
2026-04-26 21:30:58.295 - INFO - message_handler - 📩 收到私聊消息 | user_id:  | 内容：
2026-04-26 21:31:40.222 - INFO - message_handler - 📩 收到群消息 | group_id: 733890551 | user_id: 3436642268 | 内容：有了
2026-04-26 21:31:58.296 - INFO - message_handler - 📩 收到私聊消息 | user_id:  | 内容：
2026-04-26 21:32:29.958 - INFO - message_handler - 📩 收到群消息 | group_id: 733890551 | user_id: 2707835027 | 内容：wow谢谢
2026-04-26 21:32:58.296 - INFO - message_handler - 📩 收到私聊消息 | user_id:  | 内容：
2026-04-26 21:33:58.297 - INFO - message_handler - 📩 收到私聊消息 | user_id:  | 内容：
2026-04-26 21:34:58.300 - INFO - message_handler - 📩 收到私聊消息 | user_id:  | 内容：
2026-04-26 21:35:58.299 - INFO - message_handler - 📩 收到私聊消息 | user_id:  | 内容：
2026-04-26 21:36:15.691 - INFO - server_monitor - 📈 2026-04-26 最高在线：4 → 6人
2026-04-26 21:36:58.300 - INFO - message_handler - 📩 收到私聊消息 | user_id:  | 内容：
2026-04-26 21:37:58.301 - INFO - message_handler - 📩 收到私聊消息 | user_id:  | 内容：
2026-04-26 21:38:58.302 - INFO - message_handler - 📩 收到私聊消息 | user_id:  | 内容：
2026-04-26 21:39:58.302 - INFO - message_handler - 📩 收到私聊消息 | user_id:  | 内容：
2026-04-26 21:40:58.302 - INFO - message_handler - 📩 收到私聊消息 | user_id:  | 内容：
2026-04-26 21:41:58.304 - INFO - message_handler - 📩 收到私聊消息 | user_id:  | 内容：
2026-04-26 21:42:58.303 - INFO - message_handler - 📩 收到私聊消息 | user_id:  | 内容：
2026-04-26 21:43:58.311 - INFO - message_handler - 📩 收到私聊消息 | user_id:  | 内容：
2026-04-26 21:44:58.305 - INFO - message_handler - 📩 收到私聊消息 | user_id:  | 内容：
2026-04-26 21:45:58.305 - INFO - message_handler - 📩 收到私聊消息 | user_id:  | 内容：
2026-04-26 21:46:58.311 - INFO - message_handler - 📩 收到私聊消息 | user_id:  | 内容：
2026-04-26 21:47:58.306 - INFO - message_handler - 📩 收到私聊消息 | user_id:  | 内容：
2026-04-26 21:48:58.310 - INFO - message_handler - 📩 收到私聊消息 | user_id:  | 内容：
2026-04-26 21:49:58.312 - INFO - message_handler - 📩 收到私聊消息 | user_id:  | 内容：
2026-04-26 21:50:58.308 - INFO - message_handler - 📩 收到私聊消息 | user_id:  | 内容：
2026-04-26 21:51:58.310 - INFO - message_handler - 📩 收到私聊消息 | user_id:  | 内容：
2026-04-26 21:52:58.312 - INFO - message_handler - 📩 收到私聊消息 | user_id:  | 内容：
2026-04-26 21:53:58.310 - INFO - message_handler - 📩 收到私聊消息 | user_id:  | 内容：
2026-04-26 21:54:58.310 - INFO - message_handler - 📩 收到私聊消息 | user_id:  | 内容：
2026-04-26 21:55:58.309 - INFO - message_handler - 📩 收到私聊消息 | user_id:  | 内容：
2026-04-26 21:56:58.310 - INFO - message_handler - 📩 收到私聊消息 | user_id:  | 内容：
2026-04-26 21:57:58.309 - INFO - message_handler - 📩 收到私聊消息 | user_id:  | 内容：
2026-04-26 21:58:58.309 - INFO - message_handler - 📩 收到私聊消息 | user_id:  | 内容：
2026-04-26 21:59:58.310 - INFO - message_handler - 📩 收到私聊消息 | user_id:  | 内容：
2026-04-26 22:00:58.310 - INFO - message_handler - 📩 收到私聊消息 | user_id:  | 内容：
2026-04-26 22:01:50.370 - INFO - message_handler - 📩 收到群消息 | group_id: 733890551 | user_id: 3574177807 | 内容：[CQ:at,qq=2707835027,name=天依啦一只] 不好意思我家停电了刚才
2026-04-26 22:01:58.311 - INFO - message_handler - 📩 收到私聊消息 | user_id:  | 内容：
2026-04-26 22:02:02.034 - INFO - message_handler - 📩 收到群消息 | group_id: 733890551 | user_id: 2707835027 | 内容：[CQ:reply,id=-17508598][CQ:at,qq=3574177807,name=梓
2026-04-26 22:02:58.311 - INFO - message_handler - 📩 收到私聊消息 | user_id:  | 内容：
2026-04-26 22:03:58.316 - INFO - message_handler - 📩 收到私聊消息 | user_id:  | 内容：
2026-04-26 22:04:02.989 - INFO - message_handler - 📩 收到群消息 | group_id: 733890551 | user_id: 177471451 | 内容：家里云？
2026-04-26 22:04:21.768 - INFO - message_handler - 📩 收到群消息 | group_id: 733890551 | user_id: 177471451 | 内容：不会限上传吗
2026-04-26 22:04:58.313 - INFO - message_handler - 📩 收到私聊消息 | user_id:  | 内容：
2026-04-26 22:05:58.314 - INFO - message_handler - 📩 收到私聊消息 | user_id:  | 内容：
2026-04-26 22:06:58.313 - INFO - message_handler - 📩 收到私聊消息 | user_id:  | 内容：
2026-04-26 22:07:58.324 - INFO - message_handler - 📩 收到私聊消息 | user_id:  | 内容：
2026-04-26 22:08:48.156 - WARNING - server_monitor - ⏱️ 172.17.0.1:25567 玩家列表超时
2026-04-26 22:08:58.315 - INFO - message_handler - 📩 收到私聊消息 | user_id:  | 内容：
2026-04-26 22:09:05.867 - WARNING - server_monitor - ⏱️ 172.17.0.1:25567 玩家列表超时
2026-04-26 22:09:58.315 - INFO - message_handler - 📩 收到私聊消息 | user_id:  | 内容：
2026-04-26 22:10:58.314 - INFO - message_handler - 📩 收到私聊消息 | user_id:  | 内容：
2026-04-26 22:11:58.316 - INFO - message_handler - 📩 收到私聊消息 | user_id:  | 内容：
2026-04-26 22:12:58.316 - INFO - message_handler - 📩 收到私聊消息 | user_id:  | 内容：
2026-04-26 22:13:58.317 - INFO - message_handler - 📩 收到私聊消息 | user_id:  | 内容：
2026-04-26 22:14:58.316 - INFO - message_handler - 📩 收到私聊消息 | user_id:  | 内容：
2026-04-26 22:15:18.984 - WARNING - api_client - ❌ 服务器 ef7c08f2d6ca41f2a465631a064b47e5 MCSM API 重试5次后仍失败，将回退至 Minecraft 协议 | ClientResponseError: 521, message='HTTP 521', url='https://server-backend.mooire.top/api/instance?daemonId=85f05f4168334f
2026-04-26 22:15:18.999 - WARNING - api_client - ❌ 服务器 ef7c08f2d6ca41f2a465631a064b47e5 重试5次后仍失败 | ClientResponseError: 521, message='HTTP 521', url='https://server-backend.mooire.top/api/instance?daemonId=85f05f4168334f
2026-04-26 22:15:30.154 - INFO - message_handler - 📩 收到群消息 | group_id: 967883781 | user_id: 3574177807 | 内容：what the fuck
2026-04-26 22:15:58.317 - INFO - message_handler - 📩 收到私聊消息 | user_id:  | 内容：
2026-04-26 22:16:58.318 - INFO - message_handler - 📩 收到私聊消息 | user_id:  | 内容：
2026-04-26 22:17:09.597 - INFO - message_handler - 📩 收到群消息 | group_id: 967883781 | user_id: 2707835027 | 内容：大微服务延迟，比山海关更高
2026-04-26 22:17:58.319 - INFO - message_handler - 📩 收到私聊消息 | user_id:  | 内容：
2026-04-26 22:18:58.319 - INFO - message_handler - 📩 收到私聊消息 | user_id:  | 内容：
2026-04-26 22:19:58.318 - INFO - message_handler - 📩 收到私聊消息 | user_id:  | 内容：
2026-04-26 22:20:58.321 - INFO - message_handler - 📩 收到私聊消息 | user_id:  | 内容：
2026-04-26 22:21:58.323 - INFO - message_handler - 📩 收到私聊消息 | user_id:  | 内容：
2026-04-26 22:22:58.320 - INFO - message_handler - 📩 收到私聊消息 | user_id:  | 内容：
2026-04-26 22:23:58.319 - INFO - message_handler - 📩 收到私聊消息 | user_id:  | 内容：
2026-04-26 22:24:58.319 - INFO - message_handler - 📩 收到私聊消息 | user_id:  | 内容：
2026-04-26 22:25:32.255 - INFO - message_handler - 📩 收到群消息 | group_id: 733890551 | user_id: 2079390238 | 内容：[CQ:reply,id=1898359529][CQ:at,qq=177471451,name=R
2026-04-26 22:25:46.613 - INFO - message_handler - 📩 收到群消息 | group_id: 733890551 | user_id: 2079390238 | 内容：其次停电了回不来消息
2026-04-26 22:25:58.320 - INFO - message_handler - 📩 收到私聊消息 | user_id:  | 内容：
2026-04-26 22:26:06.966 - INFO - message_handler - 📩 收到群消息 | group_id: 733890551 | user_id: 3181870748 | 内容：[CQ:at,qq=3574177807,name=梓栀寒] 我的mysql还在用吗
2026-04-26 22:26:58.320 - INFO - message_handler - 📩 收到私聊消息 | user_id:  | 内容：
2026-04-26 22:27:03.788 - INFO - message_handler - 📩 收到群消息 | group_id: 733890551 | user_id: 3181870748 | 内容：不知道睡没睡觉
2026-04-26 22:27:58.321 - INFO - message_handler - 📩 收到私聊消息 | user_id:  | 内容：
2026-04-26 22:28:58.322 - INFO - message_handler - 📩 收到私聊消息 | user_id:  | 内容：
2026-04-26 22:29:58.322 - INFO - message_handler - 📩 收到私聊消息 | user_id:  | 内容：
2026-04-26 22:30:58.323 - INFO - message_handler - 📩 收到私聊消息 | user_id:  | 内容：
2026-04-26 22:31:58.324 - INFO - message_handler - 📩 收到私聊消息 | user_id:  | 内容：
2026-04-26 22:32:58.336 - INFO - message_handler - 📩 收到私聊消息 | user_id:  | 内容：
2026-04-26 22:33:58.324 - INFO - message_handler - 📩 收到私聊消息 | user_id:  | 内容：
2026-04-26 22:34:58.325 - INFO - message_handler - 📩 收到私聊消息 | user_id:  | 内容：
2026-04-26 22:35:58.327 - INFO - message_handler - 📩 收到私聊消息 | user_id:  | 内容：
2026-04-26 22:36:58.335 - INFO - message_handler - 📩 收到私聊消息 | user_id:  | 内容：
2026-04-26 22:37:58.327 - INFO - message_handler - 📩 收到私聊消息 | user_id:  | 内容：
2026-04-26 22:38:58.330 - INFO - message_handler - 📩 收到私聊消息 | user_id:  | 内容：
2026-04-26 22:39:58.333 - INFO - message_handler - 📩 收到私聊消息 | user_id:  | 内容：
2026-04-26 22:40:58.484 - INFO - message_handler - 📩 收到私聊消息 | user_id:  | 内容：
2026-04-26 22:41:58.336 - INFO - message_handler - 📩 收到私聊消息 | user_id:  | 内容：
2026-04-26 22:42:58.334 - INFO - message_handler - 📩 收到私聊消息 | user_id:  | 内容：
2026-04-26 22:43:58.330 - INFO - message_handler - 📩 收到私聊消息 | user_id:  | 内容：
2026-04-26 22:44:58.334 - INFO - message_handler - 📩 收到私聊消息 | user_id:  | 内容：
2026-04-26 22:45:58.353 - INFO - message_handler - 📩 收到私聊消息 | user_id:  | 内容：
2026-04-26 22:46:58.333 - INFO - message_handler - 📩 收到私聊消息 | user_id:  | 内容：
2026-04-26 22:47:58.332 - INFO - message_handler - 📩 收到私聊消息 | user_id:  | 内容：
2026-04-26 22:48:58.337 - INFO - message_handler - 📩 收到私聊消息 | user_id:  | 内容：
2026-04-26 22:49:58.333 - INFO - message_handler - 📩 收到私聊消息 | user_id:  | 内容：
WARNING:  Invalid HTTP request received.
WARNING:  Invalid HTTP request received.
2026-04-26 22:50:58.333 - INFO - message_handler - 📩 收到私聊消息 | user_id:  | 内容：
2026-04-26 22:51:18.017 - INFO - message_handler - 📩 收到私聊消息 | user_id:  | 内容：
WARNING:  Invalid HTTP request received.
2026-04-26 22:51:58.349 - INFO - message_handler - 📩 收到私聊消息 | user_id:  | 内容：
2026-04-26 22:52:58.331 - INFO - message_handler - 📩 收到私聊消息 | user_id:  | 内容：
2026-04-26 22:53:58.334 - INFO - message_handler - 📩 收到私聊消息 | user_id:  | 内容：
2026-04-26 22:54:58.543 - INFO - message_handler - 📩 收到私聊消息 | user_id:  | 内容：
2026-04-26 22:55:58.342 - INFO - message_handler - 📩 收到私聊消息 | user_id:  | 内容：
2026-04-26 22:56:58.498 - INFO - message_handler - 📩 收到私聊消息 | user_id:  | 内容：
2026-04-26 22:57:58.343 - INFO - message_handler - 📩 收到私聊消息 | user_id:  | 内容：
2026-04-26 22:58:01.828 - INFO - message_handler - 📩 收到群消息 | group_id: 733890551 | user_id: 2707835027 | 内容：！！！bu7！！！！！！
2026-04-26 22:58:58.339 - INFO - message_handler - 📩 收到私聊消息 | user_id:  | 内容：
2026-04-26 22:59:58.341 - INFO - message_handler - 📩 收到私聊消息 | user_id:  | 内容：
2026-04-26 23:00:58.424 - INFO - message_handler - 📩 收到私聊消息 | user_id:  | 内容：
2026-04-26 23:01:58.343 - INFO - message_handler - 📩 收到私聊消息 | user_id:  | 内容：
2026-04-26 23:02:58.343 - INFO - message_handler - 📩 收到私聊消息 | user_id:  | 内容：
2026-04-26 23:03:58.344 - INFO - message_handler - 📩 收到私聊消息 | user_id:  | 内容：
2026-04-26 23:04:58.342 - INFO - message_handler - 📩 收到私聊消息 | user_id:  | 内容：
2026-04-26 23:05:58.357 - INFO - message_handler - 📩 收到私聊消息 | user_id:  | 内容：
2026-04-26 23:06:58.348 - INFO - message_handler - 📩 收到私聊消息 | user_id:  | 内容：
2026-04-26 23:07:58.384 - INFO - message_handler - 📩 收到私聊消息 | user_id:  | 内容：
2026-04-26 23:08:58.348 - INFO - message_handler - 📩 收到私聊消息 | user_id:  | 内容：
2026-04-26 23:09:58.349 - INFO - message_handler - 📩 收到私聊消息 | user_id:  | 内容：
2026-04-26 23:10:58.349 - INFO - message_handler - 📩 收到私聊消息 | user_id:  | 内容：
2026-04-26 23:11:58.354 - INFO - message_handler - 📩 收到私聊消息 | user_id:  | 内容：
2026-04-26 23:12:58.351 - INFO - message_handler - 📩 收到私聊消息 | user_id:  | 内容：
2026-04-26 23:13:58.350 - INFO - message_handler - 📩 收到私聊消息 | user_id:  | 内容：
2026-04-26 23:14:58.343 - INFO - message_handler - 📩 收到私聊消息 | user_id:  | 内容：
2026-04-26 23:15:58.344 - INFO - message_handler - 📩 收到私聊消息 | user_id:  | 内容：
2026-04-26 23:16:58.359 - INFO - message_handler - 📩 收到私聊消息 | user_id:  | 内容：
2026-04-26 23:17:58.353 - INFO - message_handler - 📩 收到私聊消息 | user_id:  | 内容：
2026-04-26 23:18:58.353 - INFO - message_handler - 📩 收到私聊消息 | user_id:  | 内容：
2026-04-26 23:19:58.353 - INFO - message_handler - 📩 收到私聊消息 | user_id:  | 内容：
2026-04-26 23:20:58.348 - INFO - message_handler - 📩 收到私聊消息 | user_id:  | 内容：
2026-04-26 23:21:58.352 - INFO - message_handler - 📩 收到私聊消息 | user_id:  | 内容：
2026-04-26 23:22:58.355 - INFO - message_handler - 📩 收到私聊消息 | user_id:  | 内容：
2026-04-26 23:23:58.355 - INFO - message_handler - 📩 收到私聊消息 | user_id:  | 内容：
2026-04-26 23:24:58.351 - INFO - message_handler - 📩 收到私聊消息 | user_id:  | 内容：
2026-04-26 23:25:58.352 - INFO - message_handler - 📩 收到私聊消息 | user_id:  | 内容：
2026-04-26 23:26:58.354 - INFO - message_handler - 📩 收到私聊消息 | user_id:  | 内容：
2026-04-26 23:27:08.986 - INFO - message_handler - 📩 收到群消息 | group_id: 733890551 | user_id: 2029626166 | 内容：😋
2026-04-26 23:27:18.190 - INFO - message_handler - 📩 收到群消息 | group_id: 733890551 | user_id: 2029626166 | 内容：终于把死亡笔记看完了
2026-04-26 23:27:25.611 - INFO - message_handler - 📩 收到群消息 | group_id: 733890551 | user_id: 2707835027 | 内容：我的男宠cdoyx不理我了
2026-04-26 23:27:33.027 - INFO - message_handler - 📩 收到群消息 | group_id: 733890551 | user_id: 2029626166 | 内容：真是大受震撼😋
2026-04-26 23:27:40.872 - INFO - message_handler - 📩 收到群消息 | group_id: 733890551 | user_id: 3181870748 | 内容：高考完咱们再好好玩
2026-04-26 23:27:47.854 - INFO - message_handler - 📩 收到群消息 | group_id: 733890551 | user_id: 3181870748 | 内容：哈哈哈，还有40天了
2026-04-26 23:27:58.352 - INFO - message_handler - 📩 收到私聊消息 | user_id:  | 内容：
2026-04-26 23:28:02.901 - INFO - message_handler - 📩 收到群消息 | group_id: 733890551 | user_id: 2029626166 | 内容：bu7也是高三？
2026-04-26 23:28:08.404 - INFO - message_handler - 📩 收到群消息 | group_id: 733890551 | user_id: 2707835027 | 内容：对
2026-04-26 23:28:13.018 - INFO - message_handler - 📩 收到群消息 | group_id: 733890551 | user_id: 2029626166 | 内容：wow
2026-04-26 23:28:27.143 - INFO - message_handler - 📩 收到群消息 | group_id: 733890551 | user_id: 2029626166 | 内容：我还以为都工作了
2026-04-26 23:28:36.305 - INFO - message_handler - 📩 收到群消息 | group_id: 733890551 | user_id: 2029626166 | 内容：[CQ:image,file=94584C1F2255F3F38BA31D535F1D95A7.jp
2026-04-26 23:28:36.823 - INFO - message_handler - 📩 收到群消息 | group_id: 733890551 | user_id: 2707835027 | 内容：[CQ:reply,id=-938831682][CQ:at,qq=2029626166,name=
2026-04-26 23:28:53.948 - INFO - message_handler - 📩 收到群消息 | group_id: 733890551 | user_id: 2707835027 | 内容：你将要受尽社会的摧残哈哈哈哈哈
2026-04-26 23:28:58.352 - INFO - message_handler - 📩 收到私聊消息 | user_id:  | 内容：
2026-04-26 23:29:01.219 - INFO - message_handler - 📩 收到群消息 | group_id: 733890551 | user_id: 2707835027 | 内容：lllllllllllllllllllllll[CQ:at,qq=2029626166,name=未
2026-04-26 23:29:12.343 - INFO - message_handler - 📩 收到群消息 | group_id: 733890551 | user_id: 2029626166 | 内容：我说工作没有上学难😋
2026-04-26 23:29:22.681 - INFO - message_handler - 📩 收到群消息 | group_id: 733890551 | user_id: 2707835027 | 内容：不好说
2026-04-26 23:29:58.353 - INFO - message_handler - 📩 收到私聊消息 | user_id:  | 内容：
2026-04-26 23:30:25.109 - INFO - message_handler - 📩 收到群消息 | group_id: 733890551 | user_id: 2029626166 | 内容：学校敢一月只放半天假，他公司还敢这样吗😋
2026-04-26 23:30:53.390 - INFO - message_handler - 📩 收到群消息 | group_id: 733890551 | user_id: 2707835027 | 内容：等你工作了早忘高中咋样了
2026-04-26 23:30:58.353 - INFO - message_handler - 📩 收到私聊消息 | user_id:  | 内容：
2026-04-26 23:31:11.444 - INFO - message_handler - 📩 收到群消息 | group_id: 733890551 | user_id: 2707835027 | 内容：只会想起大学没有早八一觉睡到天亮的幸福生活
2026-04-26 23:31:20.256 - INFO - message_handler - 📩 收到群消息 | group_id: 733890551 | user_id: 2029626166 | 内容：我也希望我能忘掉
2026-04-26 23:31:58.353 - INFO - message_handler - 📩 收到私聊消息 | user_id:  | 内容：
2026-04-26 23:32:08.696 - INFO - message_handler - 📩 收到群消息 | group_id: 733890551 | user_id: 2029626166 | 内容：但我现在做梦还是那时候的破事，就算再久我真能忘了吗
2026-04-26 23:32:13.770 - INFO - message_handler - 📩 收到群消息 | group_id: 733890551 | user_id: 2029626166 | 内容：[CQ:image,file=1CBBDE660BF826D0271BEA007CC51908.jp
2026-04-26 23:32:25.231 - INFO - message_handler - 📩 收到群消息 | group_id: 733890551 | user_id: 2707835027 | 内容：按alt➕f4重开
2026-04-26 23:32:58.354 - INFO - message_handler - 📩 收到私聊消息 | user_id:  | 内容：
2026-04-26 23:33:58.354 - INFO - message_handler - 📩 收到私聊消息 | user_id:  | 内容：
2026-04-26 23:34:58.353 - INFO - message_handler - 📩 收到私聊消息 | user_id:  | 内容：
2026-04-26 23:35:58.353 - INFO - message_handler - 📩 收到私聊消息 | user_id:  | 内容：
2026-04-26 23:36:58.353 - INFO - message_handler - 📩 收到私聊消息 | user_id:  | 内容：
2026-04-26 23:37:58.354 - INFO - message_handler - 📩 收到私聊消息 | user_id:  | 内容：
2026-04-26 23:38:58.356 - INFO - message_handler - 📩 收到私聊消息 | user_id:  | 内容：
2026-04-26 23:39:58.357 - INFO - message_handler - 📩 收到私聊消息 | user_id:  | 内容：
2026-04-26 23:40:30.082 - INFO - message_handler - 📩 收到群消息 | group_id: 733890551 | user_id: 2029626166 | 内容：来点乐子
2026-04-26 23:40:51.703 - INFO - message_handler - 📩 收到群消息 | group_id: 733890551 | user_id: 2029626166 | 内容：看完死亡笔记不知道该干啥了😋
2026-04-26 23:40:57.475 - INFO - message_handler - 📩 收到群消息 | group_id: 733890551 | user_id: 2707835027 | 内容：[CQ:reply,id=-760162219]用伞的时候把俩荔枝也装进去[CQ:at,qq=202
2026-04-26 23:40:58.355 - INFO - message_handler - 📩 收到私聊消息 | user_id:  | 内容：
2026-04-26 23:41:38.256 - INFO - message_handler - 📩 收到群消息 | group_id: 733890551 | user_id: 2029626166 | 内容：[CQ:image,file=9ED425C5B399041DA2E9D0EA8C4FD7B7.jp
2026-04-26 23:41:58.358 - INFO - message_handler - 📩 收到私聊消息 | user_id:  | 内容：
2026-04-26 23:42:58.359 - INFO - message_handler - 📩 收到私聊消息 | user_id:  | 内容：
2026-04-26 23:43:15.448 - INFO - message_handler - 📩 收到群消息 | group_id: 733890551 | user_id: 2707835027 | 内容：[CQ:at,qq=2029626166,name=未回复请@] 到你给我乐子了
2026-04-26 23:43:51.357 - INFO - message_handler - 📩 收到群消息 | group_id: 967883781 | user_id: 3275298970 | 内容：/fuck 1d
2026-04-26 23:43:51.358 - INFO - message_handler - 🔍 收到词云命令 | group_id: 967883781 | 内容：/fuck 1d
2026-04-26 23:43:51.364 - INFO - message_handler - 🚀 开始任务：/fuck 词云 (最近 1 天)
2026-04-26 23:43:51.365 - INFO - message_handler - ⏱️ [1/3] 获取群消息 | 耗时：0.72ms
2026-04-26 23:43:51.924 - INFO - message_handler - ⏱️ [2/3] 生成词云图 | 耗时：559.69ms
2026-04-26 23:43:54.292 - INFO - wordcloud_generator - ✅ 词云生成完成 | 词数：25 | 大小：136.2KB | 耗时：2363.0ms
2026-04-26 23:43:54.294 - INFO - message_handler - ⏱️ [3/3] 发送词云图 | 耗时：2370.27ms
2026-04-26 23:43:57.483 - INFO - message_sender - ✅ 群图片发送完成 | group: 967883781 | status_code: 200
2026-04-26 23:43:57.484 - INFO - message_handler - 📊 任务完成：/fuck 词云 (最近 1 天) | 总耗时：6120.56ms | 范围：最近 1 天 | 消息数：21
2026-04-26 23:43:58.357 - INFO - message_handler - 📩 收到私聊消息 | user_id:  | 内容：
2026-04-26 23:44:18.489 - INFO - message_handler - 📩 收到群消息 | group_id: 967883781 | user_id: 2707835027 | 内容：/fuck 1m
2026-04-26 23:44:18.490 - INFO - message_handler - 🔍 收到词云命令 | group_id: 967883781 | 内容：/fuck 1m
2026-04-26 23:44:18.494 - INFO - message_handler - 🚀 开始任务：/fuck 词云 (最近 1 分钟)
2026-04-26 23:44:18.494 - INFO - message_handler - ⏱️ [1/3] 获取群消息 | 耗时：0.12ms
2026-04-26 23:44:18.497 - INFO - message_handler - ⏱️ [2/3] 生成词云图 | 耗时：2.93ms
2026-04-26 23:44:19.580 - INFO - wordcloud_generator - ✅ 词云生成完成 | 词数：3 | 大小：31.3KB | 耗时：1082.6ms
2026-04-26 23:44:19.581 - INFO - message_handler - ⏱️ [3/3] 发送词云图 | 耗时：1083.36ms
2026-04-26 23:44:20.499 - INFO - message_sender - ✅ 群图片发送完成 | group: 967883781 | status_code: 200
2026-04-26 23:44:20.500 - INFO - message_handler - 📊 任务完成：/fuck 词云 (最近 1 分钟) | 总耗时：2005.99ms | 范围：最近 1 分钟 | 消息数：2
2026-04-26 23:44:28.207 - INFO - message_handler - 📩 收到群消息 | group_id: 967883781 | user_id: 2707835027 | 内容：/fuck 1mm
2026-04-26 23:44:28.209 - INFO - message_handler - 🔍 收到词云命令 | group_id: 967883781 | 内容：/fuck 1mm
2026-04-26 23:44:28.516 - INFO - message_sender - ✅ 群消息发送完成 | group: 967883781 | status_code: 200 | 耗时：304.13ms
2026-04-26 23:44:38.392 - INFO - message_handler - 📩 收到群消息 | group_id: 967883781 | user_id: 2707835027 | 内容：/fuck 30d
2026-04-26 23:44:38.393 - INFO - message_handler - 🔍 收到词云命令 | group_id: 967883781 | 内容：/fuck 30d
2026-04-26 23:44:38.394 - INFO - message_handler - 🚀 开始任务：/fuck 词云 (最近 30 天)
2026-04-26 23:44:38.394 - INFO - message_handler - ⏱️ [1/3] 获取群消息 | 耗时：0.09ms
2026-04-26 23:44:38.716 - INFO - message_handler - ⏱️ [2/3] 生成词云图 | 耗时：322.25ms
2026-04-26 23:44:43.243 - INFO - message_handler - 📩 收到群消息 | group_id: 967883781 | user_id: 3275298970 | 内容：/fuck 1000d
2026-04-26 23:44:43.247 - INFO - message_handler - 🔍 收到词云命令 | group_id: 967883781 | 内容：/fuck 1000d
2026-04-26 23:44:43.248 - INFO - message_handler - 🚀 开始任务：/fuck 词云 (最近 1000 天)
2026-04-26 23:44:43.248 - INFO - message_handler - ⏱️ [1/3] 获取群消息 | 耗时：0.14ms
2026-04-26 23:44:43.549 - INFO - wordcloud_generator - ✅ 词云生成完成 | 词数：888 | 大小：294.5KB | 耗时：4832.5ms
2026-04-26 23:44:43.549 - INFO - message_handler - ⏱️ [3/3] 发送词云图 | 耗时：4833.28ms
2026-04-26 23:44:43.727 - INFO - message_handler - ⏱️ [2/3] 生成词云图 | 耗时：479.09ms
2026-04-26 23:44:45.245 - INFO - message_sender - ✅ 群图片发送完成 | group: 967883781 | status_code: 200
2026-04-26 23:44:45.246 - INFO - message_handler - 📊 任务完成：/fuck 词云 (最近 30 天) | 总耗时：6852.42ms | 范围：最近 30 天 | 消息数：916
2026-04-26 23:44:46.323 - INFO - wordcloud_generator - ✅ 词云生成完成 | 词数：3845 | 大小：299.2KB | 耗时：2596.3ms
2026-04-26 23:44:46.324 - INFO - message_handler - ⏱️ [3/3] 发送词云图 | 耗时：2597.58ms
2026-04-26 23:44:47.536 - INFO - message_sender - ✅ 群图片发送完成 | group: 967883781 | status_code: 200
2026-04-26 23:44:47.536 - INFO - message_handler - 📊 任务完成：/fuck 词云 (最近 1000 天) | 总耗时：4288.68ms | 范围：最近 1000 天 | 消息数：5752
2026-04-26 23:44:54.996 - INFO - message_handler - 📩 收到群消息 | group_id: 967883781 | user_id: 2707835027 | 内容：[CQ:reply,id=-1493536899][CQ:at,qq=3275298970,name
2026-04-26 23:44:58.357 - INFO - message_handler - 📩 收到私聊消息 | user_id:  | 内容：
2026-04-26 23:45:06.311 - INFO - message_handler - 📩 收到群消息 | group_id: 967883781 | user_id: 2902166062 | 内容：/fuck 30000d
2026-04-26 23:45:06.312 - INFO - message_handler - 🔍 收到词云命令 | group_id: 967883781 | 内容：/fuck 30000d
2026-04-26 23:45:06.312 - INFO - message_handler - 🚀 开始任务：/fuck 词云 (最近 30000 天)
2026-04-26 23:45:06.312 - INFO - message_handler - ⏱️ [1/3] 获取群消息 | 耗时：0.08ms
2026-04-26 23:45:06.447 - INFO - message_handler - ⏱️ [2/3] 生成词云图 | 耗时：134.82ms
2026-04-26 23:45:07.401 - INFO - wordcloud_generator - ✅ 词云生成完成 | 词数：3848 | 大小：293.0KB | 耗时：953.5ms
2026-04-26 23:45:07.401 - INFO - message_handler - ⏱️ [3/3] 发送词云图 | 耗时：954.49ms
2026-04-26 23:45:09.144 - INFO - message_handler - 📩 收到群消息 | group_id: 967883781 | user_id: 3275298970 | 内容：/fuck 30000d
2026-04-26 23:45:09.145 - INFO - message_handler - 🔍 收到词云命令 | group_id: 967883781 | 内容：/fuck 30000d
2026-04-26 23:45:09.145 - INFO - message_handler - 🚀 开始任务：/fuck 词云 (最近 30000 天)
2026-04-26 23:45:09.145 - INFO - message_handler - ⏱️ [1/3] 获取群消息 | 耗时：0.16ms
2026-04-26 23:45:09.224 - INFO - message_handler - ⏱️ [2/3] 生成词云图 | 耗时：78.84ms
2026-04-26 23:45:09.256 - INFO - message_sender - ✅ 群图片发送完成 | group: 967883781 | status_code: 200
2026-04-26 23:45:09.272 - INFO - message_handler - 📊 任务完成：/fuck 词云 (最近 30000 天) | 总耗时：2960.60ms | 范围：最近 30000 天 | 消息数：5754
2026-04-26 23:45:10.243 - INFO - wordcloud_generator - ✅ 词云生成完成 | 词数：3848 | 大小：302.2KB | 耗时：1018.4ms
2026-04-26 23:45:10.244 - INFO - message_handler - ⏱️ [3/3] 发送词云图 | 耗时：1019.54ms
2026-04-26 23:45:11.765 - INFO - message_sender - ✅ 群图片发送完成 | group: 967883781 | status_code: 200
2026-04-26 23:45:11.766 - INFO - message_handler - 📊 任务完成：/fuck 词云 (最近 30000 天) | 总耗时：2620.43ms | 范围：最近 30000 天 | 消息数：5755
2026-04-26 23:45:13.057 - INFO - message_handler - 📩 收到群消息 | group_id: 967883781 | user_id: 2707835027 | 内容：？？？？？？？？？？❓❓❓❓
2026-04-26 23:45:26.528 - INFO - message_handler - 📩 收到群消息 | group_id: 967883781 | user_id: 3275298970 | 内容：/fuck 1s
2026-04-26 23:45:26.530 - INFO - message_handler - 🔍 收到词云命令 | group_id: 967883781 | 内容：/fuck 1s
2026-04-26 23:45:26.530 - INFO - message_handler - 🚀 开始任务：/fuck 词云 (最近 1 秒)
2026-04-26 23:45:26.530 - INFO - message_handler - ⏱️ [1/3] 获取群消息 | 耗时：0.13ms
2026-04-26 23:45:26.533 - INFO - message_handler - ⏱️ [2/3] 生成词云图 | 耗时：2.95ms
2026-04-26 23:45:26.550 - INFO - wordcloud_generator - ✅ 词云生成完成 | 词数：2 | 大小：27.3KB | 耗时：16.9ms
2026-04-26 23:45:26.551 - INFO - message_handler - ⏱️ [3/3] 发送词云图 | 耗时：18.11ms
2026-04-26 23:45:27.525 - INFO - message_sender - ✅ 群图片发送完成 | group: 967883781 | status_code: 200
2026-04-26 23:45:27.527 - INFO - message_handler - 📊 任务完成：/fuck 词云 (最近 1 秒) | 总耗时：996.84ms | 范围：最近 1 秒 | 消息数：1
2026-04-26 23:45:32.574 - INFO - message_handler - 📩 收到群消息 | group_id: 967883781 | user_id: 2707835027 | 内容：/fuck 1000000y
2026-04-26 23:45:32.576 - INFO - message_handler - 🔍 收到词云命令 | group_id: 967883781 | 内容：/fuck 1000000y
2026-04-26 23:45:33.061 - INFO - message_sender - ✅ 群消息发送完成 | group: 967883781 | status_code: 200 | 耗时：485.32ms
2026-04-26 23:45:40.449 - INFO - message_handler - 📩 收到群消息 | group_id: 967883781 | user_id: 2707835027 | 内容：/fuck 999999999999999d
2026-04-26 23:45:40.451 - INFO - message_handler - 🔍 收到词云命令 | group_id: 967883781 | 内容：/fuck 999999999999999d
2026-04-26 23:45:40.451 - INFO - message_handler - 🚀 开始任务：/fuck 词云 (最近 999999999999999 天)
2026-04-26 23:45:40.452 - INFO - message_handler - ⏱️ [1/3] 获取群消息 | 耗时：0.40ms
2026-04-26 23:45:40.454 - ERROR - database - ❌ 获取群消息区间失败 | Python int too large to convert to SQLite INTEGER
Traceback (most recent call last):
  File "/www/wwwroot/qqbot/database.py", line 373, in get_group_messages_range
    rows = conn.execute(
OverflowError: Python int too large to convert to SQLite INTEGER
2026-04-26 23:45:40.930 - INFO - message_sender - ✅ 群消息发送完成 | group: 967883781 | status_code: 200 | 耗时：416.57ms
2026-04-26 23:45:51.171 - INFO - message_handler - 📩 收到群消息 | group_id: 967883781 | user_id: 2707835027 | 内容：/fuck 999999d
2026-04-26 23:45:51.172 - INFO - message_handler - 🔍 收到词云命令 | group_id: 967883781 | 内容：/fuck 999999d
2026-04-26 23:45:51.172 - INFO - message_handler - 🚀 开始任务：/fuck 词云 (最近 999999 天)
2026-04-26 23:45:51.172 - INFO - message_handler - ⏱️ [1/3] 获取群消息 | 耗时：0.09ms
2026-04-26 23:45:51.182 - INFO - message_handler - ⏱️ [2/3] 生成词云图 | 耗时：9.85ms
2026-04-26 23:45:52.113 - INFO - wordcloud_generator - ✅ 词云生成完成 | 词数：3852 | 大小：299.9KB | 耗时：930.4ms
2026-04-26 23:45:52.114 - INFO - message_handler - ⏱️ [3/3] 发送词云图 | 耗时：931.42ms
2026-04-26 23:45:53.961 - INFO - message_sender - ✅ 群图片发送完成 | group: 967883781 | status_code: 200
2026-04-26 23:45:53.964 - INFO - message_handler - 📊 任务完成：/fuck 词云 (最近 999999 天) | 总耗时：2792.11ms | 范围：最近 999999 天 | 消息数：5760
2026-04-26 23:45:58.359 - INFO - message_handler - 📩 收到私聊消息 | user_id:  | 内容：
2026-04-26 23:46:15.666 - INFO - message_handler - 📩 收到群消息 | group_id: 733890551 | user_id: 2707835027 | 内容：[CQ:at,qq=2029626166,name=未回复请@] 说话
2026-04-26 23:46:28.447 - INFO - message_handler - 📩 收到群消息 | group_id: 967883781 | user_id: 3275298970 | 内容：/fuck 3s
2026-04-26 23:46:28.449 - INFO - message_handler - 🔍 收到词云命令 | group_id: 967883781 | 内容：/fuck 3s
2026-04-26 23:46:28.449 - INFO - message_handler - 🚀 开始任务：/fuck 词云 (最近 3 秒)
2026-04-26 23:46:28.449 - INFO - message_handler - ⏱️ [1/3] 获取群消息 | 耗时：0.10ms
2026-04-26 23:46:28.573 - INFO - message_handler - ⏱️ [2/3] 生成词云图 | 耗时：124.42ms
2026-04-26 23:46:28.590 - INFO - wordcloud_generator - ✅ 词云生成完成 | 词数：2 | 大小：30.6KB | 耗时：16.9ms
2026-04-26 23:46:28.591 - INFO - message_handler - ⏱️ [3/3] 发送词云图 | 耗时：17.82ms
2026-04-26 23:46:29.564 - INFO - message_sender - ✅ 群图片发送完成 | group: 967883781 | status_code: 200
2026-04-26 23:46:29.571 - INFO - message_handler - 📊 任务完成：/fuck 词云 (最近 3 秒) | 总耗时：1122.16ms | 范围：最近 3 秒 | 消息数：1
2026-04-26 23:46:58.359 - INFO - message_handler - 📩 收到私聊消息 | user_id:  | 内容：
2026-04-26 23:47:09.313 - INFO - message_handler - 📩 收到群消息 | group_id: 967883781 | user_id: 2707835027 | 内容：/fuck -1d
2026-04-26 23:47:09.314 - INFO - message_handler - 🔍 收到词云命令 | group_id: 967883781 | 内容：/fuck -1d
2026-04-26 23:47:09.541 - INFO - message_sender - ✅ 群消息发送完成 | group: 967883781 | status_code: 200 | 耗时：226.51ms
2026-04-26 23:47:55.119 - INFO - message_handler - 📩 收到群消息 | group_id: 967883781 | user_id: 3275298970 | 内容：/fuck 0s
2026-04-26 23:47:55.122 - INFO - message_handler - 🔍 收到词云命令 | group_id: 967883781 | 内容：/fuck 0s
2026-04-26 23:47:55.592 - INFO - message_sender - ✅ 群消息发送完成 | group: 967883781 | status_code: 200 | 耗时：469.20ms
2026-04-26 23:47:58.357 - INFO - message_handler - 📩 收到私聊消息 | user_id:  | 内容：
2026-04-26 23:48:58.359 - INFO - message_handler - 📩 收到私聊消息 | user_id:  | 内容：
2026-04-26 23:49:58.360 - INFO - message_handler - 📩 收到私聊消息 | user_id:  | 内容：
2026-04-26 23:50:58.360 - INFO - message_handler - 📩 收到私聊消息 | user_id:  | 内容：
2026-04-26 23:51:58.360 - INFO - message_handler - 📩 收到私聊消息 | user_id:  | 内容：
2026-04-26 23:52:58.360 - INFO - message_handler - 📩 收到私聊消息 | user_id:  | 内容：
2026-04-26 23:53:58.361 - INFO - message_handler - 📩 收到私聊消息 | user_id:  | 内容：
2026-04-26 23:54:58.361 - INFO - message_handler - 📩 收到私聊消息 | user_id:  | 内容：
2026-04-26 23:55:58.364 - INFO - message_handler - 📩 收到私聊消息 | user_id:  | 内容：
2026-04-26 23:56:00.851 - INFO - message_handler - 📩 收到群消息 | group_id: 967883781 | user_id: 2079390238 | 内容：/fuck 1s
2026-04-26 23:56:00.856 - INFO - message_handler - 🔍 收到词云命令 | group_id: 967883781 | 内容：/fuck 1s
2026-04-26 23:56:00.860 - INFO - message_handler - 🚀 开始任务：/fuck 词云 (最近 1 秒)
2026-04-26 23:56:00.860 - INFO - message_handler - ⏱️ [1/3] 获取群消息 | 耗时：0.68ms
2026-04-26 23:56:01.464 - INFO - message_handler - ⏱️ [2/3] 生成词云图 | 耗时：603.61ms
2026-04-26 23:56:03.370 - INFO - wordcloud_generator - ✅ 词云生成完成 | 词数：2 | 大小：30.3KB | 耗时：1904.9ms
2026-04-26 23:56:03.372 - INFO - message_handler - ⏱️ [3/3] 发送词云图 | 耗时：1907.66ms
2026-04-26 23:56:05.119 - INFO - message_sender - ✅ 群图片发送完成 | group: 967883781 | status_code: 200
2026-04-26 23:56:05.121 - INFO - message_handler - 📊 任务完成：/fuck 词云 (最近 1 秒) | 总耗时：4261.32ms | 范围：最近 1 秒 | 消息数：1
2026-04-26 23:56:10.849 - INFO - message_handler - 📩 收到群消息 | group_id: 967883781 | user_id: 2707835027 | 内容：[CQ:reply,id=-116272504][CQ:at,qq=2079390238,name=
2026-04-26 23:56:24.100 - INFO - message_handler - 📩 收到群消息 | group_id: 967883781 | user_id: 2079390238 | 内容：/fuck 1e1s
2026-04-26 23:56:24.102 - INFO - message_handler - 🔍 收到词云命令 | group_id: 967883781 | 内容：/fuck 1e1s
2026-04-26 23:56:24.346 - INFO - message_sender - ✅ 群消息发送完成 | group: 967883781 | status_code: 200 | 耗时：242.25ms
2026-04-26 23:56:28.984 - INFO - message_handler - 📩 收到群消息 | group_id: 967883781 | user_id: 2079390238 | 内容：[CQ:reply,id=1749249836][CQ:at,qq=2707835027,name=
2026-04-26 23:56:38.237 - INFO - message_handler - 📩 收到群消息 | group_id: 967883781 | user_id: 2707835027 | 内容：[CQ:reply,id=-794736801][CQ:at,qq=2079390238,name=
2026-04-26 23:56:58.362 - INFO - message_handler - 📩 收到私聊消息 | user_id:  | 内容：
2026-04-26 23:57:18.099 - INFO - message_handler - 📩 收到群消息 | group_id: 733890551 | user_id: 2079390238 | 内容：[CQ:reply,id=871888797][CQ:at,qq=2029626166,name=未
2026-04-26 23:57:27.915 - INFO - message_handler - 📩 收到群消息 | group_id: 967883781 | user_id: 2079390238 | 内容：昨天？
2026-04-26 23:57:37.049 - INFO - message_handler - 📩 收到群消息 | group_id: 967883781 | user_id: 2079390238 | 内容：我昨天qq不是被盗了吗
2026-04-26 23:57:37.220 - INFO - message_handler - 📩 收到群消息 | group_id: 967883781 | user_id: 2707835027 | 内容：对
2026-04-26 23:57:45.940 - INFO - message_handler - 📩 收到群消息 | group_id: 967883781 | user_id: 2902166062 | 内容：？
2026-04-26 23:57:51.740 - INFO - message_handler - 📩 收到群消息 | group_id: 967883781 | user_id: 2707835027 | 内容：秒翻脸
2026-04-26 23:57:58.362 - INFO - message_handler - 📩 收到私聊消息 | user_id:  | 内容：
2026-04-26 23:58:58.363 - INFO - message_handler - 📩 收到私聊消息 | user_id:  | 内容：
2026-04-26 23:59:50.355 - INFO - message_handler - 📩 收到群消息 | group_id: 967883781 | user_id: 2707835027 | 内容：[CQ:forward,id=7633098300078962944]
2026-04-26 23:59:58.363 - INFO - message_handler - 📩 收到私聊消息 | user_id:  | 内容：
2026-04-27 00:00:06.510 - INFO - wordcloud_generator - ✅ 词云生成完成 | 词数：238 | 大小：290.9KB | 耗时：2938.5ms
2026-04-27 00:00:08.145 - INFO - message_sender - ✅ 群图片发送完成 | group: 733890551 | status_code: 200
2026-04-27 00:00:08.147 - INFO - __main__ - ✅ 昨日词云已推送 | group: 733890551 | 消息数: 167
2026-04-27 00:00:09.657 - INFO - wordcloud_generator - ✅ 词云生成完成 | 词数：48 | 大小：168.2KB | 耗时：1320.5ms
2026-04-27 00:00:11.069 - INFO - message_sender - ✅ 群图片发送完成 | group: 967883781 | status_code: 200
2026-04-27 00:00:11.070 - INFO - __main__ - ✅ 昨日词云已推送 | group: 967883781 | 消息数: 47
2026-04-27 00:00:11.071 - INFO - __main__ - 🕛 词云任务等待 24.00h 至 2026-04-28 00:00:03
2026-04-27 00:00:33.265 - INFO - message_handler - 📩 收到群消息 | group_id: 967883781 | user_id: 2707835027 | 内容：[CQ:reply,id=746037911][CQ:at,qq=2902166062,name=w
2026-04-27 00:00:47.122 - INFO - message_handler - 📩 收到群消息 | group_id: 967883781 | user_id: 2902166062 | 内容：我看并非盗号
2026-04-27 00:00:58.364 - INFO - message_handler - 📩 收到私聊消息 | user_id:  | 内容：
2026-04-27 00:01:40.825 - INFO - message_handler - 📩 收到群消息 | group_id: 967883781 | user_id: 2707835027 | 内容：昨天给我煲电话粥两三个小时
2026-04-27 00:01:50.561 - INFO - message_handler - 📩 收到群消息 | group_id: 967883781 | user_id: 2707835027 | 内容：太可爱了
2026-04-27 00:01:53.308 - INFO - message_handler - 📩 收到群消息 | group_id: 967883781 | user_id: 2707835027 | 内容：[CQ:face,id=318,sub_type=2]
2026-04-27 00:01:58.365 - INFO - message_handler - 📩 收到私聊消息 | user_id:  | 内容：
2026-04-27 00:02:58.364 - INFO - message_handler - 📩 收到私聊消息 | user_id:  | 内容：
2026-04-27 00:03:58.364 - INFO - message_handler - 📩 收到私聊消息 | user_id:  | 内容：
2026-04-27 00:04:58.366 - INFO - message_handler - 📩 收到私聊消息 | user_id:  | 内容：
2026-04-27 00:05:49.629 - INFO - message_handler - 📩 收到群消息 | group_id: 967883781 | user_id: 3275298970 | 内容：[CQ:face,id=312,sub_type=2]
2026-04-27 00:05:58.366 - INFO - message_handler - 📩 收到私聊消息 | user_id:  | 内容：
2026-04-27 00:06:58.365 - INFO - message_handler - 📩 收到私聊消息 | user_id:  | 内容：
2026-04-27 00:07:58.369 - INFO - message_handler - 📩 收到私聊消息 | user_id:  | 内容：
2026-04-27 00:08:58.365 - INFO - message_handler - 📩 收到私聊消息 | user_id:  | 内容：
2026-04-27 00:09:58.435 - INFO - message_handler - 📩 收到私聊消息 | user_id:  | 内容：
2026-04-27 00:10:58.371 - INFO - message_handler - 📩 收到私聊消息 | user_id:  | 内容：
2026-04-27 00:11:58.370 - INFO - message_handler - 📩 收到私聊消息 | user_id:  | 内容：
2026-04-27 00:12:58.368 - INFO - message_handler - 📩 收到私聊消息 | user_id:  | 内容：
2026-04-27 00:13:58.371 - INFO - message_handler - 📩 收到私聊消息 | user_id:  | 内容：
2026-04-27 00:14:58.373 - INFO - message_handler - 📩 收到私聊消息 | user_id:  | 内容：
2026-04-27 00:15:58.368 - INFO - message_handler - 📩 收到私聊消息 | user_id:  | 内容：
2026-04-27 00:16:58.368 - INFO - message_handler - 📩 收到私聊消息 | user_id:  | 内容：
2026-04-27 00:17:58.373 - INFO - message_handler - 📩 收到私聊消息 | user_id:  | 内容：
2026-04-27 00:18:58.372 - INFO - message_handler - 📩 收到私聊消息 | user_id:  | 内容：
2026-04-27 00:19:58.370 - INFO - message_handler - 📩 收到私聊消息 | user_id:  | 内容：
2026-04-27 00:20:52.159 - INFO - message_handler - 📩 收到群消息 | group_id: 733890551 | user_id: 2029626166 | 内容：[CQ:image,file=F3F4636CE9787F3761EF2D922AA6293D.jp
2026-04-27 00:20:58.369 - INFO - message_handler - 📩 收到私聊消息 | user_id:  | 内容：
2026-04-27 00:21:35.125 - INFO - message_handler - 📩 收到群消息 | group_id: 967883781 | user_id: 2079390238 | 内容：/fuck
2026-04-27 00:21:35.134 - INFO - message_handler - 🔍 收到词云命令 | group_id: 967883781 | 内容：/fuck
2026-04-27 00:21:35.144 - INFO - message_handler - 🚀 开始任务：/fuck 词云 (最近 24 小时)
2026-04-27 00:21:35.146 - INFO - message_handler - ⏱️ [1/3] 获取群消息 | 耗时：1.77ms
2026-04-27 00:21:38.674 - INFO - message_handler - ⏱️ [2/3] 生成词云图 | 耗时：3528.76ms
2026-04-27 00:21:47.204 - INFO - wordcloud_generator - ✅ 词云生成完成 | 词数：55 | 大小：178.9KB | 耗时：8524.8ms
2026-04-27 00:21:47.206 - INFO - message_handler - ⏱️ [3/3] 发送词云图 | 耗时：8531.84ms
2026-04-27 00:21:49.860 - INFO - message_handler - 📩 收到群消息 | group_id: 967883781 | user_id: 2079390238 | 内容：/fuck 1d
2026-04-27 00:21:49.863 - INFO - message_handler - 🔍 收到词云命令 | group_id: 967883781 | 内容：/fuck 1d
2026-04-27 00:21:49.863 - INFO - message_handler - 🚀 开始任务：/fuck 词云 (最近 1 天)
2026-04-27 00:21:49.863 - INFO - message_handler - ⏱️ [1/3] 获取群消息 | 耗时：0.09ms
2026-04-27 00:21:50.282 - INFO - message_sender - ✅ 群图片发送完成 | group: 967883781 | status_code: 200
2026-04-27 00:21:50.283 - INFO - message_handler - 📊 任务完成：/fuck 词云 (最近 24 小时) | 总耗时：15139.06ms | 范围：最近 24 小时 | 消息数：54
2026-04-27 00:21:51.958 - INFO - message_handler - ⏱️ [2/3] 生成词云图 | 耗时：2094.72ms
2026-04-27 00:21:54.214 - INFO - wordcloud_generator - ✅ 词云生成完成 | 词数：55 | 大小：168.1KB | 耗时：2256.3ms
2026-04-27 00:21:54.215 - INFO - message_handler - ⏱️ [3/3] 发送词云图 | 耗时：2257.30ms
2026-04-27 00:21:55.765 - INFO - message_sender - ✅ 群图片发送完成 | group: 967883781 | status_code: 200
2026-04-27 00:21:55.765 - INFO - message_handler - 📊 任务完成：/fuck 词云 (最近 1 天) | 总耗时：5902.39ms | 范围：最近 1 天 | 消息数：55
2026-04-27 00:21:58.368 - INFO - message_handler - 📩 收到私聊消息 | user_id:  | 内容：
2026-04-27 00:22:58.369 - INFO - message_handler - 📩 收到私聊消息 | user_id:  | 内容：
2026-04-27 00:23:58.370 - INFO - message_handler - 📩 收到私聊消息 | user_id:  | 内容：
2026-04-27 00:24:58.370 - INFO - message_handler - 📩 收到私聊消息 | user_id:  | 内容：
2026-04-27 00:25:58.371 - INFO - message_handler - 📩 收到私聊消息 | user_id:  | 内容：
2026-04-27 00:26:58.372 - INFO - message_handler - 📩 收到私聊消息 | user_id:  | 内容：
2026-04-27 00:27:58.373 - INFO - message_handler - 📩 收到私聊消息 | user_id:  | 内容：
2026-04-27 00:27:58.988 - INFO - message_handler - 📩 收到群消息 | group_id: 967883781 | user_id: 3275298970 | 内容：!ai cdpyx
2026-04-27 00:28:58.373 - INFO - message_handler - 📩 收到私聊消息 | user_id:  | 内容：
2026-04-27 00:29:58.376 - INFO - message_handler - 📩 收到私聊消息 | user_id:  | 内容：
2026-04-27 00:30:58.375 - INFO - message_handler - 📩 收到私聊消息 | user_id:  | 内容：
2026-04-27 00:31:58.408 - INFO - message_handler - 📩 收到私聊消息 | user_id:  | 内容：
2026-04-27 00:32:58.378 - INFO - message_handler - 📩 收到私聊消息 | user_id:  | 内容：
2026-04-27 00:33:58.378 - INFO - message_handler - 📩 收到私聊消息 | user_id:  | 内容：
2026-04-27 00:34:58.397 - INFO - message_handler - 📩 收到私聊消息 | user_id:  | 内容：
2026-04-27 00:35:58.378 - INFO - message_handler - 📩 收到私聊消息 | user_id:  | 内容：
2026-04-27 00:36:58.378 - INFO - message_handler - 📩 收到私聊消息 | user_id:  | 内容：
2026-04-27 00:37:58.384 - INFO - message_handler - 📩 收到私聊消息 | user_id:  | 内容：
2026-04-27 00:38:58.378 - INFO - message_handler - 📩 收到私聊消息 | user_id:  | 内容：
2026-04-27 00:39:58.380 - INFO - message_handler - 📩 收到私聊消息 | user_id:  | 内容：
2026-04-27 00:40:58.385 - INFO - message_handler - 📩 收到私聊消息 | user_id:  | 内容：
2026-04-27 00:41:58.380 - INFO - message_handler - 📩 收到私聊消息 | user_id:  | 内容：
2026-04-27 00:42:58.725 - INFO - message_handler - 📩 收到私聊消息 | user_id:  | 内容：
2026-04-27 00:43:58.526 - INFO - message_handler - 📩 收到私聊消息 | user_id:  | 内容：
2026-04-27 00:44:58.385 - INFO - message_handler - 📩 收到私聊消息 | user_id:  | 内容：
2026-04-27 00:45:58.431 - INFO - message_handler - 📩 收到私聊消息 | user_id:  | 内容：
2026-04-27 00:46:58.388 - INFO - message_handler - 📩 收到私聊消息 | user_id:  | 内容：
2026-04-27 00:47:58.428 - INFO - message_handler - 📩 收到私聊消息 | user_id:  | 内容：
2026-04-27 00:48:58.388 - INFO - message_handler - 📩 收到私聊消息 | user_id:  | 内容：
2026-04-27 00:49:58.385 - INFO - message_handler - 📩 收到私聊消息 | user_id:  | 内容：
WARNING:  Invalid HTTP request received.
WARNING:  Invalid HTTP request received.
2026-04-27 00:50:58.387 - INFO - message_handler - 📩 收到私聊消息 | user_id:  | 内容：
2026-04-27 00:51:58.389 - INFO - message_handler - 📩 收到私聊消息 | user_id:  | 内容：
2026-04-27 00:52:58.415 - INFO - message_handler - 📩 收到私聊消息 | user_id:  | 内容：
2026-04-27 00:53:58.384 - INFO - message_handler - 📩 收到私聊消息 | user_id:  | 内容：
2026-04-27 00:54:58.387 - INFO - message_handler - 📩 收到私聊消息 | user_id:  | 内容：
2026-04-27 00:55:58.474 - INFO - message_handler - 📩 收到私聊消息 | user_id:  | 内容：
2026-04-27 00:56:58.382 - INFO - message_handler - 📩 收到私聊消息 | user_id:  | 内容：
2026-04-27 00:57:58.386 - INFO - message_handler - 📩 收到私聊消息 | user_id:  | 内容：
2026-04-27 00:58:58.387 - INFO - message_handler - 📩 收到私聊消息 | user_id:  | 内容：
2026-04-27 00:59:58.383 - INFO - message_handler - 📩 收到私聊消息 | user_id:  | 内容：
2026-04-27 01:00:58.385 - INFO - message_handler - 📩 收到私聊消息 | user_id:  | 内容：
2026-04-27 01:01:58.385 - INFO - message_handler - 📩 收到私聊消息 | user_id:  | 内容：
2026-04-27 01:02:58.388 - INFO - message_handler - 📩 收到私聊消息 | user_id:  | 内容：
2026-04-27 01:03:58.384 - INFO - message_handler - 📩 收到私聊消息 | user_id:  | 内容：
2026-04-27 01:04:58.385 - INFO - message_handler - 📩 收到私聊消息 | user_id:  | 内容：
2026-04-27 01:05:58.391 - INFO - message_handler - 📩 收到私聊消息 | user_id:  | 内容：
2026-04-27 01:06:58.387 - INFO - message_handler - 📩 收到私聊消息 | user_id:  | 内容：
2026-04-27 01:07:58.393 - INFO - message_handler - 📩 收到私聊消息 | user_id:  | 内容：
2026-04-27 01:08:58.389 - INFO - message_handler - 📩 收到私聊消息 | user_id:  | 内容：
2026-04-27 01:09:58.389 - INFO - message_handler - 📩 收到私聊消息 | user_id:  | 内容：
2026-04-27 01:10:58.391 - INFO - message_handler - 📩 收到私聊消息 | user_id:  | 内容：
2026-04-27 01:11:58.401 - INFO - message_handler - 📩 收到私聊消息 | user_id:  | 内容：
2026-04-27 01:12:58.387 - INFO - message_handler - 📩 收到私聊消息 | user_id:  | 内容：
2026-04-27 01:13:58.391 - INFO - message_handler - 📩 收到私聊消息 | user_id:  | 内容：
2026-04-27 01:14:58.409 - INFO - message_handler - 📩 收到私聊消息 | user_id:  | 内容：
2026-04-27 01:15:58.388 - INFO - message_handler - 📩 收到私聊消息 | user_id:  | 内容：
2026-04-27 01:16:58.391 - INFO - message_handler - 📩 收到私聊消息 | user_id:  | 内容：
2026-04-27 01:17:58.391 - INFO - message_handler - 📩 收到私聊消息 | user_id:  | 内容：
2026-04-27 01:18:58.391 - INFO - message_handler - 📩 收到私聊消息 | user_id:  | 内容：
2026-04-27 01:19:58.394 - INFO - message_handler - 📩 收到私聊消息 | user_id:  | 内容：
2026-04-27 01:20:58.463 - INFO - message_handler - 📩 收到私聊消息 | user_id:  | 内容：
2026-04-27 01:21:58.392 - INFO - message_handler - 📩 收到私聊消息 | user_id:  | 内容：
2026-04-27 01:22:58.392 - INFO - message_handler - 📩 收到私聊消息 | user_id:  | 内容：
2026-04-27 01:23:59.075 - INFO - message_handler - 📩 收到私聊消息 | user_id:  | 内容：
2026-04-27 01:24:58.399 - INFO - message_handler - 📩 收到私聊消息 | user_id:  | 内容：
2026-04-27 01:25:58.392 - INFO - message_handler - 📩 收到私聊消息 | user_id:  | 内容：
2026-04-27 01:26:58.396 - INFO - message_handler - 📩 收到私聊消息 | user_id:  | 内容：
2026-04-27 01:27:58.399 - INFO - message_handler - 📩 收到私聊消息 | user_id:  | 内容：
2026-04-27 01:28:58.395 - INFO - message_handler - 📩 收到私聊消息 | user_id:  | 内容：
2026-04-27 01:29:58.394 - INFO - message_handler - 📩 收到私聊消息 | user_id:  | 内容：
2026-04-27 01:30:58.393 - INFO - message_handler - 📩 收到私聊消息 | user_id:  | 内容：
2026-04-27 01:31:58.404 - INFO - message_handler - 📩 收到私聊消息 | user_id:  | 内容：
2026-04-27 01:32:58.393 - INFO - message_handler - 📩 收到私聊消息 | user_id:  | 内容：
2026-04-27 01:33:58.397 - INFO - message_handler - 📩 收到私聊消息 | user_id:  | 内容：
2026-04-27 01:34:58.395 - INFO - message_handler - 📩 收到私聊消息 | user_id:  | 内容：
2026-04-27 01:35:58.395 - INFO - message_handler - 📩 收到私聊消息 | user_id:  | 内容：
2026-04-27 01:36:58.395 - INFO - message_handler - 📩 收到私聊消息 | user_id:  | 内容：
2026-04-27 01:37:58.396 - INFO - message_handler - 📩 收到私聊消息 | user_id:  | 内容：
2026-04-27 01:38:58.396 - INFO - message_handler - 📩 收到私聊消息 | user_id:  | 内容：
2026-04-27 01:39:58.401 - INFO - message_handler - 📩 收到私聊消息 | user_id:  | 内容：
2026-04-27 01:40:58.397 - INFO - message_handler - 📩 收到私聊消息 | user_id:  | 内容：
2026-04-27 01:41:58.397 - INFO - message_handler - 📩 收到私聊消息 | user_id:  | 内容：
2026-04-27 01:42:58.406 - INFO - message_handler - 📩 收到私聊消息 | user_id:  | 内容：
2026-04-27 01:43:58.402 - INFO - message_handler - 📩 收到私聊消息 | user_id:  | 内容：
2026-04-27 01:44:58.402 - INFO - message_handler - 📩 收到私聊消息 | user_id:  | 内容：
2026-04-27 01:45:58.450 - INFO - message_handler - 📩 收到私聊消息 | user_id:  | 内容：
2026-04-27 01:46:58.399 - INFO - message_handler - 📩 收到私聊消息 | user_id:  | 内容：
2026-04-27 01:47:58.398 - INFO - message_handler - 📩 收到私聊消息 | user_id:  | 内容：
2026-04-27 01:48:58.402 - INFO - message_handler - 📩 收到私聊消息 | user_id:  | 内容：
2026-04-27 01:49:58.402 - INFO - message_handler - 📩 收到私聊消息 | user_id:  | 内容：
2026-04-27 01:50:58.399 - INFO - message_handler - 📩 收到私聊消息 | user_id:  | 内容：
2026-04-27 01:51:58.403 - INFO - message_handler - 📩 收到私聊消息 | user_id:  | 内容：
2026-04-27 01:52:58.408 - INFO - message_handler - 📩 收到私聊消息 | user_id:  | 内容：
2026-04-27 01:53:58.402 - INFO - message_handler - 📩 收到私聊消息 | user_id:  | 内容：
2026-04-27 01:54:58.407 - INFO - message_handler - 📩 收到私聊消息 | user_id:  | 内容：
2026-04-27 01:55:58.409 - INFO - message_handler - 📩 收到私聊消息 | user_id:  | 内容：
2026-04-27 01:56:58.414 - INFO - message_handler - 📩 收到私聊消息 | user_id:  | 内容：
2026-04-27 01:57:58.414 - INFO - message_handler - 📩 收到私聊消息 | user_id:  | 内容：
2026-04-27 01:58:58.411 - INFO - message_handler - 📩 收到私聊消息 | user_id:  | 内容：
WARNING:  Invalid HTTP request received.
2026-04-27 01:59:58.411 - INFO - message_handler - 📩 收到私聊消息 | user_id:  | 内容：
2026-04-27 02:00:58.452 - INFO - message_handler - 📩 收到私聊消息 | user_id:  | 内容：
2026-04-27 02:01:58.595 - INFO - message_handler - 📩 收到私聊消息 | user_id:  | 内容：
2026-04-27 02:02:58.425 - INFO - message_handler - 📩 收到私聊消息 | user_id:  | 内容：
2026-04-27 02:03:58.413 - INFO - message_handler - 📩 收到私聊消息 | user_id:  | 内容：
2026-04-27 02:04:58.424 - INFO - message_handler - 📩 收到私聊消息 | user_id:  | 内容：
2026-04-27 02:05:58.429 - INFO - message_handler - 📩 收到私聊消息 | user_id:  | 内容：
2026-04-27 02:06:58.421 - INFO - message_handler - 📩 收到私聊消息 | user_id:  | 内容：
2026-04-27 02:07:58.418 - INFO - message_handler - 📩 收到私聊消息 | user_id:  | 内容：
2026-04-27 02:08:58.443 - INFO - message_handler - 📩 收到私聊消息 | user_id:  | 内容：
2026-04-27 02:09:58.551 - INFO - message_handler - 📩 收到私聊消息 | user_id:  | 内容：
2026-04-27 02:10:58.417 - INFO - message_handler - 📩 收到私聊消息 | user_id:  | 内容：
2026-04-27 02:11:58.429 - INFO - message_handler - 📩 收到私聊消息 | user_id:  | 内容：
2026-04-27 02:12:58.415 - INFO - message_handler - 📩 收到私聊消息 | user_id:  | 内容：
2026-04-27 02:13:58.425 - INFO - message_handler - 📩 收到私聊消息 | user_id:  | 内容：
2026-04-27 02:14:58.419 - INFO - message_handler - 📩 收到私聊消息 | user_id:  | 内容：
2026-04-27 02:15:58.425 - INFO - message_handler - 📩 收到私聊消息 | user_id:  | 内容：
2026-04-27 02:16:58.450 - INFO - message_handler - 📩 收到私聊消息 | user_id:  | 内容：
2026-04-27 02:17:58.465 - INFO - message_handler - 📩 收到私聊消息 | user_id:  | 内容：
2026-04-27 02:18:58.421 - INFO - message_handler - 📩 收到私聊消息 | user_id:  | 内容：
2026-04-27 02:19:58.425 - INFO - message_handler - 📩 收到私聊消息 | user_id:  | 内容：
2026-04-27 02:20:58.650 - INFO - message_handler - 📩 收到私聊消息 | user_id:  | 内容：
2026-04-27 02:21:58.423 - INFO - message_handler - 📩 收到私聊消息 | user_id:  | 内容：
2026-04-27 02:22:58.501 - INFO - message_handler - 📩 收到私聊消息 | user_id:  | 内容：
2026-04-27 02:23:58.423 - INFO - message_handler - 📩 收到私聊消息 | user_id:  | 内容：
2026-04-27 02:24:58.425 - INFO - message_handler - 📩 收到私聊消息 | user_id:  | 内容：
2026-04-27 02:25:58.426 - INFO - message_handler - 📩 收到私聊消息 | user_id:  | 内容：
2026-04-27 02:26:58.445 - INFO - message_handler - 📩 收到私聊消息 | user_id:  | 内容：
2026-04-27 02:27:58.421 - INFO - message_handler - 📩 收到私聊消息 | user_id:  | 内容：
2026-04-27 02:28:58.425 - INFO - message_handler - 📩 收到私聊消息 | user_id:  | 内容：
2026-04-27 02:29:58.427 - INFO - message_handler - 📩 收到私聊消息 | user_id:  | 内容：
2026-04-27 02:30:58.424 - INFO - message_handler - 📩 收到私聊消息 | user_id:  | 内容：
2026-04-27 02:31:58.423 - INFO - message_handler - 📩 收到私聊消息 | user_id:  | 内容：
2026-04-27 02:32:58.429 - INFO - message_handler - 📩 收到私聊消息 | user_id:  | 内容：
2026-04-27 02:33:58.429 - INFO - message_handler - 📩 收到私聊消息 | user_id:  | 内容：
2026-04-27 02:34:58.425 - INFO - message_handler - 📩 收到私聊消息 | user_id:  | 内容：
2026-04-27 02:35:58.426 - INFO - message_handler - 📩 收到私聊消息 | user_id:  | 内容：
WARNING:  Invalid HTTP request received.
2026-04-27 02:36:58.425 - INFO - message_handler - 📩 收到私聊消息 | user_id:  | 内容：
2026-04-27 02:37:58.427 - INFO - message_handler - 📩 收到私聊消息 | user_id:  | 内容：
2026-04-27 02:38:58.427 - INFO - message_handler - 📩 收到私聊消息 | user_id:  | 内容：
2026-04-27 02:39:58.427 - INFO - message_handler - 📩 收到私聊消息 | user_id:  | 内容：
2026-04-27 02:40:58.428 - INFO - message_handler - 📩 收到私聊消息 | user_id:  | 内容：
2026-04-27 02:41:58.429 - INFO - message_handler - 📩 收到私聊消息 | user_id:  | 内容：
2026-04-27 02:42:58.434 - INFO - message_handler - 📩 收到私聊消息 | user_id:  | 内容：
2026-04-27 02:43:58.429 - INFO - message_handler - 📩 收到私聊消息 | user_id:  | 内容：
2026-04-27 02:44:58.429 - INFO - message_handler - 📩 收到私聊消息 | user_id:  | 内容：
2026-04-27 02:45:58.458 - INFO - message_handler - 📩 收到私聊消息 | user_id:  | 内容：
2026-04-27 02:46:58.428 - INFO - message_handler - 📩 收到私聊消息 | user_id:  | 内容：
2026-04-27 02:47:58.429 - INFO - message_handler - 📩 收到私聊消息 | user_id:  | 内容：
2026-04-27 02:48:58.432 - INFO - message_handler - 📩 收到私聊消息 | user_id:  | 内容：
2026-04-27 02:49:58.461 - INFO - message_handler - 📩 收到私聊消息 | user_id:  | 内容：
2026-04-27 02:50:58.435 - INFO - message_handler - 📩 收到私聊消息 | user_id:  | 内容：
2026-04-27 02:51:58.434 - INFO - message_handler - 📩 收到私聊消息 | user_id:  | 内容：
2026-04-27 02:52:58.437 - INFO - message_handler - 📩 收到私聊消息 | user_id:  | 内容：
2026-04-27 02:53:58.436 - INFO - message_handler - 📩 收到私聊消息 | user_id:  | 内容：
2026-04-27 02:54:58.434 - INFO - message_handler - 📩 收到私聊消息 | user_id:  | 内容：
2026-04-27 02:55:58.439 - INFO - message_handler - 📩 收到私聊消息 | user_id:  | 内容：
2026-04-27 02:56:58.435 - INFO - message_handler - 📩 收到私聊消息 | user_id:  | 内容：
2026-04-27 02:57:58.434 - INFO - message_handler - 📩 收到私聊消息 | user_id:  | 内容：
2026-04-27 02:58:58.439 - INFO - message_handler - 📩 收到私聊消息 | user_id:  | 内容：
2026-04-27 02:59:58.438 - INFO - message_handler - 📩 收到私聊消息 | user_id:  | 内容：
2026-04-27 03:00:19.010 - WARNING - api_client - ❌ 服务器 ef7c08f2d6ca41f2a465631a064b47e5 MCSM API 重试5次后仍失败，将回退至 Minecraft 协议 | ClientResponseError: 521, message='HTTP 521', url='https://server-backend.mooire.top/api/instance?daemonId=85f05f4168334f
2026-04-27 03:00:19.116 - WARNING - api_client - ❌ 服务器 ef7c08f2d6ca41f2a465631a064b47e5 重试5次后仍失败 | ClientResponseError: 521, message='HTTP 521', url='https://server-backend.mooire.top/api/instance?daemonId=85f05f4168334f
2026-04-27 03:00:25.847 - WARNING - api_client - ❌ 服务器 1f678fdfacfa42cba4823361aaf47ce9 重试5次后仍失败 | ClientResponseError: 521, message='HTTP 521', url='https://server-backend.mooire.top/api/instance?daemonId=85f05f4168334f
2026-04-27 03:00:25.958 - WARNING - api_client - ❌ 服务器 1f678fdfacfa42cba4823361aaf47ce9 MCSM API 重试5次后仍失败，将回退至 Minecraft 协议 | ClientResponseError: 521, message='HTTP 521', url='https://server-backend.mooire.top/api/instance?daemonId=85f05f4168334f
2026-04-27 03:00:32.644 - WARNING - api_client - ❌ 服务器 809b760b152e4c21960d676554eac4c2 MCSM API 重试5次后仍失败，将回退至 Minecraft 协议 | ClientResponseError: 521, message='HTTP 521', url='https://server-backend.mooire.top/api/instance?daemonId=85f05f4168334f
2026-04-27 03:00:32.752 - WARNING - api_client - ❌ 服务器 809b760b152e4c21960d676554eac4c2 重试5次后仍失败 | ClientResponseError: 521, message='HTTP 521', url='https://server-backend.mooire.top/api/instance?daemonId=85f05f4168334f
2026-04-27 03:00:39.340 - WARNING - api_client - ❌ 服务器 3365e3b2fa8e441d82010c192f32aa7e MCSM API 重试5次后仍失败，将回退至 Minecraft 协议 | ClientResponseError: 521, message='HTTP 521', url='https://server-backend.mooire.top/api/instance?daemonId=85f05f4168334f
2026-04-27 03:00:39.352 - WARNING - api_client - ❌ 服务器 3365e3b2fa8e441d82010c192f32aa7e 重试5次后仍失败 | ClientResponseError: 521, message='HTTP 521', url='https://server-backend.mooire.top/api/instance?daemonId=85f05f4168334f
2026-04-27 03:00:55.982 - WARNING - api_client - ❌ 服务器 ef7c08f2d6ca41f2a465631a064b47e5 重试5次后仍失败 | ClientResponseError: 521, message='HTTP 521', url='https://server-backend.mooire.top/api/instance?daemonId=85f05f4168334f
2026-04-27 03:00:56.274 - WARNING - api_client - ❌ 服务器 ef7c08f2d6ca41f2a465631a064b47e5 MCSM API 重试5次后仍失败，将回退至 Minecraft 协议 | ClientResponseError: 521, message='HTTP 521', url='https://server-backend.mooire.top/api/instance?daemonId=85f05f4168334f
2026-04-27 03:00:58.441 - INFO - message_handler - 📩 收到私聊消息 | user_id:  | 内容：
2026-04-27 03:01:03.071 - WARNING - api_client - ❌ 服务器 1f678fdfacfa42cba4823361aaf47ce9 重试5次后仍失败 | ClientResponseError: 521, message='HTTP 521', url='https://server-backend.mooire.top/api/instance?daemonId=85f05f4168334f
2026-04-27 03:01:03.114 - WARNING - api_client - ❌ 服务器 1f678fdfacfa42cba4823361aaf47ce9 MCSM API 重试5次后仍失败，将回退至 Minecraft 协议 | ClientResponseError: 521, message='HTTP 521', url='https://server-backend.mooire.top/api/instance?daemonId=85f05f4168334f
2026-04-27 03:01:09.908 - WARNING - api_client - ❌ 服务器 809b760b152e4c21960d676554eac4c2 MCSM API 重试5次后仍失败，将回退至 Minecraft 协议 | ClientResponseError: 521, message='HTTP 521', url='https://server-backend.mooire.top/api/instance?daemonId=85f05f4168334f
2026-04-27 03:01:10.021 - WARNING - api_client - ❌ 服务器 809b760b152e4c21960d676554eac4c2 重试5次后仍失败 | ClientResponseError: 521, message='HTTP 521', url='https://server-backend.mooire.top/api/instance?daemonId=85f05f4168334f
2026-04-27 03:01:16.490 - WARNING - api_client - ❌ 服务器 3365e3b2fa8e441d82010c192f32aa7e MCSM API 重试5次后仍失败，将回退至 Minecraft 协议 | ClientResponseError: 521, message='HTTP 521', url='https://server-backend.mooire.top/api/instance?daemonId=85f05f4168334f
2026-04-27 03:01:16.907 - WARNING - api_client - ❌ 服务器 3365e3b2fa8e441d82010c192f32aa7e 重试5次后仍失败 | ClientResponseError: 521, message='HTTP 521', url='https://server-backend.mooire.top/api/instance?daemonId=85f05f4168334f
2026-04-27 03:01:33.181 - WARNING - api_client - ❌ 服务器 ef7c08f2d6ca41f2a465631a064b47e5 MCSM API 重试5次后仍失败，将回退至 Minecraft 协议 | ClientResponseError: 521, message='HTTP 521', url='https://server-backend.mooire.top/api/instance?daemonId=85f05f4168334f
2026-04-27 03:01:33.214 - WARNING - api_client - ❌ 服务器 ef7c08f2d6ca41f2a465631a064b47e5 重试5次后仍失败 | ClientResponseError: 521, message='HTTP 521', url='https://server-backend.mooire.top/api/instance?daemonId=85f05f4168334f
WARNING:  Invalid HTTP request received.
2026-04-27 03:01:39.673 - WARNING - api_client - ❌ 服务器 1f678fdfacfa42cba4823361aaf47ce9 MCSM API 重试5次后仍失败，将回退至 Minecraft 协议 | ClientResponseError: 521, message='HTTP 521', url='https://server-backend.mooire.top/api/instance?daemonId=85f05f4168334f
2026-04-27 03:01:39.684 - WARNING - api_client - ❌ 服务器 1f678fdfacfa42cba4823361aaf47ce9 重试5次后仍失败 | ClientResponseError: 521, message='HTTP 521', url='https://server-backend.mooire.top/api/instance?daemonId=85f05f4168334f
2026-04-27 03:01:46.463 - WARNING - api_client - ❌ 服务器 809b760b152e4c21960d676554eac4c2 MCSM API 重试5次后仍失败，将回退至 Minecraft 协议 | ClientResponseError: 521, message='HTTP 521', url='https://server-backend.mooire.top/api/instance?daemonId=85f05f4168334f
2026-04-27 03:01:46.467 - WARNING - api_client - ❌ 服务器 809b760b152e4c21960d676554eac4c2 重试5次后仍失败 | ClientResponseError: 521, message='HTTP 521', url='https://server-backend.mooire.top/api/instance?daemonId=85f05f4168334f
2026-04-27 03:01:52.868 - WARNING - api_client - ❌ 服务器 3365e3b2fa8e441d82010c192f32aa7e 重试5次后仍失败 | ClientResponseError: 521, message='HTTP 521', url='https://server-backend.mooire.top/api/instance?daemonId=85f05f4168334f
2026-04-27 03:01:53.269 - WARNING - api_client - ❌ 服务器 3365e3b2fa8e441d82010c192f32aa7e MCSM API 重试5次后仍失败，将回退至 Minecraft 协议 | ClientResponseError: 521, message='HTTP 521', url='https://server-backend.mooire.top/api/instance?daemonId=85f05f4168334f
2026-04-27 03:01:58.456 - INFO - message_handler - 📩 收到私聊消息 | user_id:  | 内容：
2026-04-27 03:02:09.735 - WARNING - api_client - ❌ 服务器 ef7c08f2d6ca41f2a465631a064b47e5 MCSM API 重试5次后仍失败，将回退至 Minecraft 协议 | ClientResponseError: 521, message='HTTP 521', url='https://server-backend.mooire.top/api/instance?daemonId=85f05f4168334f
2026-04-27 03:02:10.166 - WARNING - api_client - ❌ 服务器 ef7c08f2d6ca41f2a465631a064b47e5 重试5次后仍失败 | ClientResponseError: 521, message='HTTP 521', url='https://server-backend.mooire.top/api/instance?daemonId=85f05f4168334f
2026-04-27 03:02:16.716 - WARNING - api_client - ❌ 服务器 1f678fdfacfa42cba4823361aaf47ce9 重试5次后仍失败 | ClientResponseError: 521, message='HTTP 521', url='https://server-backend.mooire.top/api/instance?daemonId=85f05f4168334f
2026-04-27 03:02:16.906 - WARNING - api_client - ❌ 服务器 1f678fdfacfa42cba4823361aaf47ce9 MCSM API 重试5次后仍失败，将回退至 Minecraft 协议 | ClientResponseError: 521, message='HTTP 521', url='https://server-backend.mooire.top/api/instance?daemonId=85f05f4168334f
2026-04-27 03:02:23.625 - WARNING - api_client - ❌ 服务器 809b760b152e4c21960d676554eac4c2 重试5次后仍失败 | ClientResponseError: 521, message='HTTP 521', url='https://server-backend.mooire.top/api/instance?daemonId=85f05f4168334f
2026-04-27 03:02:24.641 - WARNING - api_client - ❌ 服务器 809b760b152e4c21960d676554eac4c2 MCSM API 重试5次后仍失败，将回退至 Minecraft 协议 | ClientResponseError: 521, message='HTTP 521', url='https://server-backend.mooire.top/api/instance?daemonId=85f05f4168334f
2026-04-27 03:02:31.010 - WARNING - api_client - ❌ 服务器 3365e3b2fa8e441d82010c192f32aa7e 重试5次后仍失败 | ClientResponseError: 521, message='HTTP 521', url='https://server-backend.mooire.top/api/instance?daemonId=85f05f4168334f
2026-04-27 03:02:31.377 - WARNING - api_client - ❌ 服务器 3365e3b2fa8e441d82010c192f32aa7e MCSM API 重试5次后仍失败，将回退至 Minecraft 协议 | ClientResponseError: 521, message='HTTP 521', url='https://server-backend.mooire.top/api/instance?daemonId=85f05f4168334f
2026-04-27 03:02:47.913 - WARNING - api_client - ❌ 服务器 ef7c08f2d6ca41f2a465631a064b47e5 重试5次后仍失败 | ClientResponseError: 521, message='HTTP 521', url='https://server-backend.mooire.top/api/instance?daemonId=85f05f4168334f
2026-04-27 03:02:47.923 - WARNING - api_client - ❌ 服务器 ef7c08f2d6ca41f2a465631a064b47e5 MCSM API 重试5次后仍失败，将回退至 Minecraft 协议 | ClientResponseError: 521, message='HTTP 521', url='https://server-backend.mooire.top/api/instance?daemonId=85f05f4168334f
2026-04-27 03:02:54.651 - WARNING - api_client - ❌ 服务器 1f678fdfacfa42cba4823361aaf47ce9 重试5次后仍失败 | ClientResponseError: 521, message='HTTP 521', url='https://server-backend.mooire.top/api/instance?daemonId=85f05f4168334f
2026-04-27 03:02:54.868 - WARNING - api_client - ❌ 服务器 1f678fdfacfa42cba4823361aaf47ce9 MCSM API 重试5次后仍失败，将回退至 Minecraft 协议 | ClientResponseError: 521, message='HTTP 521', url='https://server-backend.mooire.top/api/instance?daemonId=85f05f4168334f
2026-04-27 03:02:58.439 - INFO - message_handler - 📩 收到私聊消息 | user_id:  | 内容：
2026-04-27 03:03:01.365 - WARNING - api_client - ❌ 服务器 809b760b152e4c21960d676554eac4c2 MCSM API 重试5次后仍失败，将回退至 Minecraft 协议 | ClientResponseError: 521, message='HTTP 521', url='https://server-backend.mooire.top/api/instance?daemonId=85f05f4168334f
2026-04-27 03:03:01.801 - WARNING - api_client - ❌ 服务器 809b760b152e4c21960d676554eac4c2 重试5次后仍失败 | ClientResponseError: 521, message='HTTP 521', url='https://server-backend.mooire.top/api/instance?daemonId=85f05f4168334f
2026-04-27 03:03:08.142 - WARNING - api_client - ❌ 服务器 3365e3b2fa8e441d82010c192f32aa7e MCSM API 重试5次后仍失败，将回退至 Minecraft 协议 | ClientResponseError: 521, message='HTTP 521', url='https://server-backend.mooire.top/api/instance?daemonId=85f05f4168334f
2026-04-27 03:03:08.491 - WARNING - api_client - ❌ 服务器 3365e3b2fa8e441d82010c192f32aa7e 重试5次后仍失败 | ClientResponseError: 521, message='HTTP 521', url='https://server-backend.mooire.top/api/instance?daemonId=85f05f4168334f
2026-04-27 03:03:25.093 - WARNING - api_client - ❌ 服务器 ef7c08f2d6ca41f2a465631a064b47e5 重试5次后仍失败 | ClientResponseError: 521, message='HTTP 521', url='https://server-backend.mooire.top/api/instance?daemonId=85f05f4168334f
2026-04-27 03:03:25.419 - WARNING - api_client - ❌ 服务器 ef7c08f2d6ca41f2a465631a064b47e5 MCSM API 重试5次后仍失败，将回退至 Minecraft 协议 | ClientResponseError: 521, message='HTTP 521', url='https://server-backend.mooire.top/api/instance?daemonId=85f05f4168334f
2026-04-27 03:03:31.837 - WARNING - api_client - ❌ 服务器 1f678fdfacfa42cba4823361aaf47ce9 MCSM API 重试5次后仍失败，将回退至 Minecraft 协议 | ClientResponseError: 521, message='HTTP 521', url='https://server-backend.mooire.top/api/instance?daemonId=85f05f4168334f
2026-04-27 03:03:31.883 - WARNING - api_client - ❌ 服务器 1f678fdfacfa42cba4823361aaf47ce9 重试5次后仍失败 | ClientResponseError: 521, message='HTTP 521', url='https://server-backend.mooire.top/api/instance?daemonId=85f05f4168334f
2026-04-27 03:03:38.310 - WARNING - api_client - ❌ 服务器 809b760b152e4c21960d676554eac4c2 重试5次后仍失败 | ClientResponseError: 521, message='HTTP 521', url='https://server-backend.mooire.top/api/instance?daemonId=85f05f4168334f
2026-04-27 03:03:38.610 - WARNING - api_client - ❌ 服务器 809b760b152e4c21960d676554eac4c2 MCSM API 重试5次后仍失败，将回退至 Minecraft 协议 | ClientResponseError: 521, message='HTTP 521', url='https://server-backend.mooire.top/api/instance?daemonId=85f05f4168334f
2026-04-27 03:03:45.424 - WARNING - api_client - ❌ 服务器 3365e3b2fa8e441d82010c192f32aa7e MCSM API 重试5次后仍失败，将回退至 Minecraft 协议 | ClientResponseError: 521, message='HTTP 521', url='https://server-backend.mooire.top/api/instance?daemonId=85f05f4168334f
2026-04-27 03:03:45.976 - WARNING - api_client - ❌ 服务器 3365e3b2fa8e441d82010c192f32aa7e 重试5次后仍失败 | ClientResponseError: 521, message='HTTP 521', url='https://server-backend.mooire.top/api/instance?daemonId=85f05f4168334f
2026-04-27 03:03:58.443 - INFO - message_handler - 📩 收到私聊消息 | user_id:  | 内容：
2026-04-27 03:04:02.764 - WARNING - api_client - ❌ 服务器 ef7c08f2d6ca41f2a465631a064b47e5 MCSM API 重试5次后仍失败，将回退至 Minecraft 协议 | ClientResponseError: 521, message='HTTP 521', url='https://server-backend.mooire.top/api/instance?daemonId=85f05f4168334f
2026-04-27 03:04:03.012 - WARNING - api_client - ❌ 服务器 ef7c08f2d6ca41f2a465631a064b47e5 重试5次后仍失败 | ClientResponseError: 521, message='HTTP 521', url='https://server-backend.mooire.top/api/instance?daemonId=85f05f4168334f
2026-04-27 03:04:09.349 - WARNING - api_client - ❌ 服务器 1f678fdfacfa42cba4823361aaf47ce9 MCSM API 重试5次后仍失败，将回退至 Minecraft 协议 | ClientResponseError: 521, message='HTTP 521', url='https://server-backend.mooire.top/api/instance?daemonId=85f05f4168334f
2026-04-27 03:04:09.880 - WARNING - api_client - ❌ 服务器 1f678fdfacfa42cba4823361aaf47ce9 重试5次后仍失败 | ClientResponseError: 521, message='HTTP 521', url='https://server-backend.mooire.top/api/instance?daemonId=85f05f4168334f
2026-04-27 03:04:16.220 - WARNING - api_client - ❌ 服务器 809b760b152e4c21960d676554eac4c2 重试5次后仍失败 | ClientResponseError: 521, message='HTTP 521', url='https://server-backend.mooire.top/api/instance?daemonId=85f05f4168334f
2026-04-27 03:04:16.469 - WARNING - api_client - ❌ 服务器 809b760b152e4c21960d676554eac4c2 MCSM API 重试5次后仍失败，将回退至 Minecraft 协议 | ClientResponseError: 521, message='HTTP 521', url='https://server-backend.mooire.top/api/instance?daemonId=85f05f4168334f
2026-04-27 03:04:23.249 - WARNING - api_client - ❌ 服务器 3365e3b2fa8e441d82010c192f32aa7e 重试5次后仍失败 | ClientResponseError: 521, message='HTTP 521', url='https://server-backend.mooire.top/api/instance?daemonId=85f05f4168334f
2026-04-27 03:04:23.698 - WARNING - api_client - ❌ 服务器 3365e3b2fa8e441d82010c192f32aa7e MCSM API 重试5次后仍失败，将回退至 Minecraft 协议 | ClientResponseError: 521, message='HTTP 521', url='https://server-backend.mooire.top/api/instance?daemonId=85f05f4168334f
2026-04-27 03:04:58.440 - INFO - message_handler - 📩 收到私聊消息 | user_id:  | 内容：
2026-04-27 03:05:58.441 - INFO - message_handler - 📩 收到私聊消息 | user_id:  | 内容：
2026-04-27 03:06:58.438 - INFO - message_handler - 📩 收到私聊消息 | user_id:  | 内容：
2026-04-27 03:07:58.443 - INFO - message_handler - 📩 收到私聊消息 | user_id:  | 内容：
2026-04-27 03:08:58.443 - INFO - message_handler - 📩 收到私聊消息 | user_id:  | 内容：
2026-04-27 03:09:58.442 - INFO - message_handler - 📩 收到私聊消息 | user_id:  | 内容：
2026-04-27 03:10:58.438 - INFO - message_handler - 📩 收到私聊消息 | user_id:  | 内容：
2026-04-27 03:11:58.444 - INFO - message_handler - 📩 收到私聊消息 | user_id:  | 内容：
2026-04-27 03:12:58.438 - INFO - message_handler - 📩 收到私聊消息 | user_id:  | 内容：
2026-04-27 03:13:58.443 - INFO - message_handler - 📩 收到私聊消息 | user_id:  | 内容：
2026-04-27 03:14:58.443 - INFO - message_handler - 📩 收到私聊消息 | user_id:  | 内容：
2026-04-27 03:15:58.440 - INFO - message_handler - 📩 收到私聊消息 | user_id:  | 内容：
2026-04-27 03:16:58.440 - INFO - message_handler - 📩 收到私聊消息 | user_id:  | 内容：
2026-04-27 03:17:58.445 - INFO - message_handler - 📩 收到私聊消息 | user_id:  | 内容：
2026-04-27 03:18:58.444 - INFO - message_handler - 📩 收到私聊消息 | user_id:  | 内容：
2026-04-27 03:19:58.447 - INFO - message_handler - 📩 收到私聊消息 | user_id:  | 内容：
2026-04-27 03:20:58.446 - INFO - message_handler - 📩 收到私聊消息 | user_id:  | 内容：
2026-04-27 03:21:58.446 - INFO - message_handler - 📩 收到私聊消息 | user_id:  | 内容：
2026-04-27 03:22:58.446 - INFO - message_handler - 📩 收到私聊消息 | user_id:  | 内容：
2026-04-27 03:23:58.448 - INFO - message_handler - 📩 收到私聊消息 | user_id:  | 内容：
2026-04-27 03:24:58.450 - INFO - message_handler - 📩 收到私聊消息 | user_id:  | 内容：
2026-04-27 03:25:58.449 - INFO - message_handler - 📩 收到私聊消息 | user_id:  | 内容：
2026-04-27 03:26:58.449 - INFO - message_handler - 📩 收到私聊消息 | user_id:  | 内容：
2026-04-27 03:27:58.451 - INFO - message_handler - 📩 收到私聊消息 | user_id:  | 内容：
2026-04-27 03:28:58.446 - INFO - message_handler - 📩 收到私聊消息 | user_id:  | 内容：
2026-04-27 03:29:58.448 - INFO - message_handler - 📩 收到私聊消息 | user_id:  | 内容：
2026-04-27 03:30:58.452 - INFO - message_handler - 📩 收到私聊消息 | user_id:  | 内容：
2026-04-27 03:31:58.453 - INFO - message_handler - 📩 收到私聊消息 | user_id:  | 内容：
2026-04-27 03:32:58.451 - INFO - message_handler - 📩 收到私聊消息 | user_id:  | 内容：
2026-04-27 03:33:58.454 - INFO - message_handler - 📩 收到私聊消息 | user_id:  | 内容：
2026-04-27 03:34:58.448 - INFO - message_handler - 📩 收到私聊消息 | user_id:  | 内容：
2026-04-27 03:35:58.455 - INFO - message_handler - 📩 收到私聊消息 | user_id:  | 内容：
2026-04-27 03:36:58.454 - INFO - message_handler - 📩 收到私聊消息 | user_id:  | 内容：
2026-04-27 03:37:58.451 - INFO - message_handler - 📩 收到私聊消息 | user_id:  | 内容：
2026-04-27 03:38:58.459 - INFO - message_handler - 📩 收到私聊消息 | user_id:  | 内容：
2026-04-27 03:39:58.513 - INFO - message_handler - 📩 收到私聊消息 | user_id:  | 内容：
2026-04-27 03:40:58.451 - INFO - message_handler - 📩 收到私聊消息 | user_id:  | 内容：
2026-04-27 03:41:58.458 - INFO - message_handler - 📩 收到私聊消息 | user_id:  | 内容：
2026-04-27 03:42:58.492 - INFO - message_handler - 📩 收到私聊消息 | user_id:  | 内容：
2026-04-27 03:43:58.456 - INFO - message_handler - 📩 收到私聊消息 | user_id:  | 内容：
2026-04-27 03:44:58.460 - INFO - message_handler - 📩 收到私聊消息 | user_id:  | 内容：
2026-04-27 03:45:58.460 - INFO - message_handler - 📩 收到私聊消息 | user_id:  | 内容：
2026-04-27 03:46:58.454 - INFO - message_handler - 📩 收到私聊消息 | user_id:  | 内容：
2026-04-27 03:47:58.467 - INFO - message_handler - 📩 收到私聊消息 | user_id:  | 内容：
2026-04-27 03:48:58.463 - INFO - message_handler - 📩 收到私聊消息 | user_id:  | 内容：
2026-04-27 03:49:58.466 - INFO - message_handler - 📩 收到私聊消息 | user_id:  | 内容：
2026-04-27 03:50:58.464 - INFO - message_handler - 📩 收到私聊消息 | user_id:  | 内容：
2026-04-27 03:51:58.467 - INFO - message_handler - 📩 收到私聊消息 | user_id:  | 内容：
2026-04-27 03:52:58.464 - INFO - message_handler - 📩 收到私聊消息 | user_id:  | 内容：
2026-04-27 03:53:58.468 - INFO - message_handler - 📩 收到私聊消息 | user_id:  | 内容：
2026-04-27 03:54:58.467 - INFO - message_handler - 📩 收到私聊消息 | user_id:  | 内容：
2026-04-27 03:55:58.468 - INFO - message_handler - 📩 收到私聊消息 | user_id:  | 内容：
2026-04-27 03:56:58.468 - INFO - message_handler - 📩 收到私聊消息 | user_id:  | 内容：
2026-04-27 03:57:58.469 - INFO - message_handler - 📩 收到私聊消息 | user_id:  | 内容：
2026-04-27 03:58:58.472 - INFO - message_handler - 📩 收到私聊消息 | user_id:  | 内容：
2026-04-27 03:59:58.465 - INFO - message_handler - 📩 收到私聊消息 | user_id:  | 内容：
2026-04-27 04:00:58.470 - INFO - message_handler - 📩 收到私聊消息 | user_id:  | 内容：
2026-04-27 04:01:58.471 - INFO - message_handler - 📩 收到私聊消息 | user_id:  | 内容：
2026-04-27 04:02:58.468 - INFO - message_handler - 📩 收到私聊消息 | user_id:  | 内容：
2026-04-27 04:03:58.470 - INFO - message_handler - 📩 收到私聊消息 | user_id:  | 内容：
2026-04-27 04:04:58.471 - INFO - message_handler - 📩 收到私聊消息 | user_id:  | 内容：
2026-04-27 04:05:58.471 - INFO - message_handler - 📩 收到私聊消息 | user_id:  | 内容：
2026-04-27 04:06:58.472 - INFO - message_handler - 📩 收到私聊消息 | user_id:  | 内容：
2026-04-27 04:07:58.476 - INFO - message_handler - 📩 收到私聊消息 | user_id:  | 内容：
2026-04-27 04:08:58.472 - INFO - message_handler - 📩 收到私聊消息 | user_id:  | 内容：
2026-04-27 04:09:58.473 - INFO - message_handler - 📩 收到私聊消息 | user_id:  | 内容：
2026-04-27 04:10:58.474 - INFO - message_handler - 📩 收到私聊消息 | user_id:  | 内容：
2026-04-27 04:11:58.476 - INFO - message_handler - 📩 收到私聊消息 | user_id:  | 内容：
2026-04-27 04:12:58.474 - INFO - message_handler - 📩 收到私聊消息 | user_id:  | 内容：
2026-04-27 04:13:58.472 - INFO - message_handler - 📩 收到私聊消息 | user_id:  | 内容：
2026-04-27 04:14:58.471 - INFO - message_handler - 📩 收到私聊消息 | user_id:  | 内容：
2026-04-27 04:15:58.474 - INFO - message_handler - 📩 收到私聊消息 | user_id:  | 内容：
2026-04-27 04:16:58.474 - INFO - message_handler - 📩 收到私聊消息 | user_id:  | 内容：
2026-04-27 04:17:58.477 - INFO - message_handler - 📩 收到私聊消息 | user_id:  | 内容：
2026-04-27 04:18:58.474 - INFO - message_handler - 📩 收到私聊消息 | user_id:  | 内容：
2026-04-27 04:19:58.477 - INFO - message_handler - 📩 收到私聊消息 | user_id:  | 内容：
2026-04-27 04:20:58.477 - INFO - message_handler - 📩 收到私聊消息 | user_id:  | 内容：
2026-04-27 04:21:58.471 - INFO - message_handler - 📩 收到私聊消息 | user_id:  | 内容：
2026-04-27 04:22:58.476 - INFO - message_handler - 📩 收到私聊消息 | user_id:  | 内容：
2026-04-27 04:23:58.477 - INFO - message_handler - 📩 收到私聊消息 | user_id:  | 内容：
2026-04-27 04:24:58.478 - INFO - message_handler - 📩 收到私聊消息 | user_id:  | 内容：
2026-04-27 04:25:58.477 - INFO - message_handler - 📩 收到私聊消息 | user_id:  | 内容：
2026-04-27 04:26:58.496 - INFO - message_handler - 📩 收到私聊消息 | user_id:  | 内容：
2026-04-27 04:27:58.474 - INFO - message_handler - 📩 收到私聊消息 | user_id:  | 内容：
2026-04-27 04:28:58.479 - INFO - message_handler - 📩 收到私聊消息 | user_id:  | 内容：
2026-04-27 04:29:58.476 - INFO - message_handler - 📩 收到私聊消息 | user_id:  | 内容：
2026-04-27 04:30:58.477 - INFO - message_handler - 📩 收到私聊消息 | user_id:  | 内容：
2026-04-27 04:31:58.476 - INFO - message_handler - 📩 收到私聊消息 | user_id:  | 内容：
2026-04-27 04:32:58.471 - INFO - message_handler - 📩 收到私聊消息 | user_id:  | 内容：
2026-04-27 04:33:58.508 - INFO - message_handler - 📩 收到私聊消息 | user_id:  | 内容：
2026-04-27 04:34:58.478 - INFO - message_handler - 📩 收到私聊消息 | user_id:  | 内容：
2026-04-27 04:35:58.480 - INFO - message_handler - 📩 收到私聊消息 | user_id:  | 内容：
2026-04-27 04:36:58.478 - INFO - message_handler - 📩 收到私聊消息 | user_id:  | 内容：
2026-04-27 04:37:58.477 - INFO - message_handler - 📩 收到私聊消息 | user_id:  | 内容：
2026-04-27 04:38:58.478 - INFO - message_handler - 📩 收到私聊消息 | user_id:  | 内容：
2026-04-27 04:39:58.482 - INFO - message_handler - 📩 收到私聊消息 | user_id:  | 内容：
2026-04-27 04:40:58.476 - INFO - message_handler - 📩 收到私聊消息 | user_id:  | 内容：
2026-04-27 04:41:58.488 - INFO - message_handler - 📩 收到私聊消息 | user_id:  | 内容：
2026-04-27 04:42:58.482 - INFO - message_handler - 📩 收到私聊消息 | user_id:  | 内容：
2026-04-27 04:43:58.483 - INFO - message_handler - 📩 收到私聊消息 | user_id:  | 内容：
2026-04-27 04:44:58.483 - INFO - message_handler - 📩 收到私聊消息 | user_id:  | 内容：
2026-04-27 04:45:58.486 - INFO - message_handler - 📩 收到私聊消息 | user_id:  | 内容：
2026-04-27 04:46:58.484 - INFO - message_handler - 📩 收到私聊消息 | user_id:  | 内容：
2026-04-27 04:47:58.489 - INFO - message_handler - 📩 收到私聊消息 | user_id:  | 内容：
2026-04-27 04:48:58.560 - INFO - message_handler - 📩 收到私聊消息 | user_id:  | 内容：
2026-04-27 04:49:58.485 - INFO - message_handler - 📩 收到私聊消息 | user_id:  | 内容：
2026-04-27 04:50:58.487 - INFO - message_handler - 📩 收到私聊消息 | user_id:  | 内容：
2026-04-27 04:51:58.491 - INFO - message_handler - 📩 收到私聊消息 | user_id:  | 内容：
2026-04-27 04:52:58.492 - INFO - message_handler - 📩 收到私聊消息 | user_id:  | 内容：
2026-04-27 04:53:58.491 - INFO - message_handler - 📩 收到私聊消息 | user_id:  | 内容：
2026-04-27 04:54:58.490 - INFO - message_handler - 📩 收到私聊消息 | user_id:  | 内容：
2026-04-27 04:55:58.488 - INFO - message_handler - 📩 收到私聊消息 | user_id:  | 内容：
2026-04-27 04:56:58.487 - INFO - message_handler - 📩 收到私聊消息 | user_id:  | 内容：
2026-04-27 04:57:58.489 - INFO - message_handler - 📩 收到私聊消息 | user_id:  | 内容：
2026-04-27 04:58:58.509 - INFO - message_handler - 📩 收到私聊消息 | user_id:  | 内容：
2026-04-27 04:59:58.491 - INFO - message_handler - 📩 收到私聊消息 | user_id:  | 内容：
2026-04-27 05:00:58.495 - INFO - message_handler - 📩 收到私聊消息 | user_id:  | 内容：
2026-04-27 05:01:58.497 - INFO - message_handler - 📩 收到私聊消息 | user_id:  | 内容：
2026-04-27 05:02:58.494 - INFO - message_handler - 📩 收到私聊消息 | user_id:  | 内容：
2026-04-27 05:03:58.496 - INFO - message_handler - 📩 收到私聊消息 | user_id:  | 内容：
2026-04-27 05:04:58.495 - INFO - message_handler - 📩 收到私聊消息 | user_id:  | 内容：
2026-04-27 05:05:58.498 - INFO - message_handler - 📩 收到私聊消息 | user_id:  | 内容：
2026-04-27 05:06:58.497 - INFO - message_handler - 📩 收到私聊消息 | user_id:  | 内容：
2026-04-27 05:07:58.521 - INFO - message_handler - 📩 收到私聊消息 | user_id:  | 内容：
2026-04-27 05:08:58.495 - INFO - message_handler - 📩 收到私聊消息 | user_id:  | 内容：
2026-04-27 05:09:58.498 - INFO - message_handler - 📩 收到私聊消息 | user_id:  | 内容：
2026-04-27 05:10:58.499 - INFO - message_handler - 📩 收到私聊消息 | user_id:  | 内容：
2026-04-27 05:11:58.498 - INFO - message_handler - 📩 收到私聊消息 | user_id:  | 内容：
2026-04-27 05:12:58.495 - INFO - message_handler - 📩 收到私聊消息 | user_id:  | 内容：
2026-04-27 05:13:58.501 - INFO - message_handler - 📩 收到私聊消息 | user_id:  | 内容：
2026-04-27 05:14:58.502 - INFO - message_handler - 📩 收到私聊消息 | user_id:  | 内容：
2026-04-27 05:15:58.500 - INFO - message_handler - 📩 收到私聊消息 | user_id:  | 内容：
2026-04-27 05:16:58.501 - INFO - message_handler - 📩 收到私聊消息 | user_id:  | 内容：
2026-04-27 05:17:58.504 - INFO - message_handler - 📩 收到私聊消息 | user_id:  | 内容：
2026-04-27 05:18:58.502 - INFO - message_handler - 📩 收到私聊消息 | user_id:  | 内容：
2026-04-27 05:19:58.505 - INFO - message_handler - 📩 收到私聊消息 | user_id:  | 内容：
2026-04-27 05:20:35.375 - WARNING - api_client - ❌ 服务器 ef7c08f2d6ca41f2a465631a064b47e5 MCSM API 重试5次后仍失败，将回退至 Minecraft 协议 | ClientResponseError: 521, message='HTTP 521', url='https://server-backend.mooire.top/api/instance?daemonId=85f05f4168334f
2026-04-27 05:20:35.468 - WARNING - api_client - ❌ 服务器 ef7c08f2d6ca41f2a465631a064b47e5 重试5次后仍失败 | ClientResponseError: 521, message='HTTP 521', url='https://server-backend.mooire.top/api/instance?daemonId=85f05f4168334f
2026-04-27 05:20:48.237 - WARNING - api_client - ❌ 服务器 1f678fdfacfa42cba4823361aaf47ce9 MCSM API 重试5次后仍失败，将回退至 Minecraft 协议 | ClientResponseError: 521, message='HTTP 521', url='https://server-backend.mooire.top/api/instance?daemonId=85f05f4168334f
2026-04-27 05:20:48.273 - WARNING - api_client - ❌ 服务器 1f678fdfacfa42cba4823361aaf47ce9 重试5次后仍失败 | ClientResponseError: 521, message='HTTP 521', url='https://server-backend.mooire.top/api/instance?daemonId=85f05f4168334f
2026-04-27 05:20:58.209 - WARNING - api_client - ❌ 服务器 809b760b152e4c21960d676554eac4c2 MCSM API 重试5次后仍失败，将回退至 Minecraft 协议 | ClientResponseError: 521, message='HTTP 521', url='https://server-backend.mooire.top/api/instance?daemonId=85f05f4168334f
2026-04-27 05:20:58.297 - WARNING - api_client - ❌ 服务器 809b760b152e4c21960d676554eac4c2 重试5次后仍失败 | ClientResponseError: 521, message='HTTP 521', url='https://server-backend.mooire.top/api/instance?daemonId=85f05f4168334f
2026-04-27 05:20:58.503 - INFO - message_handler - 📩 收到私聊消息 | user_id:  | 内容：
2026-04-27 05:21:07.545 - WARNING - api_client - ❌ 服务器 3365e3b2fa8e441d82010c192f32aa7e MCSM API 重试5次后仍失败，将回退至 Minecraft 协议 | ClientResponseError: 521, message='HTTP 521', url='https://server-backend.mooire.top/api/instance?daemonId=85f05f4168334f
2026-04-27 05:21:07.677 - WARNING - api_client - ❌ 服务器 3365e3b2fa8e441d82010c192f32aa7e 重试5次后仍失败 | ClientResponseError: 521, message='HTTP 521', url='https://server-backend.mooire.top/api/instance?daemonId=85f05f4168334f
2026-04-27 05:21:58.503 - INFO - message_handler - 📩 收到私聊消息 | user_id:  | 内容：
2026-04-27 05:22:58.503 - INFO - message_handler - 📩 收到私聊消息 | user_id:  | 内容：
2026-04-27 05:23:58.503 - INFO - message_handler - 📩 收到私聊消息 | user_id:  | 内容：
2026-04-27 05:24:58.500 - INFO - message_handler - 📩 收到私聊消息 | user_id:  | 内容：
2026-04-27 05:25:58.509 - INFO - message_handler - 📩 收到私聊消息 | user_id:  | 内容：
2026-04-27 05:26:58.504 - INFO - message_handler - 📩 收到私聊消息 | user_id:  | 内容：
2026-04-27 05:27:58.499 - INFO - message_handler - 📩 收到私聊消息 | user_id:  | 内容：
2026-04-27 05:28:58.505 - INFO - message_handler - 📩 收到私聊消息 | user_id:  | 内容：
2026-04-27 05:29:58.517 - INFO - message_handler - 📩 收到私聊消息 | user_id:  | 内容：
2026-04-27 05:30:58.501 - INFO - message_handler - 📩 收到私聊消息 | user_id:  | 内容：
2026-04-27 05:31:58.501 - INFO - message_handler - 📩 收到私聊消息 | user_id:  | 内容：
2026-04-27 05:32:58.511 - INFO - message_handler - 📩 收到私聊消息 | user_id:  | 内容：
2026-04-27 05:33:58.504 - INFO - message_handler - 📩 收到私聊消息 | user_id:  | 内容：
2026-04-27 05:34:58.510 - INFO - message_handler - 📩 收到私聊消息 | user_id:  | 内容：
2026-04-27 05:35:58.511 - INFO - message_handler - 📩 收到私聊消息 | user_id:  | 内容：
2026-04-27 05:36:58.509 - INFO - message_handler - 📩 收到私聊消息 | user_id:  | 内容：
2026-04-27 05:37:58.507 - INFO - message_handler - 📩 收到私聊消息 | user_id:  | 内容：
2026-04-27 05:38:58.518 - INFO - message_handler - 📩 收到私聊消息 | user_id:  | 内容：
2026-04-27 05:39:58.512 - INFO - message_handler - 📩 收到私聊消息 | user_id:  | 内容：
2026-04-27 05:40:58.508 - INFO - message_handler - 📩 收到私聊消息 | user_id:  | 内容：
2026-04-27 05:41:58.512 - INFO - message_handler - 📩 收到私聊消息 | user_id:  | 内容：
2026-04-27 05:42:58.508 - INFO - message_handler - 📩 收到私聊消息 | user_id:  | 内容：
2026-04-27 05:43:58.511 - INFO - message_handler - 📩 收到私聊消息 | user_id:  | 内容：
2026-04-27 05:44:58.508 - INFO - message_handler - 📩 收到私聊消息 | user_id:  | 内容：
2026-04-27 05:45:58.513 - INFO - message_handler - 📩 收到私聊消息 | user_id:  | 内容：
2026-04-27 05:46:58.511 - INFO - message_handler - 📩 收到私聊消息 | user_id:  | 内容：
2026-04-27 05:47:58.512 - INFO - message_handler - 📩 收到私聊消息 | user_id:  | 内容：
2026-04-27 05:48:58.516 - INFO - message_handler - 📩 收到私聊消息 | user_id:  | 内容：
2026-04-27 05:49:58.515 - INFO - message_handler - 📩 收到私聊消息 | user_id:  | 内容：
2026-04-27 05:50:58.515 - INFO - message_handler - 📩 收到私聊消息 | user_id:  | 内容：
2026-04-27 05:51:58.557 - INFO - message_handler - 📩 收到私聊消息 | user_id:  | 内容：
2026-04-27 05:52:58.515 - INFO - message_handler - 📩 收到私聊消息 | user_id:  | 内容：
2026-04-27 05:53:58.514 - INFO - message_handler - 📩 收到私聊消息 | user_id:  | 内容：
2026-04-27 05:54:58.511 - INFO - message_handler - 📩 收到私聊消息 | user_id:  | 内容：
2026-04-27 05:55:58.511 - INFO - message_handler - 📩 收到私聊消息 | user_id:  | 内容：
WARNING:  Invalid HTTP request received.
2026-04-27 05:56:58.515 - INFO - message_handler - 📩 收到私聊消息 | user_id:  | 内容：
2026-04-27 05:57:58.518 - INFO - message_handler - 📩 收到私聊消息 | user_id:  | 内容：
2026-04-27 05:58:58.520 - INFO - message_handler - 📩 收到私聊消息 | user_id:  | 内容：
2026-04-27 05:59:58.517 - INFO - message_handler - 📩 收到私聊消息 | user_id:  | 内容：
2026-04-27 06:00:58.519 - INFO - message_handler - 📩 收到私聊消息 | user_id:  | 内容：
2026-04-27 06:01:58.519 - INFO - message_handler - 📩 收到私聊消息 | user_id:  | 内容：
2026-04-27 06:02:58.517 - INFO - message_handler - 📩 收到私聊消息 | user_id:  | 内容：
2026-04-27 06:03:58.520 - INFO - message_handler - 📩 收到私聊消息 | user_id:  | 内容：
2026-04-27 06:04:58.529 - INFO - message_handler - 📩 收到私聊消息 | user_id:  | 内容：
2026-04-27 06:05:58.525 - INFO - message_handler - 📩 收到私聊消息 | user_id:  | 内容：
2026-04-27 06:06:58.520 - INFO - message_handler - 📩 收到私聊消息 | user_id:  | 内容：
2026-04-27 06:07:58.521 - INFO - message_handler - 📩 收到私聊消息 | user_id:  | 内容：
2026-04-27 06:08:58.521 - INFO - message_handler - 📩 收到私聊消息 | user_id:  | 内容：
2026-04-27 06:09:58.525 - INFO - message_handler - 📩 收到私聊消息 | user_id:  | 内容：
2026-04-27 06:10:58.529 - INFO - message_handler - 📩 收到私聊消息 | user_id:  | 内容：
2026-04-27 06:11:58.528 - INFO - message_handler - 📩 收到私聊消息 | user_id:  | 内容：
2026-04-27 06:12:58.524 - INFO - message_handler - 📩 收到私聊消息 | user_id:  | 内容：
2026-04-27 06:13:58.526 - INFO - message_handler - 📩 收到私聊消息 | user_id:  | 内容：
2026-04-27 06:14:58.529 - INFO - message_handler - 📩 收到私聊消息 | user_id:  | 内容：
2026-04-27 06:15:58.523 - INFO - message_handler - 📩 收到私聊消息 | user_id:  | 内容：
2026-04-27 06:16:58.527 - INFO - message_handler - 📩 收到私聊消息 | user_id:  | 内容：
2026-04-27 06:17:58.531 - INFO - message_handler - 📩 收到私聊消息 | user_id:  | 内容：
2026-04-27 06:18:58.528 - INFO - message_handler - 📩 收到私聊消息 | user_id:  | 内容：
2026-04-27 06:19:58.529 - INFO - message_handler - 📩 收到私聊消息 | user_id:  | 内容：
2026-04-27 06:20:58.529 - INFO - message_handler - 📩 收到私聊消息 | user_id:  | 内容：
2026-04-27 06:21:58.528 - INFO - message_handler - 📩 收到私聊消息 | user_id:  | 内容：
2026-04-27 06:22:58.528 - INFO - message_handler - 📩 收到私聊消息 | user_id:  | 内容：
2026-04-27 06:23:58.564 - INFO - message_handler - 📩 收到私聊消息 | user_id:  | 内容：
2026-04-27 06:24:58.526 - INFO - message_handler - 📩 收到私聊消息 | user_id:  | 内容：
2026-04-27 06:25:58.528 - INFO - message_handler - 📩 收到私聊消息 | user_id:  | 内容：
2026-04-27 06:26:58.558 - INFO - message_handler - 📩 收到私聊消息 | user_id:  | 内容：
2026-04-27 06:27:58.529 - INFO - message_handler - 📩 收到私聊消息 | user_id:  | 内容：
2026-04-27 06:28:58.528 - INFO - message_handler - 📩 收到私聊消息 | user_id:  | 内容：
2026-04-27 06:29:58.529 - INFO - message_handler - 📩 收到私聊消息 | user_id:  | 内容：
2026-04-27 06:30:58.533 - INFO - message_handler - 📩 收到私聊消息 | user_id:  | 内容：
2026-04-27 06:31:58.527 - INFO - message_handler - 📩 收到私聊消息 | user_id:  | 内容：
2026-04-27 06:32:58.531 - INFO - message_handler - 📩 收到私聊消息 | user_id:  | 内容：
2026-04-27 06:33:58.753 - INFO - message_handler - 📩 收到私聊消息 | user_id:  | 内容：
2026-04-27 06:34:58.539 - INFO - message_handler - 📩 收到私聊消息 | user_id:  | 内容：
2026-04-27 06:35:58.570 - INFO - message_handler - 📩 收到私聊消息 | user_id:  | 内容：
2026-04-27 06:36:58.538 - INFO - message_handler - 📩 收到私聊消息 | user_id:  | 内容：
2026-04-27 06:37:58.743 - INFO - message_handler - 📩 收到私聊消息 | user_id:  | 内容：
2026-04-27 06:38:58.731 - INFO - message_handler - 📩 收到私聊消息 | user_id:  | 内容：
2026-04-27 06:39:58.545 - INFO - message_handler - 📩 收到私聊消息 | user_id:  | 内容：
2026-04-27 06:40:58.600 - INFO - message_handler - 📩 收到私聊消息 | user_id:  | 内容：
2026-04-27 06:41:58.543 - INFO - message_handler - 📩 收到私聊消息 | user_id:  | 内容：
2026-04-27 06:42:58.567 - INFO - message_handler - 📩 收到私聊消息 | user_id:  | 内容：
2026-04-27 06:43:58.549 - INFO - message_handler - 📩 收到私聊消息 | user_id:  | 内容：
2026-04-27 06:44:58.596 - INFO - message_handler - 📩 收到私聊消息 | user_id:  | 内容：
2026-04-27 06:45:58.607 - INFO - message_handler - 📩 收到私聊消息 | user_id:  | 内容：
2026-04-27 06:46:58.617 - INFO - message_handler - 📩 收到私聊消息 | user_id:  | 内容：
2026-04-27 06:47:58.544 - INFO - message_handler - 📩 收到私聊消息 | user_id:  | 内容：
2026-04-27 06:48:58.561 - INFO - message_handler - 📩 收到私聊消息 | user_id:  | 内容：
2026-04-27 06:49:58.554 - INFO - message_handler - 📩 收到私聊消息 | user_id:  | 内容：
2026-04-27 06:50:58.740 - INFO - message_handler - 📩 收到私聊消息 | user_id:  | 内容：
2026-04-27 06:51:58.549 - INFO - message_handler - 📩 收到私聊消息 | user_id:  | 内容：
2026-04-27 06:52:58.575 - INFO - message_handler - 📩 收到私聊消息 | user_id:  | 内容：
2026-04-27 06:53:58.549 - INFO - message_handler - 📩 收到私聊消息 | user_id:  | 内容：
2026-04-27 06:54:58.778 - INFO - message_handler - 📩 收到私聊消息 | user_id:  | 内容：
2026-04-27 06:55:58.551 - INFO - message_handler - 📩 收到私聊消息 | user_id:  | 内容：
2026-04-27 06:56:58.551 - INFO - message_handler - 📩 收到私聊消息 | user_id:  | 内容：
2026-04-27 06:57:59.017 - INFO - message_handler - 📩 收到私聊消息 | user_id:  | 内容：
2026-04-27 06:58:58.564 - INFO - message_handler - 📩 收到私聊消息 | user_id:  | 内容：
2026-04-27 06:59:58.573 - INFO - message_handler - 📩 收到私聊消息 | user_id:  | 内容：
2026-04-27 07:00:58.551 - INFO - message_handler - 📩 收到私聊消息 | user_id:  | 内容：
2026-04-27 07:01:58.564 - INFO - message_handler - 📩 收到私聊消息 | user_id:  | 内容：
2026-04-27 07:02:58.557 - INFO - message_handler - 📩 收到私聊消息 | user_id:  | 内容：
2026-04-27 07:03:58.571 - INFO - message_handler - 📩 收到私聊消息 | user_id:  | 内容：
2026-04-27 07:04:58.551 - INFO - message_handler - 📩 收到私聊消息 | user_id:  | 内容：
2026-04-27 07:05:58.568 - INFO - message_handler - 📩 收到私聊消息 | user_id:  | 内容：
2026-04-27 07:06:58.550 - INFO - message_handler - 📩 收到私聊消息 | user_id:  | 内容：
2026-04-27 07:07:58.551 - INFO - message_handler - 📩 收到私聊消息 | user_id:  | 内容：
2026-04-27 07:08:58.551 - INFO - message_handler - 📩 收到私聊消息 | user_id:  | 内容：
2026-04-27 07:09:58.553 - INFO - message_handler - 📩 收到私聊消息 | user_id:  | 内容：
2026-04-27 07:10:58.554 - INFO - message_handler - 📩 收到私聊消息 | user_id:  | 内容：
2026-04-27 07:11:58.548 - INFO - message_handler - 📩 收到私聊消息 | user_id:  | 内容：
2026-04-27 07:12:58.553 - INFO - message_handler - 📩 收到私聊消息 | user_id:  | 内容：
2026-04-27 07:13:58.549 - INFO - message_handler - 📩 收到私聊消息 | user_id:  | 内容：
2026-04-27 07:14:58.550 - INFO - message_handler - 📩 收到私聊消息 | user_id:  | 内容：
2026-04-27 07:15:58.559 - INFO - message_handler - 📩 收到私聊消息 | user_id:  | 内容：
2026-04-27 07:16:58.582 - INFO - message_handler - 📩 收到私聊消息 | user_id:  | 内容：
2026-04-27 07:17:58.551 - INFO - message_handler - 📩 收到私聊消息 | user_id:  | 内容：
2026-04-27 07:18:58.555 - INFO - message_handler - 📩 收到私聊消息 | user_id:  | 内容：
2026-04-27 07:19:58.558 - INFO - message_handler - 📩 收到私聊消息 | user_id:  | 内容：
2026-04-27 07:20:58.559 - INFO - message_handler - 📩 收到私聊消息 | user_id:  | 内容：
2026-04-27 07:21:58.559 - INFO - message_handler - 📩 收到私聊消息 | user_id:  | 内容：
2026-04-27 07:22:58.561 - INFO - message_handler - 📩 收到私聊消息 | user_id:  | 内容：
2026-04-27 07:23:58.560 - INFO - message_handler - 📩 收到私聊消息 | user_id:  | 内容：
2026-04-27 07:24:58.559 - INFO - message_handler - 📩 收到私聊消息 | user_id:  | 内容：
2026-04-27 07:25:58.561 - INFO - message_handler - 📩 收到私聊消息 | user_id:  | 内容：
2026-04-27 07:26:58.560 - INFO - message_handler - 📩 收到私聊消息 | user_id:  | 内容：
2026-04-27 07:27:58.559 - INFO - message_handler - 📩 收到私聊消息 | user_id:  | 内容：
2026-04-27 07:28:58.562 - INFO - message_handler - 📩 收到私聊消息 | user_id:  | 内容：
2026-04-27 07:29:58.560 - INFO - message_handler - 📩 收到私聊消息 | user_id:  | 内容：
2026-04-27 07:30:58.561 - INFO - message_handler - 📩 收到私聊消息 | user_id:  | 内容：
2026-04-27 07:31:58.574 - INFO - message_handler - 📩 收到私聊消息 | user_id:  | 内容：
2026-04-27 07:32:58.562 - INFO - message_handler - 📩 收到私聊消息 | user_id:  | 内容：
2026-04-27 07:33:58.564 - INFO - message_handler - 📩 收到私聊消息 | user_id:  | 内容：
2026-04-27 07:34:58.565 - INFO - message_handler - 📩 收到私聊消息 | user_id:  | 内容：
2026-04-27 07:35:58.677 - INFO - message_handler - 📩 收到私聊消息 | user_id:  | 内容：
2026-04-27 07:36:58.564 - INFO - message_handler - 📩 收到私聊消息 | user_id:  | 内容：
WARNING:  Invalid HTTP request received.
2026-04-27 07:37:58.564 - INFO - message_handler - 📩 收到私聊消息 | user_id:  | 内容：
2026-04-27 07:38:58.565 - INFO - message_handler - 📩 收到私聊消息 | user_id:  | 内容：
2026-04-27 07:39:58.566 - INFO - message_handler - 📩 收到私聊消息 | user_id:  | 内容：
2026-04-27 07:40:58.566 - INFO - message_handler - 📩 收到私聊消息 | user_id:  | 内容：
2026-04-27 07:41:58.567 - INFO - message_handler - 📩 收到私聊消息 | user_id:  | 内容：
2026-04-27 07:42:58.563 - INFO - message_handler - 📩 收到私聊消息 | user_id:  | 内容：
2026-04-27 07:43:58.570 - INFO - message_handler - 📩 收到私聊消息 | user_id:  | 内容：
2026-04-27 07:44:58.568 - INFO - message_handler - 📩 收到私聊消息 | user_id:  | 内容：
2026-04-27 07:45:58.570 - INFO - message_handler - 📩 收到私聊消息 | user_id:  | 内容：
2026-04-27 07:46:58.567 - INFO - message_handler - 📩 收到私聊消息 | user_id:  | 内容：
2026-04-27 07:47:58.566 - INFO - message_handler - 📩 收到私聊消息 | user_id:  | 内容：
2026-04-27 07:48:58.569 - INFO - message_handler - 📩 收到私聊消息 | user_id:  | 内容：
2026-04-27 07:49:58.566 - INFO - message_handler - 📩 收到私聊消息 | user_id:  | 内容：
2026-04-27 07:50:58.578 - INFO - message_handler - 📩 收到私聊消息 | user_id:  | 内容：
2026-04-27 07:51:58.568 - INFO - message_handler - 📩 收到私聊消息 | user_id:  | 内容：
2026-04-27 07:52:58.570 - INFO - message_handler - 📩 收到私聊消息 | user_id:  | 内容：
2026-04-27 07:53:58.570 - INFO - message_handler - 📩 收到私聊消息 | user_id:  | 内容：
2026-04-27 07:54:58.570 - INFO - message_handler - 📩 收到私聊消息 | user_id:  | 内容：
2026-04-27 07:55:58.568 - INFO - message_handler - 📩 收到私聊消息 | user_id:  | 内容：
2026-04-27 07:56:58.568 - INFO - message_handler - 📩 收到私聊消息 | user_id:  | 内容：
2026-04-27 07:57:58.568 - INFO - message_handler - 📩 收到私聊消息 | user_id:  | 内容：
2026-04-27 07:58:58.571 - INFO - message_handler - 📩 收到私聊消息 | user_id:  | 内容：
2026-04-27 07:59:58.570 - INFO - message_handler - 📩 收到私聊消息 | user_id:  | 内容：
2026-04-27 08:00:58.573 - INFO - message_handler - 📩 收到私聊消息 | user_id:  | 内容：
2026-04-27 08:01:58.587 - INFO - message_handler - 📩 收到私聊消息 | user_id:  | 内容：
2026-04-27 08:02:58.593 - INFO - message_handler - 📩 收到私聊消息 | user_id:  | 内容：
2026-04-27 08:03:31.523 - INFO - message_handler - 📩 收到群消息 | group_id: 733890551 | user_id: 2029626166 | 内容：[CQ:image,file=140F30E0CD366B23199AB5D7AD709B3A.jp
2026-04-27 08:03:58.566 - INFO - message_handler - 📩 收到私聊消息 | user_id:  | 内容：
2026-04-27 08:04:58.569 - INFO - message_handler - 📩 收到私聊消息 | user_id:  | 内容：
2026-04-27 08:05:58.567 - INFO - message_handler - 📩 收到私聊消息 | user_id:  | 内容：
2026-04-27 08:06:58.574 - INFO - message_handler - 📩 收到私聊消息 | user_id:  | 内容：
2026-04-27 08:07:58.582 - INFO - message_handler - 📩 收到私聊消息 | user_id:  | 内容：
2026-04-27 08:08:58.581 - INFO - message_handler - 📩 收到私聊消息 | user_id:  | 内容：
2026-04-27 08:09:58.575 - INFO - message_handler - 📩 收到私聊消息 | user_id:  | 内容：
2026-04-27 08:10:58.577 - INFO - message_handler - 📩 收到私聊消息 | user_id:  | 内容：
2026-04-27 08:11:58.578 - INFO - message_handler - 📩 收到私聊消息 | user_id:  | 内容：
2026-04-27 08:12:58.575 - INFO - message_handler - 📩 收到私聊消息 | user_id:  | 内容：
2026-04-27 08:13:58.580 - INFO - message_handler - 📩 收到私聊消息 | user_id:  | 内容：
2026-04-27 08:14:58.582 - INFO - message_handler - 📩 收到私聊消息 | user_id:  | 内容：
2026-04-27 08:15:58.596 - INFO - message_handler - 📩 收到私聊消息 | user_id:  | 内容：
2026-04-27 08:16:58.586 - INFO - message_handler - 📩 收到私聊消息 | user_id:  | 内容：
2026-04-27 08:17:58.631 - INFO - message_handler - 📩 收到私聊消息 | user_id:  | 内容：
2026-04-27 08:18:58.652 - INFO - message_handler - 📩 收到私聊消息 | user_id:  | 内容：
2026-04-27 08:19:58.645 - INFO - message_handler - 📩 收到私聊消息 | user_id:  | 内容：
2026-04-27 08:20:58.728 - INFO - message_handler - 📩 收到私聊消息 | user_id:  | 内容：
2026-04-27 08:21:58.679 - INFO - message_handler - 📩 收到私聊消息 | user_id:  | 内容：
2026-04-27 08:22:58.612 - INFO - message_handler - 📩 收到私聊消息 | user_id:  | 内容：
2026-04-27 08:23:58.604 - INFO - message_handler - 📩 收到私聊消息 | user_id:  | 内容：
2026-04-27 08:24:58.603 - INFO - message_handler - 📩 收到私聊消息 | user_id:  | 内容：
2026-04-27 08:25:58.614 - INFO - message_handler - 📩 收到私聊消息 | user_id:  | 内容：
2026-04-27 08:26:58.587 - INFO - message_handler - 📩 收到私聊消息 | user_id:  | 内容：
2026-04-27 08:27:58.622 - INFO - message_handler - 📩 收到私聊消息 | user_id:  | 内容：
2026-04-27 08:28:58.588 - INFO - message_handler - 📩 收到私聊消息 | user_id:  | 内容：
2026-04-27 08:29:58.621 - INFO - message_handler - 📩 收到私聊消息 | user_id:  | 内容：
2026-04-27 08:30:58.590 - INFO - message_handler - 📩 收到私聊消息 | user_id:  | 内容：
2026-04-27 08:31:58.589 - INFO - message_handler - 📩 收到私聊消息 | user_id:  | 内容：
2026-04-27 08:32:58.615 - INFO - message_handler - 📩 收到私聊消息 | user_id:  | 内容：
2026-04-27 08:33:58.602 - INFO - message_handler - 📩 收到私聊消息 | user_id:  | 内容：
2026-04-27 08:34:58.663 - INFO - message_handler - 📩 收到私聊消息 | user_id:  | 内容：
2026-04-27 08:35:58.604 - INFO - message_handler - 📩 收到私聊消息 | user_id:  | 内容：
2026-04-27 08:36:59.523 - INFO - message_handler - 📩 收到私聊消息 | user_id:  | 内容：
2026-04-27 08:37:58.592 - INFO - message_handler - 📩 收到私聊消息 | user_id:  | 内容：
2026-04-27 08:38:58.600 - INFO - message_handler - 📩 收到私聊消息 | user_id:  | 内容：
2026-04-27 08:39:58.617 - INFO - message_handler - 📩 收到私聊消息 | user_id:  | 内容：
2026-04-27 08:40:58.611 - INFO - message_handler - 📩 收到私聊消息 | user_id:  | 内容：
2026-04-27 08:41:58.604 - INFO - message_handler - 📩 收到私聊消息 | user_id:  | 内容：
2026-04-27 08:42:58.605 - INFO - message_handler - 📩 收到私聊消息 | user_id:  | 内容：
2026-04-27 08:43:58.635 - INFO - message_handler - 📩 收到私聊消息 | user_id:  | 内容：
2026-04-27 08:44:58.595 - INFO - message_handler - 📩 收到私聊消息 | user_id:  | 内容：
2026-04-27 08:45:58.617 - INFO - message_handler - 📩 收到私聊消息 | user_id:  | 内容：
2026-04-27 08:46:58.609 - INFO - message_handler - 📩 收到私聊消息 | user_id:  | 内容：
2026-04-27 08:47:58.613 - INFO - message_handler - 📩 收到私聊消息 | user_id:  | 内容：
2026-04-27 08:48:58.609 - INFO - message_handler - 📩 收到私聊消息 | user_id:  | 内容：
2026-04-27 08:49:58.622 - INFO - message_handler - 📩 收到私聊消息 | user_id:  | 内容：
2026-04-27 08:50:58.715 - INFO - message_handler - 📩 收到私聊消息 | user_id:  | 内容：
2026-04-27 08:51:58.618 - INFO - message_handler - 📩 收到私聊消息 | user_id:  | 内容：
2026-04-27 08:52:59.207 - INFO - message_handler - 📩 收到私聊消息 | user_id:  | 内容：
2026-04-27 08:53:58.616 - INFO - message_handler - 📩 收到私聊消息 | user_id:  | 内容：
2026-04-27 08:54:58.598 - INFO - message_handler - 📩 收到私聊消息 | user_id:  | 内容：
2026-04-27 08:55:58.650 - INFO - message_handler - 📩 收到私聊消息 | user_id:  | 内容：
2026-04-27 08:56:58.607 - INFO - message_handler - 📩 收到私聊消息 | user_id:  | 内容：
2026-04-27 08:57:58.600 - INFO - message_handler - 📩 收到私聊消息 | user_id:  | 内容：
2026-04-27 08:58:58.631 - INFO - message_handler - 📩 收到私聊消息 | user_id:  | 内容：
2026-04-27 08:59:58.605 - INFO - message_handler - 📩 收到私聊消息 | user_id:  | 内容：
2026-04-27 09:00:58.605 - INFO - message_handler - 📩 收到私聊消息 | user_id:  | 内容：
2026-04-27 09:01:58.608 - INFO - message_handler - 📩 收到私聊消息 | user_id:  | 内容：
2026-04-27 09:02:58.606 - INFO - message_handler - 📩 收到私聊消息 | user_id:  | 内容：
2026-04-27 09:03:58.606 - INFO - message_handler - 📩 收到私聊消息 | user_id:  | 内容：
2026-04-27 09:04:58.615 - INFO - message_handler - 📩 收到私聊消息 | user_id:  | 内容：
2026-04-27 09:05:58.624 - INFO - message_handler - 📩 收到私聊消息 | user_id:  | 内容：
2026-04-27 09:06:58.715 - INFO - message_handler - 📩 收到私聊消息 | user_id:  | 内容：
2026-04-27 09:07:58.611 - INFO - message_handler - 📩 收到私聊消息 | user_id:  | 内容：
2026-04-27 09:08:59.143 - INFO - message_handler - 📩 收到私聊消息 | user_id:  | 内容：
2026-04-27 09:09:58.611 - INFO - message_handler - 📩 收到私聊消息 | user_id:  | 内容：
2026-04-27 09:10:58.612 - INFO - message_handler - 📩 收到私聊消息 | user_id:  | 内容：
2026-04-27 09:11:58.611 - INFO - message_handler - 📩 收到私聊消息 | user_id:  | 内容：
2026-04-27 09:12:58.613 - INFO - message_handler - 📩 收到私聊消息 | user_id:  | 内容：
2026-04-27 09:13:58.613 - INFO - message_handler - 📩 收到私聊消息 | user_id:  | 内容：
2026-04-27 09:14:58.631 - INFO - message_handler - 📩 收到私聊消息 | user_id:  | 内容：
2026-04-27 09:15:58.642 - INFO - message_handler - 📩 收到私聊消息 | user_id:  | 内容：
2026-04-27 09:16:58.640 - INFO - message_handler - 📩 收到私聊消息 | user_id:  | 内容：
2026-04-27 09:17:58.648 - INFO - message_handler - 📩 收到私聊消息 | user_id:  | 内容：
2026-04-27 09:18:58.614 - INFO - message_handler - 📩 收到私聊消息 | user_id:  | 内容：
2026-04-27 09:19:58.613 - INFO - message_handler - 📩 收到私聊消息 | user_id:  | 内容：
2026-04-27 09:20:58.612 - INFO - message_handler - 📩 收到私聊消息 | user_id:  | 内容：
2026-04-27 09:21:58.615 - INFO - message_handler - 📩 收到私聊消息 | user_id:  | 内容：
2026-04-27 09:22:58.626 - INFO - message_handler - 📩 收到私聊消息 | user_id:  | 内容：
2026-04-27 09:23:58.616 - INFO - message_handler - 📩 收到私聊消息 | user_id:  | 内容：
2026-04-27 09:24:58.610 - INFO - message_handler - 📩 收到私聊消息 | user_id:  | 内容：
2026-04-27 09:25:58.618 - INFO - message_handler - 📩 收到私聊消息 | user_id:  | 内容：
2026-04-27 09:26:58.618 - INFO - message_handler - 📩 收到私聊消息 | user_id:  | 内容：
2026-04-27 09:27:58.612 - INFO - message_handler - 📩 收到私聊消息 | user_id:  | 内容：
2026-04-27 09:28:58.618 - INFO - message_handler - 📩 收到私聊消息 | user_id:  | 内容：
2026-04-27 09:29:58.649 - INFO - message_handler - 📩 收到私聊消息 | user_id:  | 内容：
2026-04-27 09:30:58.619 - INFO - message_handler - 📩 收到私聊消息 | user_id:  | 内容：
2026-04-27 09:31:58.620 - INFO - message_handler - 📩 收到私聊消息 | user_id:  | 内容：
2026-04-27 09:32:58.625 - INFO - message_handler - 📩 收到私聊消息 | user_id:  | 内容：
2026-04-27 09:33:58.705 - INFO - message_handler - 📩 收到私聊消息 | user_id:  | 内容：
2026-04-27 09:34:58.705 - INFO - message_handler - 📩 收到私聊消息 | user_id:  | 内容：
2026-04-27 09:35:58.708 - INFO - message_handler - 📩 收到私聊消息 | user_id:  | 内容：
2026-04-27 09:36:58.707 - INFO - message_handler - 📩 收到私聊消息 | user_id:  | 内容：
2026-04-27 09:37:58.707 - INFO - message_handler - 📩 收到私聊消息 | user_id:  | 内容：
2026-04-27 09:38:58.707 - INFO - message_handler - 📩 收到私聊消息 | user_id:  | 内容：
2026-04-27 09:39:58.707 - INFO - message_handler - 📩 收到私聊消息 | user_id:  | 内容：
2026-04-27 09:40:58.706 - INFO - message_handler - 📩 收到私聊消息 | user_id:  | 内容：
2026-04-27 09:41:58.709 - INFO - message_handler - 📩 收到私聊消息 | user_id:  | 内容：
2026-04-27 09:42:58.709 - INFO - message_handler - 📩 收到私聊消息 | user_id:  | 内容：
2026-04-27 09:43:58.707 - INFO - message_handler - 📩 收到私聊消息 | user_id:  | 内容：
2026-04-27 09:44:58.712 - INFO - message_handler - 📩 收到私聊消息 | user_id:  | 内容：
2026-04-27 09:45:58.735 - INFO - message_handler - 📩 收到私聊消息 | user_id:  | 内容：
2026-04-27 09:46:58.709 - INFO - message_handler - 📩 收到私聊消息 | user_id:  | 内容：
2026-04-27 09:47:58.861 - INFO - message_handler - 📩 收到私聊消息 | user_id:  | 内容：
2026-04-27 09:48:58.858 - INFO - message_handler - 📩 收到私聊消息 | user_id:  | 内容：
2026-04-27 09:49:58.863 - INFO - message_handler - 📩 收到私聊消息 | user_id:  | 内容：
2026-04-27 09:50:58.871 - INFO - message_handler - 📩 收到私聊消息 | user_id:  | 内容：
2026-04-27 09:51:58.866 - INFO - message_handler - 📩 收到私聊消息 | user_id:  | 内容：
2026-04-27 09:52:58.862 - INFO - message_handler - 📩 收到私聊消息 | user_id:  | 内容：
2026-04-27 09:53:58.863 - INFO - message_handler - 📩 收到私聊消息 | user_id:  | 内容：
2026-04-27 09:54:58.864 - INFO - message_handler - 📩 收到私聊消息 | user_id:  | 内容：
2026-04-27 09:55:58.864 - INFO - message_handler - 📩 收到私聊消息 | user_id:  | 内容：
2026-04-27 09:56:58.864 - INFO - message_handler - 📩 收到私聊消息 | user_id:  | 内容：
2026-04-27 09:57:58.863 - INFO - message_handler - 📩 收到私聊消息 | user_id:  | 内容：
2026-04-27 09:58:58.859 - INFO - message_handler - 📩 收到私聊消息 | user_id:  | 内容：
2026-04-27 09:59:58.862 - INFO - message_handler - 📩 收到私聊消息 | user_id:  | 内容：
2026-04-27 10:00:58.860 - INFO - message_handler - 📩 收到私聊消息 | user_id:  | 内容：
2026-04-27 10:01:58.866 - INFO - message_handler - 📩 收到私聊消息 | user_id:  | 内容：
2026-04-27 10:02:58.864 - INFO - message_handler - 📩 收到私聊消息 | user_id:  | 内容：
2026-04-27 10:03:58.866 - INFO - message_handler - 📩 收到私聊消息 | user_id:  | 内容：
2026-04-27 10:04:58.865 - INFO - message_handler - 📩 收到私聊消息 | user_id:  | 内容：
2026-04-27 10:05:58.890 - INFO - message_handler - 📩 收到私聊消息 | user_id:  | 内容：
2026-04-27 10:06:58.866 - INFO - message_handler - 📩 收到私聊消息 | user_id:  | 内容：
2026-04-27 10:07:58.868 - INFO - message_handler - 📩 收到私聊消息 | user_id:  | 内容：
2026-04-27 10:08:58.862 - INFO - message_handler - 📩 收到私聊消息 | user_id:  | 内容：
2026-04-27 10:09:58.867 - INFO - message_handler - 📩 收到私聊消息 | user_id:  | 内容：
2026-04-27 10:10:58.868 - INFO - message_handler - 📩 收到私聊消息 | user_id:  | 内容：
2026-04-27 10:11:58.872 - INFO - message_handler - 📩 收到私聊消息 | user_id:  | 内容：
2026-04-27 10:12:58.860 - INFO - message_handler - 📩 收到私聊消息 | user_id:  | 内容：
2026-04-27 10:13:58.873 - INFO - message_handler - 📩 收到私聊消息 | user_id:  | 内容：
2026-04-27 10:14:58.863 - INFO - message_handler - 📩 收到私聊消息 | user_id:  | 内容：
2026-04-27 10:15:58.866 - INFO - message_handler - 📩 收到私聊消息 | user_id:  | 内容：
2026-04-27 10:16:58.868 - INFO - message_handler - 📩 收到私聊消息 | user_id:  | 内容：
2026-04-27 10:17:59.071 - INFO - message_handler - 📩 收到私聊消息 | user_id:  | 内容：
2026-04-27 10:18:59.059 - INFO - message_handler - 📩 收到私聊消息 | user_id:  | 内容：
2026-04-27 10:19:59.060 - INFO - message_handler - 📩 收到私聊消息 | user_id:  | 内容：
2026-04-27 10:20:59.060 - INFO - message_handler - 📩 收到私聊消息 | user_id:  | 内容：
2026-04-27 10:21:59.061 - INFO - message_handler - 📩 收到私聊消息 | user_id:  | 内容：
2026-04-27 10:22:59.110 - INFO - message_handler - 📩 收到私聊消息 | user_id:  | 内容：
2026-04-27 10:23:59.066 - INFO - message_handler - 📩 收到私聊消息 | user_id:  | 内容：
2026-04-27 10:24:59.065 - INFO - message_handler - 📩 收到私聊消息 | user_id:  | 内容：
2026-04-27 10:25:59.063 - INFO - message_handler - 📩 收到私聊消息 | user_id:  | 内容：
2026-04-27 10:26:59.068 - INFO - message_handler - 📩 收到私聊消息 | user_id:  | 内容：
2026-04-27 10:27:59.063 - INFO - message_handler - 📩 收到私聊消息 | user_id:  | 内容：
2026-04-27 10:28:59.071 - INFO - message_handler - 📩 收到私聊消息 | user_id:  | 内容：
2026-04-27 10:29:59.064 - INFO - message_handler - 📩 收到私聊消息 | user_id:  | 内容：
2026-04-27 10:30:59.066 - INFO - message_handler - 📩 收到私聊消息 | user_id:  | 内容：
2026-04-27 10:31:59.068 - INFO - message_handler - 📩 收到私聊消息 | user_id:  | 内容：
2026-04-27 10:32:59.068 - INFO - message_handler - 📩 收到私聊消息 | user_id:  | 内容：
2026-04-27 10:33:59.072 - INFO - message_handler - 📩 收到私聊消息 | user_id:  | 内容：
2026-04-27 10:34:59.068 - INFO - message_handler - 📩 收到私聊消息 | user_id:  | 内容：
2026-04-27 10:35:59.072 - INFO - message_handler - 📩 收到私聊消息 | user_id:  | 内容：
2026-04-27 10:36:59.070 - INFO - message_handler - 📩 收到私聊消息 | user_id:  | 内容：
2026-04-27 10:37:59.081 - INFO - message_handler - 📩 收到私聊消息 | user_id:  | 内容：
2026-04-27 10:38:59.128 - INFO - message_handler - 📩 收到私聊消息 | user_id:  | 内容：
2026-04-27 10:39:59.073 - INFO - message_handler - 📩 收到私聊消息 | user_id:  | 内容：
WARNING:  Invalid HTTP request received.
WARNING:  Invalid HTTP request received.
WARNING:  Invalid HTTP request received.
2026-04-27 10:40:59.072 - INFO - message_handler - 📩 收到私聊消息 | user_id:  | 内容：
WARNING:  Invalid HTTP request received.
2026-04-27 10:41:59.074 - INFO - message_handler - 📩 收到私聊消息 | user_id:  | 内容：
2026-04-27 10:42:59.072 - INFO - message_handler - 📩 收到私聊消息 | user_id:  | 内容：
2026-04-27 10:43:59.083 - INFO - message_handler - 📩 收到私聊消息 | user_id:  | 内容：
2026-04-27 10:44:59.074 - INFO - message_handler - 📩 收到私聊消息 | user_id:  | 内容：
2026-04-27 10:45:59.072 - INFO - message_handler - 📩 收到私聊消息 | user_id:  | 内容：
2026-04-27 10:46:59.074 - INFO - message_handler - 📩 收到私聊消息 | user_id:  | 内容：
2026-04-27 10:47:59.086 - INFO - message_handler - 📩 收到私聊消息 | user_id:  | 内容：
2026-04-27 10:48:59.086 - INFO - message_handler - 📩 收到私聊消息 | user_id:  | 内容：
2026-04-27 10:49:59.078 - INFO - message_handler - 📩 收到私聊消息 | user_id:  | 内容：
2026-04-27 10:50:59.076 - INFO - message_handler - 📩 收到私聊消息 | user_id:  | 内容：
2026-04-27 10:51:59.116 - INFO - message_handler - 📩 收到私聊消息 | user_id:  | 内容：
2026-04-27 10:52:59.077 - INFO - message_handler - 📩 收到私聊消息 | user_id:  | 内容：
2026-04-27 10:53:59.075 - INFO - message_handler - 📩 收到私聊消息 | user_id:  | 内容：
2026-04-27 10:54:59.079 - INFO - message_handler - 📩 收到私聊消息 | user_id:  | 内容：
2026-04-27 10:55:59.078 - INFO - message_handler - 📩 收到私聊消息 | user_id:  | 内容：
2026-04-27 10:56:59.078 - INFO - message_handler - 📩 收到私聊消息 | user_id:  | 内容：
2026-04-27 10:57:59.080 - INFO - message_handler - 📩 收到私聊消息 | user_id:  | 内容：
2026-04-27 10:58:59.078 - INFO - message_handler - 📩 收到私聊消息 | user_id:  | 内容：
2026-04-27 10:59:59.082 - INFO - message_handler - 📩 收到私聊消息 | user_id:  | 内容：
2026-04-27 11:00:59.081 - INFO - message_handler - 📩 收到私聊消息 | user_id:  | 内容：
2026-04-27 11:01:59.088 - INFO - message_handler - 📩 收到私聊消息 | user_id:  | 内容：
2026-04-27 11:02:59.083 - INFO - message_handler - 📩 收到私聊消息 | user_id:  | 内容：
2026-04-27 11:03:59.083 - INFO - message_handler - 📩 收到私聊消息 | user_id:  | 内容：
2026-04-27 11:04:59.080 - INFO - message_handler - 📩 收到私聊消息 | user_id:  | 内容：
2026-04-27 11:05:59.082 - INFO - message_handler - 📩 收到私聊消息 | user_id:  | 内容：
2026-04-27 11:06:59.082 - INFO - message_handler - 📩 收到私聊消息 | user_id:  | 内容：
2026-04-27 11:07:59.082 - INFO - message_handler - 📩 收到私聊消息 | user_id:  | 内容：
2026-04-27 11:08:59.083 - INFO - message_handler - 📩 收到私聊消息 | user_id:  | 内容：
2026-04-27 11:09:59.085 - INFO - message_handler - 📩 收到私聊消息 | user_id:  | 内容：
2026-04-27 11:10:59.085 - INFO - message_handler - 📩 收到私聊消息 | user_id:  | 内容：
WARNING:  Invalid HTTP request received.
2026-04-27 11:11:59.081 - INFO - message_handler - 📩 收到私聊消息 | user_id:  | 内容：
2026-04-27 11:12:59.086 - INFO - message_handler - 📩 收到私聊消息 | user_id:  | 内容：
2026-04-27 11:13:59.109 - INFO - message_handler - 📩 收到私聊消息 | user_id:  | 内容：
2026-04-27 11:14:59.089 - INFO - message_handler - 📩 收到私聊消息 | user_id:  | 内容：
2026-04-27 11:15:59.087 - INFO - message_handler - 📩 收到私聊消息 | user_id:  | 内容：
2026-04-27 11:16:59.091 - INFO - message_handler - 📩 收到私聊消息 | user_id:  | 内容：
2026-04-27 11:17:59.090 - INFO - message_handler - 📩 收到私聊消息 | user_id:  | 内容：
2026-04-27 11:18:59.093 - INFO - message_handler - 📩 收到私聊消息 | user_id:  | 内容：
2026-04-27 11:19:59.094 - INFO - message_handler - 📩 收到私聊消息 | user_id:  | 内容：
2026-04-27 11:20:59.093 - INFO - message_handler - 📩 收到私聊消息 | user_id:  | 内容：
2026-04-27 11:21:59.091 - INFO - message_handler - 📩 收到私聊消息 | user_id:  | 内容：
2026-04-27 11:22:59.093 - INFO - message_handler - 📩 收到私聊消息 | user_id:  | 内容：
2026-04-27 11:23:59.102 - INFO - message_handler - 📩 收到私聊消息 | user_id:  | 内容：
2026-04-27 11:24:59.099 - INFO - message_handler - 📩 收到私聊消息 | user_id:  | 内容：
2026-04-27 11:25:59.100 - INFO - message_handler - 📩 收到私聊消息 | user_id:  | 内容：
2026-04-27 11:26:59.101 - INFO - message_handler - 📩 收到私聊消息 | user_id:  | 内容：
2026-04-27 11:27:59.100 - INFO - message_handler - 📩 收到私聊消息 | user_id:  | 内容：
2026-04-27 11:28:59.100 - INFO - message_handler - 📩 收到私聊消息 | user_id:  | 内容：
2026-04-27 11:29:59.098 - INFO - message_handler - 📩 收到私聊消息 | user_id:  | 内容：
2026-04-27 11:30:59.100 - INFO - message_handler - 📩 收到私聊消息 | user_id:  | 内容：
2026-04-27 11:31:59.096 - INFO - message_handler - 📩 收到私聊消息 | user_id:  | 内容：
2026-04-27 11:32:59.096 - INFO - message_handler - 📩 收到私聊消息 | user_id:  | 内容：
2026-04-27 11:33:59.101 - INFO - message_handler - 📩 收到私聊消息 | user_id:  | 内容：
2026-04-27 11:34:59.100 - INFO - message_handler - 📩 收到私聊消息 | user_id:  | 内容：
2026-04-27 11:35:59.176 - INFO - message_handler - 📩 收到私聊消息 | user_id:  | 内容：
2026-04-27 11:36:59.098 - INFO - message_handler - 📩 收到私聊消息 | user_id:  | 内容：
2026-04-27 11:37:59.097 - INFO - message_handler - 📩 收到私聊消息 | user_id:  | 内容：
2026-04-27 11:38:59.098 - INFO - message_handler - 📩 收到私聊消息 | user_id:  | 内容：
2026-04-27 11:39:59.099 - INFO - message_handler - 📩 收到私聊消息 | user_id:  | 内容：
2026-04-27 11:40:25.036 - INFO - message_handler - 📩 收到群消息 | group_id: 733890551 | user_id: 177471451 | 内容：我回来了😋
2026-04-27 11:40:32.455 - INFO - message_handler - 📩 收到群消息 | group_id: 733890551 | user_id: 177471451 | 内容：力竭了
2026-04-27 11:40:59.091 - INFO - message_handler - 📩 收到私聊消息 | user_id:  | 内容：
2026-04-27 11:41:59.100 - INFO - message_handler - 📩 收到私聊消息 | user_id:  | 内容：
2026-04-27 11:42:59.094 - INFO - message_handler - 📩 收到私聊消息 | user_id:  | 内容：
2026-04-27 11:43:59.089 - INFO - message_handler - 📩 收到私聊消息 | user_id:  | 内容：
2026-04-27 11:44:59.097 - INFO - message_handler - 📩 收到私聊消息 | user_id:  | 内容：
2026-04-27 11:45:59.126 - INFO - message_handler - 📩 收到私聊消息 | user_id:  | 内容：
2026-04-27 11:46:59.092 - INFO - message_handler - 📩 收到私聊消息 | user_id:  | 内容：
2026-04-27 11:47:59.104 - INFO - message_handler - 📩 收到私聊消息 | user_id:  | 内容：
2026-04-27 11:48:59.108 - INFO - message_handler - 📩 收到私聊消息 | user_id:  | 内容：
2026-04-27 11:49:59.105 - INFO - message_handler - 📩 收到私聊消息 | user_id:  | 内容：
2026-04-27 11:50:59.101 - INFO - message_handler - 📩 收到私聊消息 | user_id:  | 内容：
2026-04-27 11:51:59.105 - INFO - message_handler - 📩 收到私聊消息 | user_id:  | 内容：
2026-04-27 11:52:59.100 - INFO - message_handler - 📩 收到私聊消息 | user_id:  | 内容：
2026-04-27 11:53:59.108 - INFO - message_handler - 📩 收到私聊消息 | user_id:  | 内容：
2026-04-27 11:54:59.109 - INFO - message_handler - 📩 收到私聊消息 | user_id:  | 内容：
2026-04-27 11:55:59.108 - INFO - message_handler - 📩 收到私聊消息 | user_id:  | 内容：
2026-04-27 11:56:59.108 - INFO - message_handler - 📩 收到私聊消息 | user_id:  | 内容：
2026-04-27 11:57:59.110 - INFO - message_handler - 📩 收到私聊消息 | user_id:  | 内容：
2026-04-27 11:58:59.111 - INFO - message_handler - 📩 收到私聊消息 | user_id:  | 内容：
2026-04-27 11:59:59.111 - INFO - message_handler - 📩 收到私聊消息 | user_id:  | 内容：
2026-04-27 12:00:59.118 - INFO - message_handler - 📩 收到私聊消息 | user_id:  | 内容：
WARNING:  Invalid HTTP request received.
WARNING:  Invalid HTTP request received.
2026-04-27 12:01:59.231 - INFO - message_handler - 📩 收到私聊消息 | user_id:  | 内容：
2026-04-27 12:02:39.655 - INFO - message_handler - 📩 收到私聊消息 | user_id:  | 内容：
2026-04-27 12:02:59.112 - INFO - message_handler - 📩 收到私聊消息 | user_id:  | 内容：
WARNING:  Invalid HTTP request received.
2026-04-27 12:03:59.121 - INFO - message_handler - 📩 收到私聊消息 | user_id:  | 内容：
2026-04-27 12:04:59.115 - INFO - message_handler - 📩 收到私聊消息 | user_id:  | 内容：
2026-04-27 12:05:59.113 - INFO - message_handler - 📩 收到私聊消息 | user_id:  | 内容：
2026-04-27 12:06:59.112 - INFO - message_handler - 📩 收到私聊消息 | user_id:  | 内容：
2026-04-27 12:07:59.115 - INFO - message_handler - 📩 收到私聊消息 | user_id:  | 内容：
2026-04-27 12:08:59.145 - INFO - message_handler - 📩 收到私聊消息 | user_id:  | 内容：
2026-04-27 12:09:59.117 - INFO - message_handler - 📩 收到私聊消息 | user_id:  | 内容：
2026-04-27 12:10:59.122 - INFO - message_handler - 📩 收到私聊消息 | user_id:  | 内容：
2026-04-27 12:11:59.117 - INFO - message_handler - 📩 收到私聊消息 | user_id:  | 内容：
2026-04-27 12:12:08.998 - INFO - message_handler - 📩 收到群消息 | group_id: 733890551 | user_id: 2707835027 | 内容：有没有乐子
2026-04-27 12:12:59.114 - INFO - message_handler - 📩 收到私聊消息 | user_id:  | 内容：
2026-04-27 12:13:59.126 - INFO - message_handler - 📩 收到私聊消息 | user_id:  | 内容：
2026-04-27 12:14:59.117 - INFO - message_handler - 📩 收到私聊消息 | user_id:  | 内容：
2026-04-27 12:15:59.115 - INFO - message_handler - 📩 收到私聊消息 | user_id:  | 内容：
2026-04-27 12:16:59.123 - INFO - message_handler - 📩 收到私聊消息 | user_id:  | 内容：
2026-04-27 12:17:59.122 - INFO - message_handler - 📩 收到私聊消息 | user_id:  | 内容：
2026-04-27 12:18:59.131 - INFO - message_handler - 📩 收到私聊消息 | user_id:  | 内容：
2026-04-27 12:19:59.120 - INFO - message_handler - 📩 收到私聊消息 | user_id:  | 内容：
2026-04-27 12:20:59.411 - INFO - message_handler - 📩 收到私聊消息 | user_id:  | 内容：
2026-04-27 12:21:59.122 - INFO - message_handler - 📩 收到私聊消息 | user_id:  | 内容：
2026-04-27 12:22:59.205 - INFO - message_handler - 📩 收到私聊消息 | user_id:  | 内容：
2026-04-27 12:23:59.126 - INFO - message_handler - 📩 收到私聊消息 | user_id:  | 内容：
2026-04-27 12:24:59.118 - INFO - message_handler - 📩 收到私聊消息 | user_id:  | 内容：
2026-04-27 12:25:59.119 - INFO - message_handler - 📩 收到私聊消息 | user_id:  | 内容：
2026-04-27 12:26:59.119 - INFO - message_handler - 📩 收到私聊消息 | user_id:  | 内容：
2026-04-27 12:27:59.124 - INFO - message_handler - 📩 收到私聊消息 | user_id:  | 内容：
2026-04-27 12:28:59.122 - INFO - message_handler - 📩 收到私聊消息 | user_id:  | 内容：
2026-04-27 12:29:59.121 - INFO - message_handler - 📩 收到私聊消息 | user_id:  | 内容：
2026-04-27 12:30:59.121 - INFO - message_handler - 📩 收到私聊消息 | user_id:  | 内容：
2026-04-27 12:31:59.126 - INFO - message_handler - 📩 收到私聊消息 | user_id:  | 内容：
2026-04-27 12:32:59.281 - INFO - message_handler - 📩 收到私聊消息 | user_id:  | 内容：
2026-04-27 12:33:59.141 - INFO - message_handler - 📩 收到私聊消息 | user_id:  | 内容：
2026-04-27 12:34:59.158 - INFO - message_handler - 📩 收到私聊消息 | user_id:  | 内容：
2026-04-27 12:35:59.278 - INFO - message_handler - 📩 收到私聊消息 | user_id:  | 内容：
2026-04-27 12:36:59.144 - INFO - message_handler - 📩 收到私聊消息 | user_id:  | 内容：
2026-04-27 12:37:59.133 - INFO - message_handler - 📩 收到私聊消息 | user_id:  | 内容：
2026-04-27 12:38:59.125 - INFO - message_handler - 📩 收到私聊消息 | user_id:  | 内容：
2026-04-27 12:39:59.125 - INFO - message_handler - 📩 收到私聊消息 | user_id:  | 内容：
2026-04-27 12:40:59.125 - INFO - message_handler - 📩 收到私聊消息 | user_id:  | 内容：
2026-04-27 12:41:59.125 - INFO - message_handler - 📩 收到私聊消息 | user_id:  | 内容：
2026-04-27 12:42:59.128 - INFO - message_handler - 📩 收到私聊消息 | user_id:  | 内容：
2026-04-27 12:43:59.125 - INFO - message_handler - 📩 收到私聊消息 | user_id:  | 内容：
2026-04-27 12:44:59.127 - INFO - message_handler - 📩 收到私聊消息 | user_id:  | 内容：
2026-04-27 12:45:59.124 - INFO - message_handler - 📩 收到私聊消息 | user_id:  | 内容：
2026-04-27 12:46:59.120 - INFO - message_handler - 📩 收到私聊消息 | user_id:  | 内容：
2026-04-27 12:47:59.125 - INFO - message_handler - 📩 收到私聊消息 | user_id:  | 内容：
2026-04-27 12:48:59.178 - INFO - message_handler - 📩 收到私聊消息 | user_id:  | 内容：
2026-04-27 12:49:59.126 - INFO - message_handler - 📩 收到私聊消息 | user_id:  | 内容：
2026-04-27 12:50:59.128 - INFO - message_handler - 📩 收到私聊消息 | user_id:  | 内容：
2026-04-27 12:51:59.133 - INFO - message_handler - 📩 收到私聊消息 | user_id:  | 内容：
2026-04-27 12:52:59.125 - INFO - message_handler - 📩 收到私聊消息 | user_id:  | 内容：
2026-04-27 12:53:59.128 - INFO - message_handler - 📩 收到私聊消息 | user_id:  | 内容：
2026-04-27 12:54:59.131 - INFO - message_handler - 📩 收到私聊消息 | user_id:  | 内容：
2026-04-27 12:55:59.130 - INFO - message_handler - 📩 收到私聊消息 | user_id:  | 内容：
2026-04-27 12:56:59.128 - INFO - message_handler - 📩 收到私聊消息 | user_id:  | 内容：
2026-04-27 12:57:59.129 - INFO - message_handler - 📩 收到私聊消息 | user_id:  | 内容：
2026-04-27 12:58:59.132 - INFO - message_handler - 📩 收到私聊消息 | user_id:  | 内容：
2026-04-27 12:59:59.129 - INFO - message_handler - 📩 收到私聊消息 | user_id:  | 内容：
2026-04-27 13:00:59.128 - INFO - message_handler - 📩 收到私聊消息 | user_id:  | 内容：
2026-04-27 13:01:59.130 - INFO - message_handler - 📩 收到私聊消息 | user_id:  | 内容：
WARNING:  Invalid HTTP request received.
WARNING:  Invalid HTTP request received.
2026-04-27 13:02:59.132 - INFO - message_handler - 📩 收到私聊消息 | user_id:  | 内容：
2026-04-27 13:03:59.133 - INFO - message_handler - 📩 收到私聊消息 | user_id:  | 内容：
WARNING:  Invalid HTTP request received.
2026-04-27 13:04:59.132 - INFO - message_handler - 📩 收到私聊消息 | user_id:  | 内容：
2026-04-27 13:05:59.127 - INFO - message_handler - 📩 收到私聊消息 | user_id:  | 内容：
2026-04-27 13:06:59.152 - INFO - message_handler - 📩 收到私聊消息 | user_id:  | 内容：
2026-04-27 13:07:59.163 - INFO - message_handler - 📩 收到私聊消息 | user_id:  | 内容：
2026-04-27 13:08:59.128 - INFO - message_handler - 📩 收到私聊消息 | user_id:  | 内容：
2026-04-27 13:09:59.134 - INFO - message_handler - 📩 收到私聊消息 | user_id:  | 内容：
WARNING:  Invalid HTTP request received.
2026-04-27 13:10:59.131 - INFO - message_handler - 📩 收到私聊消息 | user_id:  | 内容：
2026-04-27 13:11:59.134 - INFO - message_handler - 📩 收到私聊消息 | user_id:  | 内容：
2026-04-27 13:12:59.132 - INFO - message_handler - 📩 收到私聊消息 | user_id:  | 内容：
2026-04-27 13:13:59.135 - INFO - message_handler - 📩 收到私聊消息 | user_id:  | 内容：
WARNING:  Invalid HTTP request received.
2026-04-27 13:14:59.133 - INFO - message_handler - 📩 收到私聊消息 | user_id:  | 内容：
2026-04-27 13:15:59.131 - INFO - message_handler - 📩 收到私聊消息 | user_id:  | 内容：
2026-04-27 13:16:59.135 - INFO - message_handler - 📩 收到私聊消息 | user_id:  | 内容：
2026-04-27 13:17:59.141 - INFO - message_handler - 📩 收到私聊消息 | user_id:  | 内容：
2026-04-27 13:18:59.133 - INFO - message_handler - 📩 收到私聊消息 | user_id:  | 内容：
2026-04-27 13:19:59.139 - INFO - message_handler - 📩 收到私聊消息 | user_id:  | 内容：
2026-04-27 13:20:59.134 - INFO - message_handler - 📩 收到私聊消息 | user_id:  | 内容：
2026-04-27 13:21:59.139 - INFO - message_handler - 📩 收到私聊消息 | user_id:  | 内容：
2026-04-27 13:22:59.135 - INFO - message_handler - 📩 收到私聊消息 | user_id:  | 内容：
2026-04-27 13:23:59.157 - INFO - message_handler - 📩 收到私聊消息 | user_id:  | 内容：
2026-04-27 13:24:59.137 - INFO - message_handler - 📩 收到私聊消息 | user_id:  | 内容：
2026-04-27 13:25:59.139 - INFO - message_handler - 📩 收到私聊消息 | user_id:  | 内容：
2026-04-27 13:26:59.161 - INFO - message_handler - 📩 收到私聊消息 | user_id:  | 内容：
2026-04-27 13:27:59.138 - INFO - message_handler - 📩 收到私聊消息 | user_id:  | 内容：
2026-04-27 13:28:59.144 - INFO - message_handler - 📩 收到私聊消息 | user_id:  | 内容：
2026-04-27 13:29:59.142 - INFO - message_handler - 📩 收到私聊消息 | user_id:  | 内容：
2026-04-27 13:30:59.147 - INFO - message_handler - 📩 收到私聊消息 | user_id:  | 内容：
2026-04-27 13:31:59.148 - INFO - message_handler - 📩 收到私聊消息 | user_id:  | 内容：
2026-04-27 13:32:59.148 - INFO - message_handler - 📩 收到私聊消息 | user_id:  | 内容：
2026-04-27 13:33:59.147 - INFO - message_handler - 📩 收到私聊消息 | user_id:  | 内容：
2026-04-27 13:34:59.146 - INFO - message_handler - 📩 收到私聊消息 | user_id:  | 内容：
2026-04-27 13:35:59.149 - INFO - message_handler - 📩 收到私聊消息 | user_id:  | 内容：
2026-04-27 13:36:59.150 - INFO - message_handler - 📩 收到私聊消息 | user_id:  | 内容：
2026-04-27 13:37:59.146 - INFO - message_handler - 📩 收到私聊消息 | user_id:  | 内容：
2026-04-27 13:38:59.149 - INFO - message_handler - 📩 收到私聊消息 | user_id:  | 内容：
2026-04-27 13:39:59.151 - INFO - message_handler - 📩 收到私聊消息 | user_id:  | 内容：
2026-04-27 13:40:59.145 - INFO - message_handler - 📩 收到私聊消息 | user_id:  | 内容：
2026-04-27 13:41:59.149 - INFO - message_handler - 📩 收到私聊消息 | user_id:  | 内容：
2026-04-27 13:42:59.146 - INFO - message_handler - 📩 收到私聊消息 | user_id:  | 内容：
2026-04-27 13:43:59.152 - INFO - message_handler - 📩 收到私聊消息 | user_id:  | 内容：
2026-04-27 13:44:59.153 - INFO - message_handler - 📩 收到私聊消息 | user_id:  | 内容：
2026-04-27 13:45:59.146 - INFO - message_handler - 📩 收到私聊消息 | user_id:  | 内容：
2026-04-27 13:46:59.156 - INFO - message_handler - 📩 收到私聊消息 | user_id:  | 内容：
2026-04-27 13:47:59.147 - INFO - message_handler - 📩 收到私聊消息 | user_id:  | 内容：
2026-04-27 13:48:59.150 - INFO - message_handler - 📩 收到私聊消息 | user_id:  | 内容：
2026-04-27 13:49:59.152 - INFO - message_handler - 📩 收到私聊消息 | user_id:  | 内容：
2026-04-27 13:50:59.146 - INFO - message_handler - 📩 收到私聊消息 | user_id:  | 内容：
2026-04-27 13:51:59.149 - INFO - message_handler - 📩 收到私聊消息 | user_id:  | 内容：
2026-04-27 13:52:59.200 - INFO - message_handler - 📩 收到私聊消息 | user_id:  | 内容：
2026-04-27 13:53:59.152 - INFO - message_handler - 📩 收到私聊消息 | user_id:  | 内容：
2026-04-27 13:54:59.151 - INFO - message_handler - 📩 收到私聊消息 | user_id:  | 内容：
2026-04-27 13:55:59.157 - INFO - message_handler - 📩 收到私聊消息 | user_id:  | 内容：
2026-04-27 13:56:59.153 - INFO - message_handler - 📩 收到私聊消息 | user_id:  | 内容：
2026-04-27 13:57:59.152 - INFO - message_handler - 📩 收到私聊消息 | user_id:  | 内容：
2026-04-27 13:58:59.158 - INFO - message_handler - 📩 收到私聊消息 | user_id:  | 内容：
2026-04-27 13:59:59.153 - INFO - message_handler - 📩 收到私聊消息 | user_id:  | 内容：
2026-04-27 14:00:59.157 - INFO - message_handler - 📩 收到私聊消息 | user_id:  | 内容：
2026-04-27 14:01:59.169 - INFO - message_handler - 📩 收到私聊消息 | user_id:  | 内容：
2026-04-27 14:02:59.153 - INFO - message_handler - 📩 收到私聊消息 | user_id:  | 内容：
2026-04-27 14:03:59.154 - INFO - message_handler - 📩 收到私聊消息 | user_id:  | 内容：
2026-04-27 14:04:59.157 - INFO - message_handler - 📩 收到私聊消息 | user_id:  | 内容：
2026-04-27 14:05:59.183 - INFO - message_handler - 📩 收到私聊消息 | user_id:  | 内容：
2026-04-27 14:06:59.155 - INFO - message_handler - 📩 收到私聊消息 | user_id:  | 内容：
2026-04-27 14:07:59.155 - INFO - message_handler - 📩 收到私聊消息 | user_id:  | 内容：
2026-04-27 14:08:59.157 - INFO - message_handler - 📩 收到私聊消息 | user_id:  | 内容：
2026-04-27 14:09:59.157 - INFO - message_handler - 📩 收到私聊消息 | user_id:  | 内容：
2026-04-27 14:10:59.156 - INFO - message_handler - 📩 收到私聊消息 | user_id:  | 内容：
2026-04-27 14:11:59.161 - INFO - message_handler - 📩 收到私聊消息 | user_id:  | 内容：
2026-04-27 14:12:59.158 - INFO - message_handler - 📩 收到私聊消息 | user_id:  | 内容：
2026-04-27 14:13:59.159 - INFO - message_handler - 📩 收到私聊消息 | user_id:  | 内容：
2026-04-27 14:14:59.161 - INFO - message_handler - 📩 收到私聊消息 | user_id:  | 内容：
2026-04-27 14:15:59.160 - INFO - message_handler - 📩 收到私聊消息 | user_id:  | 内容：
2026-04-27 14:16:59.159 - INFO - message_handler - 📩 收到私聊消息 | user_id:  | 内容：
2026-04-27 14:17:59.166 - INFO - message_handler - 📩 收到私聊消息 | user_id:  | 内容：
2026-04-27 14:18:59.161 - INFO - message_handler - 📩 收到私聊消息 | user_id:  | 内容：
2026-04-27 14:19:59.162 - INFO - message_handler - 📩 收到私聊消息 | user_id:  | 内容：
2026-04-27 14:20:59.162 - INFO - message_handler - 📩 收到私聊消息 | user_id:  | 内容：
2026-04-27 14:21:59.162 - INFO - message_handler - 📩 收到私聊消息 | user_id:  | 内容：
2026-04-27 14:22:59.162 - INFO - message_handler - 📩 收到私聊消息 | user_id:  | 内容：
2026-04-27 14:23:59.170 - INFO - message_handler - 📩 收到私聊消息 | user_id:  | 内容：
2026-04-27 14:24:59.163 - INFO - message_handler - 📩 收到私聊消息 | user_id:  | 内容：
2026-04-27 14:25:59.164 - INFO - message_handler - 📩 收到私聊消息 | user_id:  | 内容：
2026-04-27 14:26:59.165 - INFO - message_handler - 📩 收到私聊消息 | user_id:  | 内容：
2026-04-27 14:27:59.163 - INFO - message_handler - 📩 收到私聊消息 | user_id:  | 内容：
2026-04-27 14:28:59.163 - INFO - message_handler - 📩 收到私聊消息 | user_id:  | 内容：
2026-04-27 14:29:59.163 - INFO - message_handler - 📩 收到私聊消息 | user_id:  | 内容：
2026-04-27 14:30:59.164 - INFO - message_handler - 📩 收到私聊消息 | user_id:  | 内容：
2026-04-27 14:31:59.163 - INFO - message_handler - 📩 收到私聊消息 | user_id:  | 内容：
2026-04-27 14:32:59.195 - INFO - message_handler - 📩 收到私聊消息 | user_id:  | 内容：
2026-04-27 14:33:59.164 - INFO - message_handler - 📩 收到私聊消息 | user_id:  | 内容：
2026-04-27 14:34:59.166 - INFO - message_handler - 📩 收到私聊消息 | user_id:  | 内容：
2026-04-27 14:35:59.171 - INFO - message_handler - 📩 收到私聊消息 | user_id:  | 内容：
2026-04-27 14:36:59.172 - INFO - message_handler - 📩 收到私聊消息 | user_id:  | 内容：
2026-04-27 14:37:59.166 - INFO - message_handler - 📩 收到私聊消息 | user_id:  | 内容：
2026-04-27 14:38:59.169 - INFO - message_handler - 📩 收到私聊消息 | user_id:  | 内容：
2026-04-27 14:39:59.167 - INFO - message_handler - 📩 收到私聊消息 | user_id:  | 内容：
2026-04-27 14:40:59.169 - INFO - message_handler - 📩 收到私聊消息 | user_id:  | 内容：
2026-04-27 14:41:59.170 - INFO - message_handler - 📩 收到私聊消息 | user_id:  | 内容：
2026-04-27 14:42:59.169 - INFO - message_handler - 📩 收到私聊消息 | user_id:  | 内容：
2026-04-27 14:43:59.170 - INFO - message_handler - 📩 收到私聊消息 | user_id:  | 内容：
2026-04-27 14:44:59.174 - INFO - message_handler - 📩 收到私聊消息 | user_id:  | 内容：
WARNING:  Invalid HTTP request received.
2026-04-27 14:45:59.172 - INFO - message_handler - 📩 收到私聊消息 | user_id:  | 内容：
2026-04-27 14:46:59.173 - INFO - message_handler - 📩 收到私聊消息 | user_id:  | 内容：
2026-04-27 14:47:59.174 - INFO - message_handler - 📩 收到私聊消息 | user_id:  | 内容：
2026-04-27 14:48:59.172 - INFO - message_handler - 📩 收到私聊消息 | user_id:  | 内容：
2026-04-27 14:49:59.172 - INFO - message_handler - 📩 收到私聊消息 | user_id:  | 内容：
2026-04-27 14:50:59.174 - INFO - message_handler - 📩 收到私聊消息 | user_id:  | 内容：
2026-04-27 14:51:59.176 - INFO - message_handler - 📩 收到私聊消息 | user_id:  | 内容：
2026-04-27 14:52:59.176 - INFO - message_handler - 📩 收到私聊消息 | user_id:  | 内容：
2026-04-27 14:53:59.184 - INFO - message_handler - 📩 收到私聊消息 | user_id:  | 内容：
2026-04-27 14:54:59.177 - INFO - message_handler - 📩 收到私聊消息 | user_id:  | 内容：
2026-04-27 14:55:59.177 - INFO - message_handler - 📩 收到私聊消息 | user_id:  | 内容：
2026-04-27 14:56:59.177 - INFO - message_handler - 📩 收到私聊消息 | user_id:  | 内容：
2026-04-27 14:57:59.178 - INFO - message_handler - 📩 收到私聊消息 | user_id:  | 内容：
2026-04-27 14:58:59.178 - INFO - message_handler - 📩 收到私聊消息 | user_id:  | 内容：
2026-04-27 14:59:59.179 - INFO - message_handler - 📩 收到私聊消息 | user_id:  | 内容：
2026-04-27 15:00:59.181 - INFO - message_handler - 📩 收到私聊消息 | user_id:  | 内容：
2026-04-27 15:01:59.178 - INFO - message_handler - 📩 收到私聊消息 | user_id:  | 内容：
2026-04-27 15:02:59.178 - INFO - message_handler - 📩 收到私聊消息 | user_id:  | 内容：
2026-04-27 15:03:59.186 - INFO - message_handler - 📩 收到私聊消息 | user_id:  | 内容：
2026-04-27 15:04:59.178 - INFO - message_handler - 📩 收到私聊消息 | user_id:  | 内容：
2026-04-27 15:05:59.181 - INFO - message_handler - 📩 收到私聊消息 | user_id:  | 内容：
2026-04-27 15:06:59.188 - INFO - message_handler - 📩 收到私聊消息 | user_id:  | 内容：
2026-04-27 15:07:59.181 - INFO - message_handler - 📩 收到私聊消息 | user_id:  | 内容：
2026-04-27 15:08:59.188 - INFO - message_handler - 📩 收到私聊消息 | user_id:  | 内容：
2026-04-27 15:09:59.182 - INFO - message_handler - 📩 收到私聊消息 | user_id:  | 内容：
2026-04-27 15:10:59.190 - INFO - message_handler - 📩 收到私聊消息 | user_id:  | 内容：
2026-04-27 15:11:59.189 - INFO - message_handler - 📩 收到私聊消息 | user_id:  | 内容：
2026-04-27 15:12:59.192 - INFO - message_handler - 📩 收到私聊消息 | user_id:  | 内容：
2026-04-27 15:13:59.184 - INFO - message_handler - 📩 收到私聊消息 | user_id:  | 内容：
2026-04-27 15:14:59.190 - INFO - message_handler - 📩 收到私聊消息 | user_id:  | 内容：
2026-04-27 15:15:59.211 - INFO - message_handler - 📩 收到私聊消息 | user_id:  | 内容：
2026-04-27 15:16:59.186 - INFO - message_handler - 📩 收到私聊消息 | user_id:  | 内容：
2026-04-27 15:17:59.188 - INFO - message_handler - 📩 收到私聊消息 | user_id:  | 内容：
2026-04-27 15:18:59.204 - INFO - message_handler - 📩 收到私聊消息 | user_id:  | 内容：
2026-04-27 15:19:59.186 - INFO - message_handler - 📩 收到私聊消息 | user_id:  | 内容：
2026-04-27 15:20:59.195 - INFO - message_handler - 📩 收到私聊消息 | user_id:  | 内容：
2026-04-27 15:21:59.194 - INFO - message_handler - 📩 收到私聊消息 | user_id:  | 内容：
2026-04-27 15:22:59.204 - INFO - message_handler - 📩 收到私聊消息 | user_id:  | 内容：
2026-04-27 15:23:59.193 - INFO - message_handler - 📩 收到私聊消息 | user_id:  | 内容：
2026-04-27 15:24:59.197 - INFO - message_handler - 📩 收到私聊消息 | user_id:  | 内容：
2026-04-27 15:25:59.197 - INFO - message_handler - 📩 收到私聊消息 | user_id:  | 内容：
2026-04-27 15:26:59.194 - INFO - message_handler - 📩 收到私聊消息 | user_id:  | 内容：
2026-04-27 15:27:59.196 - INFO - message_handler - 📩 收到私聊消息 | user_id:  | 内容：
2026-04-27 15:28:59.196 - INFO - message_handler - 📩 收到私聊消息 | user_id:  | 内容：
2026-04-27 15:29:59.192 - INFO - message_handler - 📩 收到私聊消息 | user_id:  | 内容：
2026-04-27 15:30:59.195 - INFO - message_handler - 📩 收到私聊消息 | user_id:  | 内容：
2026-04-27 15:31:59.197 - INFO - message_handler - 📩 收到私聊消息 | user_id:  | 内容：
2026-04-27 15:32:59.196 - INFO - message_handler - 📩 收到私聊消息 | user_id:  | 内容：
2026-04-27 15:33:59.197 - INFO - message_handler - 📩 收到私聊消息 | user_id:  | 内容：
2026-04-27 15:34:59.351 - INFO - message_handler - 📩 收到私聊消息 | user_id:  | 内容：
2026-04-27 15:35:59.194 - INFO - message_handler - 📩 收到私聊消息 | user_id:  | 内容：
2026-04-27 15:36:59.202 - INFO - message_handler - 📩 收到私聊消息 | user_id:  | 内容：
2026-04-27 15:37:59.212 - INFO - message_handler - 📩 收到私聊消息 | user_id:  | 内容：
2026-04-27 15:38:59.205 - INFO - message_handler - 📩 收到私聊消息 | user_id:  | 内容：
2026-04-27 15:39:59.225 - INFO - message_handler - 📩 收到私聊消息 | user_id:  | 内容：
2026-04-27 15:40:59.204 - INFO - message_handler - 📩 收到私聊消息 | user_id:  | 内容：
2026-04-27 15:41:59.204 - INFO - message_handler - 📩 收到私聊消息 | user_id:  | 内容：
2026-04-27 15:42:59.208 - INFO - message_handler - 📩 收到私聊消息 | user_id:  | 内容：
2026-04-27 15:43:59.208 - INFO - message_handler - 📩 收到私聊消息 | user_id:  | 内容：
WARNING:  Invalid HTTP request received.
2026-04-27 15:44:59.207 - INFO - message_handler - 📩 收到私聊消息 | user_id:  | 内容：
2026-04-27 15:45:59.207 - INFO - message_handler - 📩 收到私聊消息 | user_id:  | 内容：
2026-04-27 15:46:59.207 - INFO - message_handler - 📩 收到私聊消息 | user_id:  | 内容：
2026-04-27 15:47:59.209 - INFO - message_handler - 📩 收到私聊消息 | user_id:  | 内容：
2026-04-27 15:48:59.210 - INFO - message_handler - 📩 收到私聊消息 | user_id:  | 内容：
2026-04-27 15:49:59.210 - INFO - message_handler - 📩 收到私聊消息 | user_id:  | 内容：
2026-04-27 15:50:59.210 - INFO - message_handler - 📩 收到私聊消息 | user_id:  | 内容：
2026-04-27 15:51:59.208 - INFO - message_handler - 📩 收到私聊消息 | user_id:  | 内容：
2026-04-27 15:52:59.207 - INFO - message_handler - 📩 收到私聊消息 | user_id:  | 内容：
2026-04-27 15:53:59.203 - INFO - message_handler - 📩 收到私聊消息 | user_id:  | 内容：
2026-04-27 15:54:59.207 - INFO - message_handler - 📩 收到私聊消息 | user_id:  | 内容：
2026-04-27 15:55:59.227 - INFO - message_handler - 📩 收到私聊消息 | user_id:  | 内容：
2026-04-27 15:56:59.211 - INFO - message_handler - 📩 收到私聊消息 | user_id:  | 内容：
2026-04-27 15:57:59.206 - INFO - message_handler - 📩 收到私聊消息 | user_id:  | 内容：
2026-04-27 15:58:59.212 - INFO - message_handler - 📩 收到私聊消息 | user_id:  | 内容：
2026-04-27 15:59:59.215 - INFO - message_handler - 📩 收到私聊消息 | user_id:  | 内容：
2026-04-27 16:00:59.216 - INFO - message_handler - 📩 收到私聊消息 | user_id:  | 内容：
WARNING:  Invalid HTTP request received.
2026-04-27 16:01:59.214 - INFO - message_handler - 📩 收到私聊消息 | user_id:  | 内容：
2026-04-27 16:02:59.235 - INFO - message_handler - 📩 收到私聊消息 | user_id:  | 内容：
2026-04-27 16:03:59.208 - INFO - message_handler - 📩 收到私聊消息 | user_id:  | 内容：
2026-04-27 16:04:59.216 - INFO - message_handler - 📩 收到私聊消息 | user_id:  | 内容：
2026-04-27 16:05:59.217 - INFO - message_handler - 📩 收到私聊消息 | user_id:  | 内容：
2026-04-27 16:06:59.211 - INFO - message_handler - 📩 收到私聊消息 | user_id:  | 内容：
2026-04-27 16:07:59.219 - INFO - message_handler - 📩 收到私聊消息 | user_id:  | 内容：
2026-04-27 16:08:59.223 - INFO - message_handler - 📩 收到私聊消息 | user_id:  | 内容：
2026-04-27 16:09:59.224 - INFO - message_handler - 📩 收到私聊消息 | user_id:  | 内容：
2026-04-27 16:10:59.235 - INFO - message_handler - 📩 收到私聊消息 | user_id:  | 内容：
2026-04-27 16:11:59.219 - INFO - message_handler - 📩 收到私聊消息 | user_id:  | 内容：
2026-04-27 16:12:59.218 - INFO - message_handler - 📩 收到私聊消息 | user_id:  | 内容：
2026-04-27 16:13:59.218 - INFO - message_handler - 📩 收到私聊消息 | user_id:  | 内容：
2026-04-27 16:14:59.218 - INFO - message_handler - 📩 收到私聊消息 | user_id:  | 内容：
2026-04-27 16:15:59.215 - INFO - message_handler - 📩 收到私聊消息 | user_id:  | 内容：
2026-04-27 16:16:59.216 - INFO - message_handler - 📩 收到私聊消息 | user_id:  | 内容：
2026-04-27 16:17:59.213 - INFO - message_handler - 📩 收到私聊消息 | user_id:  | 内容：
2026-04-27 16:18:59.219 - INFO - message_handler - 📩 收到私聊消息 | user_id:  | 内容：
2026-04-27 16:19:59.213 - INFO - message_handler - 📩 收到私聊消息 | user_id:  | 内容：
2026-04-27 16:20:59.215 - INFO - message_handler - 📩 收到私聊消息 | user_id:  | 内容：
2026-04-27 16:21:59.220 - INFO - message_handler - 📩 收到私聊消息 | user_id:  | 内容：
2026-04-27 16:22:59.222 - INFO - message_handler - 📩 收到私聊消息 | user_id:  | 内容：
2026-04-27 16:23:59.227 - INFO - message_handler - 📩 收到私聊消息 | user_id:  | 内容：
2026-04-27 16:24:59.234 - INFO - message_handler - 📩 收到私聊消息 | user_id:  | 内容：
2026-04-27 16:25:59.218 - INFO - message_handler - 📩 收到私聊消息 | user_id:  | 内容：
2026-04-27 16:26:59.223 - INFO - message_handler - 📩 收到私聊消息 | user_id:  | 内容：
2026-04-27 16:27:59.243 - INFO - message_handler - 📩 收到私聊消息 | user_id:  | 内容：
2026-04-27 16:28:59.221 - INFO - message_handler - 📩 收到私聊消息 | user_id:  | 内容：
2026-04-27 16:29:59.220 - INFO - message_handler - 📩 收到私聊消息 | user_id:  | 内容：
2026-04-27 16:30:59.222 - INFO - message_handler - 📩 收到私聊消息 | user_id:  | 内容：
2026-04-27 16:31:59.226 - INFO - message_handler - 📩 收到私聊消息 | user_id:  | 内容：
2026-04-27 16:32:59.221 - INFO - message_handler - 📩 收到私聊消息 | user_id:  | 内容：
2026-04-27 16:33:59.222 - INFO - message_handler - 📩 收到私聊消息 | user_id:  | 内容：
2026-04-27 16:34:59.222 - INFO - message_handler - 📩 收到私聊消息 | user_id:  | 内容：
2026-04-27 16:35:59.221 - INFO - message_handler - 📩 收到私聊消息 | user_id:  | 内容：
2026-04-27 16:36:59.222 - INFO - message_handler - 📩 收到私聊消息 | user_id:  | 内容：
2026-04-27 16:37:59.233 - INFO - message_handler - 📩 收到私聊消息 | user_id:  | 内容：
2026-04-27 16:38:59.221 - INFO - message_handler - 📩 收到私聊消息 | user_id:  | 内容：
2026-04-27 16:39:59.221 - INFO - message_handler - 📩 收到私聊消息 | user_id:  | 内容：
2026-04-27 16:40:59.221 - INFO - message_handler - 📩 收到私聊消息 | user_id:  | 内容：
2026-04-27 16:41:59.226 - INFO - message_handler - 📩 收到私聊消息 | user_id:  | 内容：
2026-04-27 16:42:59.221 - INFO - message_handler - 📩 收到私聊消息 | user_id:  | 内容：
2026-04-27 16:43:59.221 - INFO - message_handler - 📩 收到私聊消息 | user_id:  | 内容：
2026-04-27 16:44:59.222 - INFO - message_handler - 📩 收到私聊消息 | user_id:  | 内容：
2026-04-27 16:45:59.222 - INFO - message_handler - 📩 收到私聊消息 | user_id:  | 内容：
2026-04-27 16:46:59.221 - INFO - message_handler - 📩 收到私聊消息 | user_id:  | 内容：
2026-04-27 16:47:59.223 - INFO - message_handler - 📩 收到私聊消息 | user_id:  | 内容：
2026-04-27 16:48:59.223 - INFO - message_handler - 📩 收到私聊消息 | user_id:  | 内容：
2026-04-27 16:49:59.224 - INFO - message_handler - 📩 收到私聊消息 | user_id:  | 内容：
2026-04-27 16:50:59.227 - INFO - message_handler - 📩 收到私聊消息 | user_id:  | 内容：
2026-04-27 16:51:59.223 - INFO - message_handler - 📩 收到私聊消息 | user_id:  | 内容：
2026-04-27 16:52:59.225 - INFO - message_handler - 📩 收到私聊消息 | user_id:  | 内容：
2026-04-27 16:53:59.228 - INFO - message_handler - 📩 收到私聊消息 | user_id:  | 内容：
2026-04-27 16:54:59.226 - INFO - message_handler - 📩 收到私聊消息 | user_id:  | 内容：
2026-04-27 16:55:59.227 - INFO - message_handler - 📩 收到私聊消息 | user_id:  | 内容：
2026-04-27 16:56:59.227 - INFO - message_handler - 📩 收到私聊消息 | user_id:  | 内容：
2026-04-27 16:57:59.226 - INFO - message_handler - 📩 收到私聊消息 | user_id:  | 内容：
2026-04-27 16:58:59.232 - INFO - message_handler - 📩 收到私聊消息 | user_id:  | 内容：
2026-04-27 16:59:59.244 - INFO - message_handler - 📩 收到私聊消息 | user_id:  | 内容：
2026-04-27 17:00:59.231 - INFO - message_handler - 📩 收到私聊消息 | user_id:  | 内容：
2026-04-27 17:01:59.229 - INFO - message_handler - 📩 收到私聊消息 | user_id:  | 内容：
2026-04-27 17:02:59.232 - INFO - message_handler - 📩 收到私聊消息 | user_id:  | 内容：
2026-04-27 17:03:59.230 - INFO - message_handler - 📩 收到私聊消息 | user_id:  | 内容：
2026-04-27 17:04:59.232 - INFO - message_handler - 📩 收到私聊消息 | user_id:  | 内容：
2026-04-27 17:05:59.231 - INFO - message_handler - 📩 收到私聊消息 | user_id:  | 内容：
2026-04-27 17:06:59.233 - INFO - message_handler - 📩 收到私聊消息 | user_id:  | 内容：
2026-04-27 17:07:59.230 - INFO - message_handler - 📩 收到私聊消息 | user_id:  | 内容：
2026-04-27 17:08:59.231 - INFO - message_handler - 📩 收到私聊消息 | user_id:  | 内容：
2026-04-27 17:09:59.233 - INFO - message_handler - 📩 收到私聊消息 | user_id:  | 内容：
2026-04-27 17:10:59.231 - INFO - message_handler - 📩 收到私聊消息 | user_id:  | 内容：
2026-04-27 17:11:59.231 - INFO - message_handler - 📩 收到私聊消息 | user_id:  | 内容：
2026-04-27 17:12:59.231 - INFO - message_handler - 📩 收到私聊消息 | user_id:  | 内容：
2026-04-27 17:13:59.231 - INFO - message_handler - 📩 收到私聊消息 | user_id:  | 内容：
2026-04-27 17:14:59.232 - INFO - message_handler - 📩 收到私聊消息 | user_id:  | 内容：
2026-04-27 17:15:59.236 - INFO - message_handler - 📩 收到私聊消息 | user_id:  | 内容：
2026-04-27 17:16:59.232 - INFO - message_handler - 📩 收到私聊消息 | user_id:  | 内容：
2026-04-27 17:17:59.233 - INFO - message_handler - 📩 收到私聊消息 | user_id:  | 内容：
2026-04-27 17:18:59.234 - INFO - message_handler - 📩 收到私聊消息 | user_id:  | 内容：
2026-04-27 17:19:59.235 - INFO - message_handler - 📩 收到私聊消息 | user_id:  | 内容：
2026-04-27 17:20:59.236 - INFO - message_handler - 📩 收到私聊消息 | user_id:  | 内容：
2026-04-27 17:21:59.238 - INFO - message_handler - 📩 收到私聊消息 | user_id:  | 内容：
2026-04-27 17:22:59.238 - INFO - message_handler - 📩 收到私聊消息 | user_id:  | 内容：
2026-04-27 17:23:59.239 - INFO - message_handler - 📩 收到私聊消息 | user_id:  | 内容：
2026-04-27 17:24:59.271 - INFO - message_handler - 📩 收到私聊消息 | user_id:  | 内容：
2026-04-27 17:25:59.240 - INFO - message_handler - 📩 收到私聊消息 | user_id:  | 内容：
2026-04-27 17:26:59.241 - INFO - message_handler - 📩 收到私聊消息 | user_id:  | 内容：
2026-04-27 17:27:59.265 - INFO - message_handler - 📩 收到私聊消息 | user_id:  | 内容：
2026-04-27 17:28:59.241 - INFO - message_handler - 📩 收到私聊消息 | user_id:  | 内容：
2026-04-27 17:29:59.241 - INFO - message_handler - 📩 收到私聊消息 | user_id:  | 内容：
2026-04-27 17:30:59.243 - INFO - message_handler - 📩 收到私聊消息 | user_id:  | 内容：
2026-04-27 17:31:59.242 - INFO - message_handler - 📩 收到私聊消息 | user_id:  | 内容：
2026-04-27 17:32:59.243 - INFO - message_handler - 📩 收到私聊消息 | user_id:  | 内容：
2026-04-27 17:33:59.265 - INFO - message_handler - 📩 收到私聊消息 | user_id:  | 内容：
2026-04-27 17:34:59.242 - INFO - message_handler - 📩 收到私聊消息 | user_id:  | 内容：
2026-04-27 17:35:59.242 - INFO - message_handler - 📩 收到私聊消息 | user_id:  | 内容：
2026-04-27 17:36:59.242 - INFO - message_handler - 📩 收到私聊消息 | user_id:  | 内容：
2026-04-27 17:37:59.242 - INFO - message_handler - 📩 收到私聊消息 | user_id:  | 内容：
2026-04-27 17:38:59.243 - INFO - message_handler - 📩 收到私聊消息 | user_id:  | 内容：
2026-04-27 17:39:59.244 - INFO - message_handler - 📩 收到私聊消息 | user_id:  | 内容：
2026-04-27 17:40:59.243 - INFO - message_handler - 📩 收到私聊消息 | user_id:  | 内容：
2026-04-27 17:41:59.244 - INFO - message_handler - 📩 收到私聊消息 | user_id:  | 内容：
2026-04-27 17:42:59.245 - INFO - message_handler - 📩 收到私聊消息 | user_id:  | 内容：
2026-04-27 17:43:59.245 - INFO - message_handler - 📩 收到私聊消息 | user_id:  | 内容：
2026-04-27 17:44:59.247 - INFO - message_handler - 📩 收到私聊消息 | user_id:  | 内容：
2026-04-27 17:45:59.246 - INFO - message_handler - 📩 收到私聊消息 | user_id:  | 内容：
2026-04-27 17:46:59.250 - INFO - message_handler - 📩 收到私聊消息 | user_id:  | 内容：
2026-04-27 17:47:59.248 - INFO - message_handler - 📩 收到私聊消息 | user_id:  | 内容：
2026-04-27 17:48:59.249 - INFO - message_handler - 📩 收到私聊消息 | user_id:  | 内容：
2026-04-27 17:49:59.249 - INFO - message_handler - 📩 收到私聊消息 | user_id:  | 内容：
2026-04-27 17:50:59.249 - INFO - message_handler - 📩 收到私聊消息 | user_id:  | 内容：
2026-04-27 17:51:59.253 - INFO - message_handler - 📩 收到私聊消息 | user_id:  | 内容：
2026-04-27 17:52:59.250 - INFO - message_handler - 📩 收到私聊消息 | user_id:  | 内容：
2026-04-27 17:53:59.252 - INFO - message_handler - 📩 收到私聊消息 | user_id:  | 内容：
2026-04-27 17:54:59.251 - INFO - message_handler - 📩 收到私聊消息 | user_id:  | 内容：
2026-04-27 17:55:59.255 - INFO - message_handler - 📩 收到私聊消息 | user_id:  | 内容：
2026-04-27 17:56:59.251 - INFO - message_handler - 📩 收到私聊消息 | user_id:  | 内容：
2026-04-27 17:57:59.251 - INFO - message_handler - 📩 收到私聊消息 | user_id:  | 内容：
2026-04-27 17:58:59.252 - INFO - message_handler - 📩 收到私聊消息 | user_id:  | 内容：
2026-04-27 17:59:59.251 - INFO - message_handler - 📩 收到私聊消息 | user_id:  | 内容：
2026-04-27 18:00:59.252 - INFO - message_handler - 📩 收到私聊消息 | user_id:  | 内容：
2026-04-27 18:01:59.252 - INFO - message_handler - 📩 收到私聊消息 | user_id:  | 内容：
2026-04-27 18:02:59.256 - INFO - message_handler - 📩 收到私聊消息 | user_id:  | 内容：
2026-04-27 18:03:59.251 - INFO - message_handler - 📩 收到私聊消息 | user_id:  | 内容：
2026-04-27 18:04:46.490 - INFO - message_handler - 📩 收到群消息 | group_id: 733890551 | user_id: 3181870748 | 内容：zzh在闭关吗
2026-04-27 18:04:59.255 - INFO - message_handler - 📩 收到私聊消息 | user_id:  | 内容：
2026-04-27 18:05:31.795 - INFO - message_handler - 📩 收到群消息 | group_id: 733890551 | user_id: 177471451 | 内容：没
2026-04-27 18:05:43.427 - INFO - message_handler - 📩 收到群消息 | group_id: 733890551 | user_id: 3181870748 | 内容：他也不回我消息
2026-04-27 18:05:52.732 - INFO - message_handler - 📩 收到群消息 | group_id: 733890551 | user_id: 177471451 | 内容：只是更少看 QQ
2026-04-27 18:05:59.253 - INFO - message_handler - 📩 收到私聊消息 | user_id:  | 内容：
2026-04-27 18:06:59.255 - INFO - message_handler - 📩 收到私聊消息 | user_id:  | 内容：
2026-04-27 18:07:41.461 - INFO - message_handler - 📩 收到群消息 | group_id: 733890551 | user_id: 2707835027 | 内容：那个那个
2026-04-27 18:07:52.820 - INFO - message_handler - 📩 收到群消息 | group_id: 733890551 | user_id: 2707835027 | 内容：期中分出完了
2026-04-27 18:07:58.306 - INFO - message_handler - 📩 收到群消息 | group_id: 733890551 | user_id: 2707835027 | 内容：有没有什么跳楼圣地
2026-04-27 18:07:59.254 - INFO - message_handler - 📩 收到私聊消息 | user_id:  | 内容：
2026-04-27 18:08:09.482 - INFO - message_handler - 📩 收到群消息 | group_id: 733890551 | user_id: 177471451 | 内容：东方明珠
2026-04-27 18:08:59.256 - INFO - message_handler - 📩 收到私聊消息 | user_id:  | 内容：
2026-04-27 18:09:00.659 - INFO - message_handler - 📩 收到群消息 | group_id: 733890551 | user_id: 2707835027 | 内容：窗户封死
2026-04-27 18:09:59.256 - INFO - message_handler - 📩 收到私聊消息 | user_id:  | 内容：
2026-04-27 18:10:26.163 - INFO - message_handler - 📩 收到群消息 | group_id: 733890551 | user_id: 177471451 | 内容：学校
2026-04-27 18:10:59.257 - INFO - message_handler - 📩 收到私聊消息 | user_id:  | 内容：
2026-04-27 18:11:25.675 - INFO - message_handler - 📩 收到群消息 | group_id: 733890551 | user_id: 177471451 | 内容：小鱼鱼
2026-04-27 18:11:38.897 - INFO - message_handler - 📩 收到群消息 | group_id: 733890551 | user_id: 177471451 | 内容：我体育考的好差
2026-04-27 18:11:59.256 - INFO - message_handler - 📩 收到私聊消息 | user_id:  | 内容：
2026-04-27 18:12:59.256 - INFO - message_handler - 📩 收到私聊消息 | user_id:  | 内容：
WARNING:  Invalid HTTP request received.
2026-04-27 18:13:59.257 - INFO - message_handler - 📩 收到私聊消息 | user_id:  | 内容：
2026-04-27 18:14:59.258 - INFO - message_handler - 📩 收到私聊消息 | user_id:  | 内容：
2026-04-27 18:15:59.264 - INFO - message_handler - 📩 收到私聊消息 | user_id:  | 内容：
2026-04-27 18:16:59.257 - INFO - message_handler - 📩 收到私聊消息 | user_id:  | 内容：
2026-04-27 18:17:59.257 - INFO - message_handler - 📩 收到私聊消息 | user_id:  | 内容：
2026-04-27 18:18:09.670 - INFO - message_handler - 📩 收到群消息 | group_id: 733890551 | user_id: 2707835027 | 内容：截肢
2026-04-27 18:18:59.258 - INFO - message_handler - 📩 收到私聊消息 | user_id:  | 内容：
2026-04-27 18:19:59.258 - INFO - message_handler - 📩 收到私聊消息 | user_id:  | 内容：
2026-04-27 18:20:59.260 - INFO - message_handler - 📩 收到私聊消息 | user_id:  | 内容：
2026-04-27 18:21:59.261 - INFO - message_handler - 📩 收到私聊消息 | user_id:  | 内容：
2026-04-27 18:22:59.263 - INFO - message_handler - 📩 收到私聊消息 | user_id:  | 内容：
2026-04-27 18:23:59.261 - INFO - message_handler - 📩 收到私聊消息 | user_id:  | 内容：
2026-04-27 18:24:59.335 - INFO - message_handler - 📩 收到私聊消息 | user_id:  | 内容：
2026-04-27 18:25:59.263 - INFO - message_handler - 📩 收到私聊消息 | user_id:  | 内容：
2026-04-27 18:26:59.260 - INFO - message_handler - 📩 收到私聊消息 | user_id:  | 内容：
2026-04-27 18:27:59.261 - INFO - message_handler - 📩 收到私聊消息 | user_id:  | 内容：
2026-04-27 18:28:59.261 - INFO - message_handler - 📩 收到私聊消息 | user_id:  | 内容：
2026-04-27 18:29:59.268 - INFO - message_handler - 📩 收到私聊消息 | user_id:  | 内容：
2026-04-27 18:30:59.262 - INFO - message_handler - 📩 收到私聊消息 | user_id:  | 内容：
2026-04-27 18:31:02.951 - INFO - message_handler - 📩 收到群消息 | group_id: 967883781 | user_id: 3275298970 | 内容：[CQ:at,qq=2707835027,name=&#91; 啥事都可找 &#93; Goldfi
2026-04-27 18:31:59.262 - INFO - message_handler - 📩 收到私聊消息 | user_id:  | 内容：
2026-04-27 18:32:59.268 - INFO - message_handler - 📩 收到私聊消息 | user_id:  | 内容：
2026-04-27 18:33:30.184 - INFO - message_handler - 📩 收到群消息 | group_id: 733890551 | user_id: 2029626166 | 内容：[CQ:image,file=1CBBDE660BF826D0271BEA007CC51908.jp
2026-04-27 18:33:52.372 - INFO - message_handler - 📩 收到群消息 | group_id: 967883781 | user_id: 2707835027 | 内容：[CQ:reply,id=-742510213][CQ:at,qq=3275298970,name=
2026-04-27 18:33:54.400 - INFO - message_handler - 📩 收到群消息 | group_id: 967883781 | user_id: 2707835027 | 内容：[CQ:face,id=318,sub_type=2]
2026-04-27 18:33:59.263 - INFO - message_handler - 📩 收到私聊消息 | user_id:  | 内容：
2026-04-27 18:34:59.265 - INFO - message_handler - 📩 收到私聊消息 | user_id:  | 内容：
2026-04-27 18:35:59.264 - INFO - message_handler - 📩 收到私聊消息 | user_id:  | 内容：
2026-04-27 18:36:59.264 - INFO - message_handler - 📩 收到私聊消息 | user_id:  | 内容：
2026-04-27 18:37:27.800 - INFO - message_handler - 📩 收到群消息 | group_id: 733890551 | user_id: 2029626166 | 内容：闲了一下午结果晚上还一节课😡
2026-04-27 18:37:59.266 - INFO - message_handler - 📩 收到私聊消息 | user_id:  | 内容：
2026-04-27 18:38:59.266 - INFO - message_handler - 📩 收到私聊消息 | user_id:  | 内容：
2026-04-27 18:39:59.271 - INFO - message_handler - 📩 收到私聊消息 | user_id:  | 内容：
2026-04-27 18:40:59.266 - INFO - message_handler - 📩 收到私聊消息 | user_id:  | 内容：
2026-04-27 18:41:59.266 - INFO - message_handler - 📩 收到私聊消息 | user_id:  | 内容：
2026-04-27 18:42:59.283 - INFO - message_handler - 📩 收到私聊消息 | user_id:  | 内容：
2026-04-27 18:43:59.268 - INFO - message_handler - 📩 收到私聊消息 | user_id:  | 内容：
2026-04-27 18:44:59.268 - INFO - message_handler - 📩 收到私聊消息 | user_id:  | 内容：
2026-04-27 18:45:59.267 - INFO - message_handler - 📩 收到私聊消息 | user_id:  | 内容：
2026-04-27 18:46:59.269 - INFO - message_handler - 📩 收到私聊消息 | user_id:  | 内容：
2026-04-27 18:47:59.267 - INFO - message_handler - 📩 收到私聊消息 | user_id:  | 内容：
2026-04-27 18:48:59.268 - INFO - message_handler - 📩 收到私聊消息 | user_id:  | 内容：
2026-04-27 18:49:59.270 - INFO - message_handler - 📩 收到私聊消息 | user_id:  | 内容：
2026-04-27 18:50:59.269 - INFO - message_handler - 📩 收到私聊消息 | user_id:  | 内容：
2026-04-27 18:51:59.302 - INFO - message_handler - 📩 收到私聊消息 | user_id:  | 内容：
2026-04-27 18:52:59.286 - INFO - message_handler - 📩 收到私聊消息 | user_id:  | 内容：
2026-04-27 18:53:59.271 - INFO - message_handler - 📩 收到私聊消息 | user_id:  | 内容：
2026-04-27 18:54:59.272 - INFO - message_handler - 📩 收到私聊消息 | user_id:  | 内容：
2026-04-27 18:55:59.271 - INFO - message_handler - 📩 收到私聊消息 | user_id:  | 内容：
2026-04-27 18:56:59.275 - INFO - message_handler - 📩 收到私聊消息 | user_id:  | 内容：
2026-04-27 18:57:59.272 - INFO - message_handler - 📩 收到私聊消息 | user_id:  | 内容：
2026-04-27 18:58:59.274 - INFO - message_handler - 📩 收到私聊消息 | user_id:  | 内容：
2026-04-27 18:59:59.273 - INFO - message_handler - 📩 收到私聊消息 | user_id:  | 内容：
2026-04-27 19:00:59.283 - INFO - message_handler - 📩 收到私聊消息 | user_id:  | 内容：
2026-04-27 19:01:59.272 - INFO - message_handler - 📩 收到私聊消息 | user_id:  | 内容：
2026-04-27 19:02:59.272 - INFO - message_handler - 📩 收到私聊消息 | user_id:  | 内容：
2026-04-27 19:03:59.273 - INFO - message_handler - 📩 收到私聊消息 | user_id:  | 内容：
2026-04-27 19:04:59.273 - INFO - message_handler - 📩 收到私聊消息 | user_id:  | 内容：
2026-04-27 19:05:59.272 - INFO - message_handler - 📩 收到私聊消息 | user_id:  | 内容：
2026-04-27 19:06:59.273 - INFO - message_handler - 📩 收到私聊消息 | user_id:  | 内容：
2026-04-27 19:07:59.274 - INFO - message_handler - 📩 收到私聊消息 | user_id:  | 内容：
2026-04-27 19:08:59.294 - INFO - message_handler - 📩 收到私聊消息 | user_id:  | 内容：
2026-04-27 19:09:59.273 - INFO - message_handler - 📩 收到私聊消息 | user_id:  | 内容：
2026-04-27 19:10:59.275 - INFO - message_handler - 📩 收到私聊消息 | user_id:  | 内容：
2026-04-27 19:11:59.276 - INFO - message_handler - 📩 收到私聊消息 | user_id:  | 内容：
2026-04-27 19:12:59.277 - INFO - message_handler - 📩 收到私聊消息 | user_id:  | 内容：
2026-04-27 19:13:09.176 - INFO - message_handler - 📩 收到群消息 | group_id: 733890551 | user_id: 2707835027 | 内容：[CQ:image,file=FEC1F4DE9FEE40430EDEB04FD0DAEB92.jp
2026-04-27 19:13:59.277 - INFO - message_handler - 📩 收到私聊消息 | user_id:  | 内容：
2026-04-27 19:14:59.277 - INFO - message_handler - 📩 收到私聊消息 | user_id:  | 内容：
2026-04-27 19:15:59.279 - INFO - message_handler - 📩 收到私聊消息 | user_id:  | 内容：
2026-04-27 19:16:59.278 - INFO - message_handler - 📩 收到私聊消息 | user_id:  | 内容：
2026-04-27 19:17:59.280 - INFO - message_handler - 📩 收到私聊消息 | user_id:  | 内容：
2026-04-27 19:18:59.278 - INFO - message_handler - 📩 收到私聊消息 | user_id:  | 内容：
2026-04-27 19:19:59.282 - INFO - message_handler - 📩 收到私聊消息 | user_id:  | 内容：
2026-04-27 19:20:59.284 - INFO - message_handler - 📩 收到私聊消息 | user_id:  | 内容：
2026-04-27 19:21:59.279 - INFO - message_handler - 📩 收到私聊消息 | user_id:  | 内容：
2026-04-27 19:22:59.281 - INFO - message_handler - 📩 收到私聊消息 | user_id:  | 内容：
2026-04-27 19:23:59.283 - INFO - message_handler - 📩 收到私聊消息 | user_id:  | 内容：
2026-04-27 19:24:59.280 - INFO - message_handler - 📩 收到私聊消息 | user_id:  | 内容：
2026-04-27 19:25:59.282 - INFO - message_handler - 📩 收到私聊消息 | user_id:  | 内容：
2026-04-27 19:26:59.299 - INFO - message_handler - 📩 收到私聊消息 | user_id:  | 内容：
2026-04-27 19:27:59.287 - INFO - message_handler - 📩 收到私聊消息 | user_id:  | 内容：
2026-04-27 19:28:59.284 - INFO - message_handler - 📩 收到私聊消息 | user_id:  | 内容：
2026-04-27 19:29:59.283 - INFO - message_handler - 📩 收到私聊消息 | user_id:  | 内容：
2026-04-27 19:30:59.284 - INFO - message_handler - 📩 收到私聊消息 | user_id:  | 内容：
2026-04-27 19:31:59.284 - INFO - message_handler - 📩 收到私聊消息 | user_id:  | 内容：
2026-04-27 19:32:59.285 - INFO - message_handler - 📩 收到私聊消息 | user_id:  | 内容：
2026-04-27 19:33:59.285 - INFO - message_handler - 📩 收到私聊消息 | user_id:  | 内容：
2026-04-27 19:34:59.284 - INFO - message_handler - 📩 收到私聊消息 | user_id:  | 内容：
2026-04-27 19:35:59.285 - INFO - message_handler - 📩 收到私聊消息 | user_id:  | 内容：
2026-04-27 19:36:59.285 - INFO - message_handler - 📩 收到私聊消息 | user_id:  | 内容：
2026-04-27 19:37:59.284 - INFO - message_handler - 📩 收到私聊消息 | user_id:  | 内容：
2026-04-27 19:38:59.284 - INFO - message_handler - 📩 收到私聊消息 | user_id:  | 内容：
2026-04-27 19:39:59.285 - INFO - message_handler - 📩 收到私聊消息 | user_id:  | 内容：
2026-04-27 19:40:59.285 - INFO - message_handler - 📩 收到私聊消息 | user_id:  | 内容：
2026-04-27 19:41:59.285 - INFO - message_handler - 📩 收到私聊消息 | user_id:  | 内容：
2026-04-27 19:42:59.284 - INFO - message_handler - 📩 收到私聊消息 | user_id:  | 内容：
2026-04-27 19:43:59.285 - INFO - message_handler - 📩 收到私聊消息 | user_id:  | 内容：
2026-04-27 19:44:59.286 - INFO - message_handler - 📩 收到私聊消息 | user_id:  | 内容：
2026-04-27 19:45:59.308 - INFO - message_handler - 📩 收到私聊消息 | user_id:  | 内容：
2026-04-27 19:46:59.285 - INFO - message_handler - 📩 收到私聊消息 | user_id:  | 内容：
2026-04-27 19:47:59.287 - INFO - message_handler - 📩 收到私聊消息 | user_id:  | 内容：
2026-04-27 19:48:59.286 - INFO - message_handler - 📩 收到私聊消息 | user_id:  | 内容：
2026-04-27 19:49:19.789 - INFO - message_handler - 📩 收到群消息 | group_id: 967883781 | user_id: 3275298970 | 内容：/s
2026-04-27 19:49:19.798 - INFO - message_handler - 🔍 收到状态查询命令 | group_id: 967883781
2026-04-27 19:49:19.800 - INFO - message_handler - 🚀 开始任务：/status 命令处理 (group: 967883781)
2026-04-27 19:49:19.803 - INFO - message_handler - ⏱️ [1/5] 获取监控器实例 | 耗时：1.93ms
2026-04-27 19:49:19.803 - INFO - message_handler - ⏱️ [2/5] 从缓存读取服务器数据 | 耗时：1.16ms
2026-04-27 19:49:19.804 - INFO - message_handler - ⏱️ [3/5] 生成状态卡片图片 | 耗时：0.67ms
2026-04-27 19:49:20.513 - INFO - image_generator - 🖼️ 状态卡片生成完成 | 尺寸: (800, 772) | 大小: 89.2KB | 耗时: (see StepTimer)
2026-04-27 19:49:20.515 - INFO - message_handler - ⏱️ [4/5] 发送图片到群聊 | 耗时：711.09ms
2026-04-27 19:49:23.165 - INFO - message_sender - ✅ 群图片发送完成 | group: 967883781 | status_code: 200
2026-04-27 19:49:23.165 - INFO - message_handler - ⏱️ [5/5] 发送完成 | 耗时：2650.21ms
2026-04-27 19:49:23.166 - INFO - message_handler - 📊 任务完成：/status 命令处理 (group: 967883781) | 总耗时：3365.71ms | 总玩家：0 | 服务器数：4
2026-04-27 19:49:59.288 - INFO - message_handler - 📩 收到私聊消息 | user_id:  | 内容：
2026-04-27 19:50:59.288 - INFO - message_handler - 📩 收到私聊消息 | user_id:  | 内容：
2026-04-27 19:51:59.287 - INFO - message_handler - 📩 收到私聊消息 | user_id:  | 内容：
2026-04-27 19:52:59.290 - INFO - message_handler - 📩 收到私聊消息 | user_id:  | 内容：
2026-04-27 19:53:59.290 - INFO - message_handler - 📩 收到私聊消息 | user_id:  | 内容：
2026-04-27 19:54:59.290 - INFO - message_handler - 📩 收到私聊消息 | user_id:  | 内容：
2026-04-27 19:55:59.291 - INFO - message_handler - 📩 收到私聊消息 | user_id:  | 内容：
2026-04-27 19:56:59.292 - INFO - message_handler - 📩 收到私聊消息 | user_id:  | 内容：
2026-04-27 19:57:59.292 - INFO - message_handler - 📩 收到私聊消息 | user_id:  | 内容：
2026-04-27 19:58:59.293 - INFO - message_handler - 📩 收到私聊消息 | user_id:  | 内容：
2026-04-27 19:59:59.294 - INFO - message_handler - 📩 收到私聊消息 | user_id:  | 内容：
2026-04-27 20:00:59.295 - INFO - message_handler - 📩 收到私聊消息 | user_id:  | 内容：
2026-04-27 20:01:59.295 - INFO - message_handler - 📩 收到私聊消息 | user_id:  | 内容：
2026-04-27 20:02:59.296 - INFO - message_handler - 📩 收到私聊消息 | user_id:  | 内容：
2026-04-27 20:03:59.296 - INFO - message_handler - 📩 收到私聊消息 | user_id:  | 内容：
2026-04-27 20:04:59.296 - INFO - message_handler - 📩 收到私聊消息 | user_id:  | 内容：
2026-04-27 20:05:59.297 - INFO - message_handler - 📩 收到私聊消息 | user_id:  | 内容：
2026-04-27 20:06:59.296 - INFO - message_handler - 📩 收到私聊消息 | user_id:  | 内容：
2026-04-27 20:07:59.296 - INFO - message_handler - 📩 收到私聊消息 | user_id:  | 内容：
2026-04-27 20:08:59.296 - INFO - message_handler - 📩 收到私聊消息 | user_id:  | 内容：
2026-04-27 20:09:59.296 - INFO - message_handler - 📩 收到私聊消息 | user_id:  | 内容：
2026-04-27 20:10:19.918 - INFO - server_monitor - 📈 2026-04-27 最高在线：0 → 1人
2026-04-27 20:10:59.298 - INFO - message_handler - 📩 收到私聊消息 | user_id:  | 内容：
2026-04-27 20:11:59.298 - INFO - message_handler - 📩 收到私聊消息 | user_id:  | 内容：
2026-04-27 20:12:59.299 - INFO - message_handler - 📩 收到私聊消息 | user_id:  | 内容：
2026-04-27 20:13:59.299 - INFO - message_handler - 📩 收到私聊消息 | user_id:  | 内容：
2026-04-27 20:14:59.300 - INFO - message_handler - 📩 收到私聊消息 | user_id:  | 内容：
2026-04-27 20:15:59.302 - INFO - message_handler - 📩 收到私聊消息 | user_id:  | 内容：
2026-04-27 20:16:59.307 - INFO - message_handler - 📩 收到私聊消息 | user_id:  | 内容：
2026-04-27 20:17:59.302 - INFO - message_handler - 📩 收到私聊消息 | user_id:  | 内容：
2026-04-27 20:18:59.304 - INFO - message_handler - 📩 收到私聊消息 | user_id:  | 内容：
2026-04-27 20:19:59.305 - INFO - message_handler - 📩 收到私聊消息 | user_id:  | 内容：
2026-04-27 20:20:06.777 - INFO - message_handler - 📩 收到群消息 | group_id: 733890551 | user_id: 2029626166 | 内容：葱油拌面是上海的？
2026-04-27 20:20:12.889 - INFO - message_handler - 📩 收到群消息 | group_id: 733890551 | user_id: 2029626166 | 内容：🤔
2026-04-27 20:20:59.306 - INFO - message_handler - 📩 收到私聊消息 | user_id:  | 内容：
2026-04-27 20:21:59.307 - INFO - message_handler - 📩 收到私聊消息 | user_id:  | 内容：
2026-04-27 20:22:59.308 - INFO - message_handler - 📩 收到私聊消息 | user_id:  | 内容：
2026-04-27 20:23:09.141 - INFO - message_handler - 📩 收到群消息 | group_id: 733890551 | user_id: 2079390238 | 内容：我们学校的栏杆比我高
2026-04-27 20:23:59.307 - INFO - message_handler - 📩 收到私聊消息 | user_id:  | 内容：
2026-04-27 20:24:59.307 - INFO - message_handler - 📩 收到私聊消息 | user_id:  | 内容：
2026-04-27 20:25:59.307 - INFO - message_handler - 📩 收到私聊消息 | user_id:  | 内容：
2026-04-27 20:26:59.309 - INFO - message_handler - 📩 收到私聊消息 | user_id:  | 内容：
2026-04-27 20:27:59.308 - INFO - message_handler - 📩 收到私聊消息 | user_id:  | 内容：
2026-04-27 20:28:59.308 - INFO - message_handler - 📩 收到私聊消息 | user_id:  | 内容：
2026-04-27 20:29:07.822 - INFO - message_handler - 📩 收到群消息 | group_id: 733890551 | user_id: 2079390238 | 内容：[CQ:reply,id=788843773][CQ:at,qq=177471451,name=Ro
2026-04-27 20:29:21.529 - INFO - message_handler - 📩 收到群消息 | group_id: 733890551 | user_id: 2079390238 | 内容：[CQ:at,qq=2029626166,name=未回复请@] 来预约一下
2026-04-27 20:29:49.390 - INFO - message_handler - 📩 收到群消息 | group_id: 733890551 | user_id: 2029626166 | 内容：我只给杂鱼预约😋
2026-04-27 20:29:59.308 - INFO - message_handler - 📩 收到私聊消息 | user_id:  | 内容：
2026-04-27 20:30:59.308 - INFO - message_handler - 📩 收到私聊消息 | user_id:  | 内容：
2026-04-27 20:31:59.308 - INFO - message_handler - 📩 收到私聊消息 | user_id:  | 内容：
2026-04-27 20:32:59.308 - INFO - message_handler - 📩 收到私聊消息 | user_id:  | 内容：
2026-04-27 20:33:59.308 - INFO - message_handler - 📩 收到私聊消息 | user_id:  | 内容：
2026-04-27 20:34:29.058 - INFO - server_monitor - 📈 2026-04-27 最高在线：1 → 2人
2026-04-27 20:34:59.308 - INFO - message_handler - 📩 收到私聊消息 | user_id:  | 内容：
2026-04-27 20:35:59.310 - INFO - message_handler - 📩 收到私聊消息 | user_id:  | 内容：
2026-04-27 20:36:59.310 - INFO - message_handler - 📩 收到私聊消息 | user_id:  | 内容：
2026-04-27 20:37:59.311 - INFO - message_handler - 📩 收到私聊消息 | user_id:  | 内容：
2026-04-27 20:38:59.312 - INFO - message_handler - 📩 收到私聊消息 | user_id:  | 内容：
2026-04-27 20:39:59.313 - INFO - message_handler - 📩 收到私聊消息 | user_id:  | 内容：
2026-04-27 20:40:59.314 - INFO - message_handler - 📩 收到私聊消息 | user_id:  | 内容：
2026-04-27 20:41:59.315 - INFO - message_handler - 📩 收到私聊消息 | user_id:  | 内容：
2026-04-27 20:42:59.315 - INFO - message_handler - 📩 收到私聊消息 | user_id:  | 内容：
2026-04-27 20:43:59.315 - INFO - message_handler - 📩 收到私聊消息 | user_id:  | 内容：
2026-04-27 20:44:59.316 - INFO - message_handler - 📩 收到私聊消息 | user_id:  | 内容：
2026-04-27 20:45:59.316 - INFO - message_handler - 📩 收到私聊消息 | user_id:  | 内容：
2026-04-27 20:46:59.317 - INFO - message_handler - 📩 收到私聊消息 | user_id:  | 内容：
2026-04-27 20:47:59.317 - INFO - message_handler - 📩 收到私聊消息 | user_id:  | 内容：
2026-04-27 20:48:59.317 - INFO - message_handler - 📩 收到私聊消息 | user_id:  | 内容：
2026-04-27 20:49:59.332 - INFO - message_handler - 📩 收到私聊消息 | user_id:  | 内容：
2026-04-27 20:50:59.319 - INFO - message_handler - 📩 收到私聊消息 | user_id:  | 内容：
2026-04-27 20:51:59.319 - INFO - message_handler - 📩 收到私聊消息 | user_id:  | 内容：
2026-04-27 20:52:59.319 - INFO - message_handler - 📩 收到私聊消息 | user_id:  | 内容：
2026-04-27 20:53:59.320 - INFO - message_handler - 📩 收到私聊消息 | user_id:  | 内容：
2026-04-27 20:54:59.320 - INFO - message_handler - 📩 收到私聊消息 | user_id:  | 内容：
2026-04-27 20:55:59.345 - INFO - message_handler - 📩 收到私聊消息 | user_id:  | 内容：
2026-04-27 20:56:59.321 - INFO - message_handler - 📩 收到私聊消息 | user_id:  | 内容：
2026-04-27 20:57:59.321 - INFO - message_handler - 📩 收到私聊消息 | user_id:  | 内容：
2026-04-27 20:58:59.324 - INFO - message_handler - 📩 收到私聊消息 | user_id:  | 内容：
2026-04-27 20:59:59.322 - INFO - message_handler - 📩 收到私聊消息 | user_id:  | 内容：
2026-04-27 21:00:59.321 - INFO - message_handler - 📩 收到私聊消息 | user_id:  | 内容：
2026-04-27 21:01:59.322 - INFO - message_handler - 📩 收到私聊消息 | user_id:  | 内容：
2026-04-27 21:02:59.323 - INFO - message_handler - 📩 收到私聊消息 | user_id:  | 内容：
2026-04-27 21:03:59.324 - INFO - message_handler - 📩 收到私聊消息 | user_id:  | 内容：
2026-04-27 21:04:59.325 - INFO - message_handler - 📩 收到私聊消息 | user_id:  | 内容：
2026-04-27 21:05:59.326 - INFO - message_handler - 📩 收到私聊消息 | user_id:  | 内容：
2026-04-27 21:06:59.325 - INFO - message_handler - 📩 收到私聊消息 | user_id:  | 内容：
2026-04-27 21:07:59.326 - INFO - message_handler - 📩 收到私聊消息 | user_id:  | 内容：
2026-04-27 21:08:59.330 - INFO - message_handler - 📩 收到私聊消息 | user_id:  | 内容：
2026-04-27 21:09:59.327 - INFO - message_handler - 📩 收到私聊消息 | user_id:  | 内容：
2026-04-27 21:10:43.984 - INFO - message_handler - 📩 收到群消息 | group_id: 967883781 | user_id: 3181870748 | 内容：兄弟们 皮肤站更新服务器啦
2026-04-27 21:10:59.329 - INFO - message_handler - 📩 收到私聊消息 | user_id:  | 内容：
2026-04-27 21:11:59.330 - INFO - message_handler - 📩 收到私聊消息 | user_id:  | 内容：
2026-04-27 21:12:59.330 - INFO - message_handler - 📩 收到私聊消息 | user_id:  | 内容：
2026-04-27 21:13:59.331 - INFO - message_handler - 📩 收到私聊消息 | user_id:  | 内容：
2026-04-27 21:14:59.331 - INFO - message_handler - 📩 收到私聊消息 | user_id:  | 内容：
2026-04-27 21:15:59.331 - INFO - message_handler - 📩 收到私聊消息 | user_id:  | 内容：
2026-04-27 21:16:59.332 - INFO - message_handler - 📩 收到私聊消息 | user_id:  | 内容：
2026-04-27 21:17:59.332 - INFO - message_handler - 📩 收到私聊消息 | user_id:  | 内容：
2026-04-27 21:18:59.331 - INFO - message_handler - 📩 收到私聊消息 | user_id:  | 内容：
2026-04-27 21:19:59.331 - INFO - message_handler - 📩 收到私聊消息 | user_id:  | 内容：
2026-04-27 21:20:59.331 - INFO - message_handler - 📩 收到私聊消息 | user_id:  | 内容：
2026-04-27 21:21:59.332 - INFO - message_handler - 📩 收到私聊消息 | user_id:  | 内容：
2026-04-27 21:22:59.332 - INFO - message_handler - 📩 收到私聊消息 | user_id:  | 内容：
2026-04-27 21:23:59.343 - INFO - message_handler - 📩 收到私聊消息 | user_id:  | 内容：
2026-04-27 21:24:59.333 - INFO - message_handler - 📩 收到私聊消息 | user_id:  | 内容：
2026-04-27 21:25:59.333 - INFO - message_handler - 📩 收到私聊消息 | user_id:  | 内容：
2026-04-27 21:26:59.335 - INFO - message_handler - 📩 收到私聊消息 | user_id:  | 内容：
2026-04-27 21:27:59.334 - INFO - message_handler - 📩 收到私聊消息 | user_id:  | 内容：
2026-04-27 21:28:59.395 - INFO - message_handler - 📩 收到私聊消息 | user_id:  | 内容：
2026-04-27 21:29:59.339 - INFO - message_handler - 📩 收到私聊消息 | user_id:  | 内容：
2026-04-27 21:38:06.462 - WARNING - api_client - ❌ 服务器 ef7c08f2d6ca41f2a465631a064b47e5 重试5次后仍失败 | TimeoutError: 
